0.000000;0.000000
0.000018;0.150916
0.000035;0.376351
0.000053;0.555093
0.000070;0.613804
0.000088;0.533094
0.000105;0.353451
0.000123;0.162581
0.000140;0.066193
0.000158;0.151199
0.000176;0.453463
0.000193;0.941186
0.000211;1.520275
0.000228;2.060958
0.000246;2.437894
0.000263;2.571217
0.000281;2.455176
0.000298;2.164428
0.000316;1.834883
0.000333;1.624024
0.000351;1.662395
0.000369;2.011264
0.000386;2.640080
0.000404;3.431672
0.000421;4.214688
0.000439;4.814224
0.000456;5.105589
0.000474;5.054628
0.000491;4.731606
0.000509;4.293467
0.000527;3.938824
0.000544;3.848652
0.000562;4.130435
0.000579;4.782997
0.000597;5.693425
0.000614;6.667981
0.000632;7.488533
0.000649;7.978008
0.000667;8.055197
0.000684;7.761911
0.000702;7.253546
0.000720;6.754971
0.000737;6.494259
0.000755;6.633849
0.000772;7.219891
0.000790;8.165574
0.000807;9.274230
0.000825;10.296120
0.000842;11.002472
0.000860;11.254795
0.000878;11.048418
0.000895;10.516614
0.000913;9.893270
0.000930;9.444532
0.000948;9.389409
0.000965;9.833055
0.000983;10.733038
0.001000;11.909336
0.001018;13.095874
0.001035;14.018797
0.001053;14.478472
0.001071;14.410576
0.001088;13.907637
0.001106;13.193863
0.001123;12.560054
0.001141;12.277519
0.001158;12.516478
0.001176;13.293464
0.001193;14.464031
0.001211;15.763516
0.001229;16.884464
0.001246;17.567982
0.001264;17.681868
0.001281;17.261925
0.001299;16.503601
0.001316;15.705686
0.001334;15.182370
0.001351;15.169480
0.001369;15.752926
0.001386;16.841026
0.001404;18.189592
0.001422;19.472937
0.001439;20.380089
0.001457;20.707897
0.001474;20.422979
0.001492;19.673738
0.001509;18.748203
0.001527;17.989645
0.001544;17.694723
0.001562;18.024343
0.001580;18.954062
0.001597;20.279253
0.001615;21.674137
0.001632;22.787645
0.001650;23.347870
0.001667;23.244030
0.001685;22.561226
0.001702;21.557108
0.001720;20.586809
0.001737;19.998007
0.001755;20.027136
0.001773;20.727726
0.001790;21.952572
0.001808;23.395613
0.001825;24.681589
0.001843;25.477236
0.001860;25.591015
0.001878;25.031553
0.001895;24.006952
0.001913;22.864628
0.001931;21.989025
0.001948;21.687399
0.001966;22.097500
0.001983;23.144981
0.002001;24.563639
0.002018;25.972986
0.002036;26.990601
0.002053;27.346012
0.002071;26.962248
0.002088;25.980398
0.002106;24.719440
0.002124;23.582705
0.002141;22.938457
0.002159;23.009899
0.002176;23.807486
0.002194;25.124058
0.002211;26.594755
0.002229;27.804384
0.002246;28.410627
0.002264;28.246536
0.002282;27.371609
0.002299;26.055819
0.002317;24.700871
0.002334;23.721605
0.002352;23.422594
0.002369;23.906635
0.002387;25.042633
0.002404;26.502851
0.002422;27.859024
0.002439;28.709051
0.002457;28.796873
0.002475;28.089724
0.002492;26.789469
0.002510;25.274208
0.002527;23.986998
0.002545;23.304455
0.002562;23.424229
0.002580;24.304932
0.002597;25.676809
0.002615;27.120441
0.002633;28.190493
0.002650;28.548050
0.002668;28.062147
0.002685;26.850115
0.002703;25.244312
0.002720;23.694672
0.002738;22.635614
0.002755;22.356720
0.002773;22.915663
0.002790;24.119568
0.002808;25.580774
0.002826;26.830935
0.002843;27.459778
0.002861;27.237516
0.002878;26.184307
0.002896;24.565790
0.002913;22.815603
0.002931;21.407444
0.002948;20.714439
0.002966;20.897591
0.002984;21.856630
0.003001;23.258287
0.003019;24.634012
0.003036;25.518515
0.003054;25.588142
0.003071;24.757942
0.003089;23.208290
0.003106;21.332821
0.003124;19.622581
0.003141;18.520622
0.003159;18.290001
0.003177;18.934576
0.003194;20.196405
0.003212;21.631023
0.003229;22.738506
0.003247;23.111830
0.003264;22.558374
0.003282;21.158346
0.003299;19.242443
0.003317;17.294886
0.003335;15.810330
0.003352;15.146885
0.003370;15.418975
0.003387;16.462042
0.003405;17.880026
0.003422;19.161886
0.003440;19.832909
0.003457;19.596008
0.003475;18.420946
0.003492;16.554693
0.003510;14.449446
0.003528;12.629297
0.003545;11.534845
0.003563;11.391855
0.003580;12.143116
0.003598;13.464054
0.003615;14.857899
0.003633;15.802472
0.003650;15.905266
0.003668;15.020717
0.003686;13.294682
0.003703;11.122512
0.003721;9.032786
0.003738;7.530895
0.003756;6.948787
0.003773;7.345529
0.003791;8.488498
0.003808;9.921162
0.003826;11.097701
0.003843;11.544799
0.003861;11.002619
0.003879;9.503015
0.003896;7.361416
0.003914;5.084420
0.003931;3.220172
0.003949;2.195717
0.003966;2.189608
0.003984;3.077776
0.004001;4.469069
0.004019;5.820296
0.004037;6.596958
0.004054;6.432097
0.004072;5.236068
0.004089;3.224394
0.004107;0.855095
0.004124;-1.306313
0.004142;-2.754318
0.004159;-3.193812
0.004177;-2.628623
0.004194;-1.361616
0.004212;0.094032
0.004230;1.166422
0.004247;1.394583
0.004265;0.565893
0.004282;-1.219710
0.004300;-3.578094
0.004317;-5.953836
0.004335;-7.784469
0.004352;-8.667491
0.004370;-8.480541
0.004388;-7.418849
0.004405;-5.938497
0.004423;-4.621977
0.004440;-4.005670
0.004458;-4.420311
0.004475;-5.891928
0.004493;-8.132869
0.004510;-10.625979
0.004528;-12.777263
0.004545;-14.091966
0.004563;-14.321871
0.004581;-13.539943
0.004598;-12.119874
0.004616;-10.626218
0.004633;-9.647439
0.004651;-9.621217
0.004668;-10.703853
0.004686;-12.722766
0.004703;-15.226472
0.004721;-17.617582
0.004739;-19.329634
0.004756;-19.995388
0.004774;-19.556610
0.004791;-18.282463
0.004809;-16.690760
0.004826;-15.395083
0.004844;-14.922912
0.004861;-15.558619
0.004879;-17.258139
0.004896;-19.660820
0.004914;-22.195349
0.004932;-24.248608
0.004949;-25.347567
0.004967;-25.300190
0.004984;-24.253448
0.005002;-22.650845
0.005019;-21.101736
0.005037;-20.200974
0.005054;-20.352175
0.005072;-21.647194
0.005090;-23.837738
0.005107;-26.407867
0.005125;-28.726250
0.005142;-30.233166
0.005160;-30.606934
0.005177;-29.860199
0.005195;-28.337286
0.005212;-26.613075
0.005230;-25.323071
0.005247;-24.974892
0.005265;-25.797104
0.005283;-27.670395
0.005300;-30.161802
0.005318;-32.652199
0.005335;-34.519459
0.005353;-35.323105
0.005370;-34.935684
0.005388;-33.581596
0.005405;-31.771593
0.005423;-30.152067
0.005441;-29.313560
0.005458;-29.615234
0.005476;-31.077477
0.005493;-33.374722
0.005511;-35.930973
0.005528;-38.089981
0.005546;-39.309761
0.005563;-39.323864
0.005581;-38.221294
0.005598;-36.421219
0.005616;-34.549526
0.005634;-33.253670
0.005651;-33.010490
0.005669;-33.984123
0.005686;-35.976261
0.005704;-38.483891
0.005721;-40.847649
0.005739;-42.447033
0.005756;-42.884727
0.005774;-42.105190
0.005792;-40.412174
0.005809;-38.379612
0.005827;-36.682098
0.005844;-35.894871
0.005862;-36.322769
0.005879;-37.908913
0.005897;-40.250462
0.005914;-42.717167
0.005932;-44.637730
0.005949;-45.498943
0.005967;-45.098488
0.005985;-43.605858
0.006002;-41.513172
0.006020;-39.489998
0.006037;-38.185135
0.006055;-38.033936
0.006072;-39.128475
0.006090;-41.189175
0.006107;-43.646732
0.006125;-45.810215
0.006143;-47.071823
0.006160;-47.087463
0.006178;-45.879681
0.006195;-43.831966
0.006213;-41.575970
0.006230;-39.804691
0.006248;-39.066978
0.006265;-39.604191
0.006283;-41.277687
0.006300;-43.608902
0.006318;-45.920437
0.006336;-47.536533
0.006353;-47.983639
0.006371;-47.131523
0.006388;-45.232861
0.006406;-42.849300
0.006423;-40.685608
0.006441;-39.380878
0.006458;-39.318680
0.006476;-40.512501
0.006494;-42.600739
0.006511;-44.952995
0.006529;-46.856449
0.006546;-47.727177
0.006564;-47.283802
0.006581;-45.631802
0.006599;-43.233273
0.006616;-40.770710
0.006634;-38.945045
0.006651;-38.267681
0.006669;-38.908203
0.006687;-40.643169
0.006704;-42.921345
0.006722;-45.026489
0.006739;-46.289436
0.006757;-46.286850
0.006774;-44.967484
0.006792;-42.668358
0.006809;-40.015774
0.006827;-37.740181
0.006845;-36.459679
0.006862;-36.496315
0.006880;-37.779732
0.006897;-39.867077
0.006915;-42.073452
0.006932;-43.674572
0.006950;-44.121593
0.006967;-43.204491
0.006985;-41.115177
0.007002;-38.391644
0.007020;-35.759140
0.007038;-33.915462
0.007055;-33.323792
0.007073;-34.074707
0.007090;-35.858334
0.007108;-38.055367
0.007125;-39.920052
0.007143;-40.801239
0.007160;-40.335793
0.007178;-38.557133
0.007196;-35.886269
0.007213;-33.007851
0.007231;-30.667654
0.007248;-29.451431
0.007266;-29.610733
0.007283;-30.987452
0.007301;-33.059792
0.007318;-35.096199
0.007336;-36.372005
0.007353;-36.384460
0.007371;-35.002502
0.007389;-32.506512
0.007406;-29.506157
0.007424;-26.760263
0.007441;-24.952023
0.007459;-24.486109
0.007476;-25.367954
0.007494;-27.201235
0.007511;-29.304516
0.007529;-30.912851
0.007547;-31.404541
0.007564;-30.486010
0.007582;-28.279673
0.007599;-25.288624
0.007617;-22.248245
0.007634;-19.908581
0.007652;-18.811821
0.007669;-19.130978
0.007687;-20.617729
0.007704;-22.675144
0.007722;-24.534054
0.007740;-25.480890
0.007757;-25.069586
0.007775;-23.254555
0.007792;-20.405155
0.007810;-17.197063
0.007827;-14.412506
0.007845;-12.708433
0.007862;-12.421337
0.007880;-13.466725
0.007897;-15.363272
0.007915;-17.374777
0.007933;-18.728073
0.007950;-18.842369
0.007968;-17.502041
0.007985;-14.921443
0.008003;-11.682285
0.008020;-8.561883
0.008038;-6.302979
0.008055;-5.393323
0.008073;-5.920434
0.008091;-7.544785
0.008108;-9.599648
0.008126;-11.288233
0.008143;-11.919844
0.008161;-11.115073
0.008178;-8.919083
0.008196;-5.789137
0.008213;-2.459871
0.008231;0.274058
0.008249;1.793572
0.008266;1.839193
0.008284;0.588766
0.008301;-1.394419
0.008319;-3.327961
0.008336;-4.442056
0.008354;-4.207946
0.008371;-2.495350
0.008389;0.388018
0.008406;3.786783
0.008424;6.891592
0.008442;8.978876
0.008459;9.625674
0.008477;8.835706
0.008494;7.039120
0.008512;4.965725
0.008529;3.429052
0.008547;3.085123
0.008564;4.237468
0.008582;6.746307
0.008600;10.069072
0.008617;13.420521
0.008635;16.005163
0.008652;17.253214
0.008670;16.990059
0.008687;15.488830
0.008705;13.390228
0.008722;11.513172
0.008740;10.612154
0.008757;11.153233
0.008775;13.175154
0.008793;16.276958
0.008810;19.736025
0.008828;22.721756
0.008845;24.541763
0.008863;24.847498
0.008880;23.738321
0.008898;21.732861
0.008915;19.615961
0.008933;18.206318
0.008951;18.113638
0.008968;19.557308
0.008986;22.300503
0.009003;25.719524
0.009021;28.988022
0.009038;31.321728
0.009056;32.211155
0.009073;31.573263
0.009091;29.776850
0.009108;27.534025
0.009126;25.689552
0.009144;24.970470
0.009161;25.770159
0.009179;28.030945
0.009196;31.260313
0.009214;34.676167
0.009231;37.438229
0.009249;38.897198
0.009266;38.787689
0.009284;37.307636
0.009302;35.060471
0.009319;32.876793
0.009337;31.568390
0.009354;31.687351
0.009372;33.361767
0.009389;36.256866
0.009407;39.673496
0.009424;42.754745
0.009442;44.739853
0.009459;45.190052
0.009477;44.119267
0.009495;41.990814
0.009512;39.580757
0.009530;37.748245
0.009547;37.180748
0.009565;38.189808
0.009582;40.617863
0.009600;43.884132
0.009617;47.156067
0.009635;49.595852
0.009653;50.608910
0.009670;50.020653
0.009688;48.129074
0.009705;45.617134
0.009723;43.350857
0.009740;42.122730
0.009758;42.416470
0.009775;44.262936
0.009793;47.230133
0.009810;50.550533
0.009828;53.348080
0.009846;54.897896
0.009863;54.841511
0.009881;53.293858
0.009898;50.809982
0.009916;48.221188
0.009933;46.388859
0.009951;45.949032
0.009968;47.123245
0.009986;49.652130
0.010004;52.871433
0.010021;55.908344
0.010039;57.940018
0.010056;58.437721
0.010074;57.324177
0.010091;54.997253
0.010109;52.212738
0.010126;49.860794
0.010144;48.702095
0.010161;49.141953
0.010179;51.109459
0.010197;54.077694
0.010214;57.219196
0.010232;59.650898
0.010249;60.695969
0.010267;60.084896
0.010284;58.036137
0.010302;55.192142
0.010319;52.429482
0.010337;50.599243
0.010355;50.274513
0.010372;51.579899
0.010390;54.153797
0.010407;57.254837
0.010425;59.981113
0.010442;61.537449
0.010460;61.471432
0.010477;59.808174
0.010495;57.043678
0.010512;53.998478
0.010530;51.574783
0.010548;50.489029
0.010565;51.059013
0.010583;53.109005
0.010600;56.020996
0.010618;58.917332
0.010635;60.920559
0.010653;61.413719
0.010670;60.223774
0.010688;57.673660
0.010706;54.487331
0.010723;51.575657
0.010741;49.766567
0.010758;49.559341
0.010776;50.975994
0.010793;53.553925
0.010811;56.482403
0.010828;58.842415
0.010846;59.879150
0.010863;59.226093
0.010881;57.014435
0.010899;53.834919
0.010916;50.563404
0.010934;48.101513
0.010951;47.109299
0.010969;47.809006
0.010986;49.918541
0.011004;52.734299
0.011021;55.339203
0.011039;56.874390
0.011057;56.794052
0.011074;55.027836
0.011092;52.002522
0.011109;48.516163
0.011127;45.502041
0.011144;43.752048
0.011162;43.681595
0.011179;45.205849
0.011197;47.764088
0.011214;50.485294
0.011232;52.446037
0.011250;52.944298
0.011267;51.708057
0.011285;48.976631
0.011302;45.430569
0.011320;41.990479
0.011337;39.544319
0.011355;38.684093
0.011372;39.529720
0.011390;41.692837
0.011408;44.391174
0.011425;46.680023
0.011443;47.732178
0.011460;47.083511
0.011478;44.771198
0.011495;41.323505
0.011513;37.603851
0.011530;34.555298
0.011548;32.920925
0.011565;33.023243
0.011583;34.667835
0.011601;37.200321
0.011618;39.699738
0.011636;41.251350
0.011653;41.217957
0.011671;39.429356
0.011688;36.233551
0.011706;32.394344
0.011723;28.865437
0.011741;26.507917
0.011759;25.834730
0.011776;26.858057
0.011794;29.084995
0.011811;31.663013
0.011829;33.632317
0.011846;34.210365
0.011864;33.024292
0.011881;30.222107
0.011899;26.429613
0.011916;22.565548
0.011934;19.569551
0.011952;18.123550
0.011969;18.449156
0.011987;20.241304
0.012004;22.757982
0.012022;25.039715
0.012039;26.193830
0.012057;25.659369
0.012074;23.373955
0.012092;19.793083
0.012110;15.755799
0.012127;12.236461
0.012145;10.055975
0.012162;9.638158
0.012180;10.883495
0.012197;13.197942
0.012215;15.668430
0.012232;17.333252
0.012250;17.467253
0.012267;15.797280
0.012285;12.583891
0.012303;8.544869
0.012320;4.643044
0.012338;1.801127
0.012355;0.628026
0.012373;1.237855
0.012390;3.215430
0.012408;5.738689
0.012425;7.821966
0.012443;8.608126
0.012461;7.623007
0.012478;4.916618
0.012496;1.049100
0.012513;-3.074651
0.012531;-6.472819
0.012548;-8.377707
0.012566;-8.463679
0.012583;-6.944309
0.012601;-4.509749
0.012618;-2.122675
0.012636;-0.733113
0.012654;-0.996622
0.012671;-3.079421
0.012689;-6.608369
0.012706;-10.780835
0.012724;-14.602107
0.012741;-17.180082
0.012759;-17.989944
0.012776;-17.030270
0.012794;-14.824139
0.012812;-12.264664
0.012829;-10.350595
0.012847;-9.890215
0.012864;-11.261318
0.012882;-14.298539
0.012899;-18.341608
0.012917;-22.430447
0.012934;-25.589455
0.012952;-27.116777
0.012969;-26.792782
0.012987;-24.945805
0.013005;-22.355486
0.013022;-20.022112
0.013040;-18.870207
0.013057;-19.474222
0.013075;-21.887638
0.013092;-25.626379
0.013110;-29.811596
0.013127;-33.429729
0.013145;-35.632896
0.013163;-35.990509
0.013180;-34.617489
0.013198;-32.140881
0.013215;-29.514528
0.013233;-27.736586
0.013250;-27.553532
0.013268;-29.238390
0.013285;-32.509117
0.013303;-36.611458
0.013320;-40.541962
0.013338;-43.345207
0.013356;-44.397190
0.013373;-43.590744
0.013391;-41.367970
0.013408;-38.589836
0.013426;-36.281334
0.013443;-35.327667
0.013461;-36.211552
0.013478;-38.869453
0.013496;-42.709713
0.013514;-46.787262
0.013531;-50.083408
0.013549;-51.807808
0.013566;-51.633102
0.013584;-49.792591
0.013601;-47.011688
0.013619;-44.293438
0.013636;-42.621365
0.013654;-42.667717
0.013671;-44.593712
0.013689;-48.000977
0.013707;-52.048996
0.013724;-55.703739
0.013742;-58.044037
0.013759;-58.534878
0.013777;-57.186523
0.013794;-54.552151
0.013812;-51.564445
0.013829;-49.259468
0.013847;-48.469486
0.013865;-49.575916
0.013882;-52.395565
0.013900;-56.234222
0.013917;-60.091869
0.013935;-62.958828
0.013952;-64.115150
0.013970;-63.344414
0.013987;-60.998589
0.014005;-57.894295
0.014022;-55.071182
0.014040;-53.483917
0.014058;-53.718906
0.014075;-55.819920
0.014093;-59.274395
0.014110;-63.164757
0.014128;-66.439972
0.014145;-68.227043
0.014163;-68.090111
0.014180;-66.160263
0.014198;-63.097271
0.014216;-59.894630
0.014233;-57.585293
0.014251;-56.935402
0.014268;-58.216747
0.014286;-61.125484
0.014303;-64.871590
0.014321;-68.412468
0.014338;-70.761833
0.014356;-71.282265
0.014373;-69.874596
0.014391;-67.008018
0.014409;-63.581596
0.014426;-60.658165
0.014444;-59.149342
0.014461;-59.544994
0.014479;-61.767418
0.014496;-65.193726
0.014514;-68.839859
0.014531;-71.651962
0.014549;-72.818825
0.014567;-72.012703
0.014584;-69.487129
0.014602;-66.002373
0.014619;-62.600616
0.014637;-60.297249
0.014654;-59.779663
0.014672;-61.203079
0.014689;-64.143829
0.014707;-67.724312
0.014724;-70.872696
0.014742;-72.640526
0.014760;-72.484146
0.014777;-70.426361
0.014795;-67.050400
0.014812;-63.327576
0.014830;-60.329769
0.014847;-58.911625
0.014865;-59.456898
0.014882;-61.764111
0.014900;-65.105568
0.014918;-68.442558
0.014935;-70.733017
0.014953;-71.240555
0.014970;-69.753143
0.014988;-66.646675
0.015005;-62.774155
0.015023;-59.213329
0.015040;-56.947361
0.015058;-56.573162
0.015075;-58.123985
0.015093;-61.058861
0.015111;-64.422394
0.015128;-67.127609
0.015146;-68.278114
0.015163;-67.434181
0.015181;-64.743660
0.015198;-60.898853
0.015216;-56.931847
0.015233;-53.908859
0.015251;-52.614159
0.015269;-53.317146
0.015286;-55.691933
0.015304;-58.913239
0.015321;-61.900661
0.015339;-63.638706
0.015356;-63.478054
0.015374;-61.328518
0.015391;-57.686474
0.015409;-53.488338
0.015426;-49.833435
0.015444;-47.658176
0.015462;-47.458252
0.015479;-49.141151
0.015497;-52.052948
0.015514;-55.171593
0.015532;-57.409626
0.015549;-57.936550
0.015567;-56.425476
0.015584;-53.150593
0.015602;-48.906631
0.015620;-44.773739
0.015637;-41.797611
0.015655;-40.679314
0.015672;-41.567112
0.015690;-44.011860
0.015707;-47.099560
0.015725;-49.721928
0.015742;-50.904819
0.015760;-50.097305
0.015777;-47.335510
0.015795;-43.232628
0.015813;-38.797737
0.015830;-35.137066
0.015848;-33.126080
0.015865;-33.149693
0.015883;-34.987595
0.015900;-37.878937
0.015918;-40.747417
0.015935;-42.520100
0.015953;-42.445618
0.015971;-40.317390
0.015988;-36.535477
0.016006;-31.988695
0.016023;-27.791607
0.016041;-24.954325
0.016058;-24.082888
0.016076;-25.199165
0.016093;-27.733765
0.016111;-30.694281
0.016128;-32.959129
0.016146;-33.610054
0.016164;-32.204662
0.016181;-28.908163
0.016199;-24.445116
0.016216;-19.885178
0.016234;-16.326372
0.016251;-14.569559
0.016269;-14.880680
0.016286;-16.911358
0.016304;-19.801598
0.016322;-22.434273
0.016339;-23.766163
0.016357;-23.137419
0.016374;-20.467676
0.016392;-16.280561
0.016409;-11.549120
0.016427;-7.407797
0.016444;-4.816279
0.016462;-4.274769
0.016479;-5.675232
0.016497;-8.332819
0.016515;-11.188377
0.016532;-13.122163
0.016550;-13.285860
0.016567;-11.354458
0.016585;-7.623234
0.016602;-2.920895
0.016620;1.635533
0.016637;4.971580
0.016655;6.373937
0.016673;5.702294
0.016690;3.431512
0.016708;0.511401
0.016725;-1.914456
0.016743;-2.847656
0.016760;-1.731222
0.016778;1.384725
0.016795;5.857146
0.016813;10.640086
0.016830;14.594354
0.016848;16.825169
0.016866;16.947689
0.016883;15.201608
0.016901;12.380682
0.016918;9.597890
0.016936;7.955692
0.016953;8.219074
0.016971;10.588306
0.016988;14.638930
0.017006;19.446917
0.017024;23.862101
0.017041;26.848944
0.017059;27.793652
0.017076;26.686579
0.017094;24.125639
0.017111;21.139618
0.017129;18.883482
0.017146;18.296015
0.017164;19.821156
0.017181;23.275837
0.017199;27.903551
0.017217;32.598042
0.017234;36.230934
0.017252;37.986233
0.017269;37.602570
0.017287;35.451187
0.017304;32.426502
0.017322;29.681334
0.017339;28.285318
0.017357;28.907600
0.017375;31.617977
0.017392;35.865532
0.017410;40.641335
0.017427;44.777100
0.017445;47.291367
0.017462;47.680698
0.017480;46.069366
0.017497;43.173122
0.017515;40.087471
0.017532;37.963207
0.017550;37.665203
0.017568;39.515591
0.017585;43.197712
0.017603;47.849285
0.017620;52.317532
0.017638;55.500626
0.017655;56.674442
0.017673;55.707592
0.017690;53.100922
0.017708;49.839600
0.017726;47.101452
0.017743;45.907860
0.017761;46.820698
0.017778;49.775280
0.017796;54.098827
0.017813;58.709366
0.017831;62.436077
0.017848;64.366325
0.017866;64.116516
0.017883;61.946308
0.017901;58.682186
0.017919;55.472977
0.017936;53.449444
0.017954;53.388969
0.017971;55.484661
0.017989;59.287514
0.018006;63.838840
0.018024;67.954041
0.018041;70.573601
0.018059;71.077286
0.018077;69.468513
0.018094;66.373863
0.018112;62.857899
0.018129;60.107895
0.018147;59.081886
0.018164;60.224346
0.018182;63.333900
0.018199;67.622353
0.018217;71.947792
0.018234;75.152870
0.018252;76.407845
0.018270;75.456955
0.018287;72.694794
0.018305;69.049835
0.018322;65.709702
0.018340;63.769226
0.018357;63.905682
0.018375;66.177597
0.018392;70.006744
0.018410;74.348984
0.018428;78.003387
0.018445;79.968170
0.018463;79.737862
0.018480;77.453674
0.018498;73.862221
0.018515;70.094696
0.018533;67.331795
0.018550;66.453720
0.018568;67.778831
0.018585;70.968742
0.018603;75.128021
0.018621;79.069122
0.018638;81.664261
0.018656;82.179794
0.018673;80.494171
0.018691;77.134521
0.018708;73.120903
0.018726;69.664413
0.018743;67.808182
0.018761;68.117905
0.018779;70.513748
0.018796;74.293304
0.018814;78.339333
0.018831;81.450638
0.018849;82.698105
0.018866;81.700485
0.018884;78.737907
0.018901;74.669472
0.018919;70.679031
0.018936;67.924477
0.018954;67.194405
0.018972;68.673981
0.018989;71.889420
0.019007;75.847908
0.019024;79.331474
0.019042;81.257942
0.019059;81.001877
0.019077;78.580544
0.019094;74.649300
0.019112;70.307915
0.019130;66.774910
0.019147;65.026360
0.019165;65.506271
0.019182;67.994492
0.019200;71.671333
0.019217;75.360123
0.019235;77.875732
0.019252;78.376015
0.019270;76.611778
0.019287;73.001289
0.019305;68.506836
0.019323;64.349930
0.019340;61.649364
0.019358;61.089462
0.019375;62.716743
0.019393;65.925591
0.019410;69.637245
0.019428;72.619263
0.019445;73.850792
0.019463;72.825470
0.019481;69.702057
0.019498;65.257988
0.019516;60.659439
0.019533;57.115921
0.019551;55.521736
0.019568;56.190556
0.019586;58.761917
0.019603;62.307522
0.019621;65.606003
0.019638;67.504807
0.019656;67.262032
0.019674;64.766769
0.019691;60.572601
0.019709;55.734104
0.019726;51.494598
0.019744;48.917747
0.019761;48.572037
0.019779;50.361820
0.019796;53.555092
0.019814;57.000050
0.019832;59.466202
0.019849;60.009201
0.019867;58.251125
0.019884;54.493076
0.019902;49.626518
0.019919;44.869518
0.019937;41.405952
0.019954;40.034473
0.019972;40.931404
0.019989;43.597961
0.020007;47.007595
0.020025;49.909927
0.020042;51.201302
0.020060;50.252232
0.020077;47.094460
0.020095;42.412174
0.020112;37.339775
0.020130;33.125954
0.020147;30.763599
0.020165;30.695263
0.020183;32.681458
0.020200;35.871174
0.020218;39.053646
0.020235;41.017136
0.020253;40.908203
0.020270;38.485130
0.020288;34.190151
0.020305;29.018974
0.020323;24.226097
0.020340;20.953114
0.020358;19.890200
0.020376;21.071123
0.020393;23.862732
0.020411;27.152147
0.020428;29.676350
0.020446;30.396599
0.020463;28.806629
0.020481;25.083281
0.020498;20.034702
0.020516;14.861325
0.020534;10.800333
0.020551;8.758933
0.020569;9.045146
0.020586;11.276011
0.020604;14.490603
0.020621;17.434492
0.020639;18.931475
0.020656;18.232431
0.020674;15.237849
0.020691;10.527927
0.020709;5.191194
0.020727;0.502241
0.020744;-2.455963
0.020762;-3.113276
0.020779;-1.581803
0.020797;1.376820
0.020814;4.576745
0.020832;6.759205
0.020849;6.965721
0.020867;4.822583
0.020885;0.652207
0.020902;-4.621824
0.020920;-9.748030
0.020937;-13.517754
0.020955;-15.123504
0.020972;-14.398638
0.020990;-11.867265
0.021007;-8.589367
0.021025;-5.846920
0.021042;-4.763941
0.021060;-5.973026
0.021078;-9.427341
0.021095;-14.413879
0.021113;-19.764252
0.021130;-24.200670
0.021148;-26.714640
0.021165;-26.866156
0.021183;-24.914557
0.021200;-21.742176
0.021218;-18.593191
0.021236;-16.704987
0.021253;-16.941227
0.021271;-19.535433
0.021288;-24.021156
0.021306;-29.369650
0.021323;-34.294373
0.021341;-37.632149
0.021358;-38.688095
0.021376;-37.441975
0.021393;-34.554691
0.021411;-31.172869
0.021429;-28.589209
0.021446;-27.859304
0.021464;-29.488426
0.021481;-33.281204
0.021499;-38.398941
0.021516;-43.607685
0.021534;-47.643700
0.021551;-49.588093
0.021569;-49.139465
0.021587;-46.703743
0.021604;-43.274326
0.021622;-40.138004
0.021639;-38.493641
0.021657;-39.096588
0.021674;-42.034332
0.021692;-46.699959
0.021709;-51.971508
0.021727;-56.544121
0.021744;-59.316746
0.021762;-59.718678
0.021780;-57.879162
0.021797;-54.589584
0.021815;-51.069340
0.021832;-48.604580
0.021850;-48.166901
0.021867;-50.125000
0.021885;-54.134819
0.021902;-59.240944
0.021920;-64.159325
0.021938;-67.657677
0.021955;-68.920837
0.021973;-67.792732
0.021990;-64.823158
0.022008;-61.105267
0.022025;-57.951866
0.022043;-56.506340
0.022060;-57.403496
0.022078;-60.580868
0.022095;-65.296669
0.022113;-70.349159
0.022131;-74.432472
0.022148;-76.523773
0.022166;-76.186569
0.022183;-73.700676
0.022201;-69.979691
0.022218;-66.300667
0.022236;-63.925697
0.022253;-63.727692
0.022271;-65.931252
0.022289;-70.045532
0.022306;-75.009140
0.022324;-79.504395
0.022341;-82.347710
0.022359;-82.840614
0.022376;-80.977188
0.022394;-77.446304
0.022411;-73.427971
0.022429;-70.243759
0.022446;-68.965118
0.022464;-70.095490
0.022482;-73.420555
0.022499;-78.071190
0.022517;-82.780655
0.022534;-86.259758
0.022552;-87.579086
0.022569;-86.444794
0.022587;-83.286217
0.022604;-79.129097
0.022622;-75.291954
0.022640;-72.995323
0.022657;-72.999855
0.022675;-75.380394
0.022692;-79.503227
0.022710;-84.213455
0.022727;-88.176903
0.022745;-90.275597
0.022762;-89.939316
0.022780;-87.315109
0.022797;-83.224205
0.022815;-78.919067
0.022833;-75.712364
0.022850;-74.587837
0.022868;-75.908394
0.022885;-79.307991
0.022903;-83.799644
0.022920;-88.067505
0.022938;-90.856789
0.022955;-91.345757
0.022973;-89.389763
0.022991;-85.564552
0.023008;-80.996201
0.023026;-77.027634
0.023043;-74.820625
0.023061;-75.011276
0.023078;-77.520950
0.023096;-81.579124
0.023113;-85.951225
0.023131;-89.304359
0.023148;-90.602409
0.023166;-89.413422
0.023184;-86.038147
0.023201;-81.421471
0.023219;-76.872696
0.023236;-73.677711
0.023254;-72.717728
0.023271;-74.207718
0.023289;-77.632156
0.023306;-81.897400
0.023324;-85.655411
0.023342;-87.703300
0.023359;-87.340073
0.023377;-84.574799
0.023394;-80.124535
0.023412;-75.202248
0.023429;-71.157578
0.023447;-69.076851
0.023464;-69.460793
0.023482;-72.075691
0.023499;-76.022125
0.023517;-80.001160
0.023535;-82.699158
0.023552;-83.177254
0.023570;-81.150040
0.023587;-77.070633
0.023605;-71.996933
0.023622;-67.278488
0.023640;-64.156586
0.023657;-63.396206
0.023675;-65.058876
0.023693;-68.483963
0.023710;-72.484009
0.023728;-75.696419
0.023745;-76.987335
0.023763;-75.788017
0.023780;-72.263840
0.023798;-67.265953
0.023815;-62.079342
0.023833;-58.042316
0.023850;-56.149765
0.023868;-56.757977
0.023886;-59.478577
0.023903;-63.293156
0.023921;-66.854790
0.023938;-68.887123
0.023956;-68.562920
0.023973;-65.749626
0.023991;-61.049248
0.024008;-55.620449
0.024026;-50.835487
0.024044;-47.873516
0.024061;-47.370995
0.024079;-49.232563
0.024096;-52.658840
0.024114;-56.382954
0.024131;-59.045830
0.024149;-59.599106
0.024166;-57.616196
0.024184;-53.419273
0.024201;-47.984337
0.024219;-42.652367
0.024237;-38.732086
0.024254;-37.111961
0.024272;-37.996567
0.024289;-40.845463
0.024307;-44.532944
0.024324;-47.681385
0.024342;-49.069561
0.024359;-47.994846
0.024377;-44.481956
0.024395;-39.276188
0.024412;-33.623055
0.024430;-28.899389
0.024447;-26.205343
0.024465;-26.038052
0.024482;-28.143883
0.024500;-31.593121
0.024517;-35.055183
0.024535;-37.192875
0.024552;-37.058861
0.024570;-34.376858
0.024588;-29.624088
0.024605;-23.890379
0.024623;-18.555567
0.024640;-14.880663
0.024658;-13.633976
0.024675;-14.863044
0.024693;-17.880074
0.024710;-21.465384
0.024728;-24.228693
0.024746;-25.021221
0.024763;-23.276497
0.024781;-19.178783
0.024798;-13.609029
0.024816;-7.884238
0.024833;-3.367401
0.024851;-1.063491
0.024868;-1.321323
0.024886;-3.729740
0.024903;-7.239028
0.024921;-10.471734
0.024939;-12.130867
0.024956;-11.384529
0.024974;-8.112936
0.024991;-2.944494
0.025009;2.929924
0.025026;8.109577
0.025044;11.398927
0.025061;12.162160
0.025079;10.512017
0.025097;7.276844
0.025114;3.755443
0.025132;1.332292
0.025149;1.067090
0.025167;3.380304
0.025184;7.928005
0.025202;13.703242
0.025219;19.334045
0.025237;23.489859
0.025254;25.275972
0.025272;24.499033
0.025290;21.724773
0.025307;18.110777
0.025325;15.063628
0.025342;13.822036
0.025360;15.089401
0.025377;18.824867
0.025395;24.254845
0.025412;30.101805
0.025430;34.962597
0.025448;37.724316
0.025465;37.894356
0.025483;35.746845
0.025500;32.241837
0.025518;28.741100
0.025535;26.604614
0.025553;26.787331
0.025570;29.555723
0.025588;34.408245
0.025605;40.223457
0.025623;45.591991
0.025641;49.234154
0.025658;50.379322
0.025676;48.994709
0.025693;45.795525
0.025711;42.033428
0.025728;39.125717
0.025746;38.235245
0.025763;39.925423
0.025781;43.992744
0.025799;49.526516
0.025816;55.178333
0.025834;59.561485
0.025851;61.661976
0.025869;61.139343
0.025886;58.428013
0.025904;54.608963
0.025921;51.089649
0.025939;49.186909
0.025956;49.736477
0.025974;52.844799
0.025992;57.856968
0.026009;63.550312
0.026027;68.496429
0.026044;71.484482
0.026062;71.880257
0.026079;69.814575
0.026097;66.144875
0.026114;62.201576
0.026132;59.393867
0.026150;58.791916
0.026167;60.809406
0.026185;65.080330
0.026202;70.567001
0.026220;75.867142
0.026237;79.629356
0.026255;80.953751
0.026272;79.658989
0.026290;76.336487
0.026307;72.175545
0.026325;68.611160
0.026343;66.898697
0.026360;67.741539
0.026378;71.082245
0.026395;76.118904
0.026413;81.542480
0.026430;85.924400
0.026448;88.140053
0.026465;87.702309
0.026483;84.906334
0.026501;80.742592
0.026518;76.603630
0.026536;73.871460
0.026553;73.507820
0.026571;75.768745
0.026588;80.128166
0.026606;85.433350
0.026623;90.246124
0.026641;93.269142
0.026658;93.730438
0.026676;91.612740
0.026694;87.658920
0.026711;83.152390
0.026729;79.536797
0.026746;77.988258
0.026764;79.066399
0.026781;82.548042
0.026799;87.492874
0.026816;92.521667
0.026834;96.224899
0.026852;97.580589
0.026869;96.257469
0.026887;92.713699
0.026904;88.061455
0.026922;83.737709
0.026939;81.078377
0.026957;80.922180
0.026974;83.361687
0.026992;87.715385
0.027009;92.729156
0.027027;96.947754
0.027045;99.146049
0.027062;98.692390
0.027080;95.736214
0.027097;91.164307
0.027115;86.338310
0.027132;82.691406
0.027150;81.303429
0.027167;82.580536
0.027185;86.134369
0.027203;90.896652
0.027220;95.435448
0.027238;98.379463
0.027255;98.824593
0.027273;96.602295
0.027290;92.329987
0.027308;87.228539
0.027325;82.760719
0.027343;80.197769
0.027360;80.242256
0.027378;82.819618
0.027396;87.099655
0.027413;91.742210
0.027431;95.294182
0.027448;96.620171
0.027466;95.239388
0.027483;91.468590
0.027501;86.328629
0.027518;81.242386
0.027536;77.613129
0.027554;76.408546
0.027571;77.873596
0.027589;81.457443
0.027606;85.976257
0.027624;89.963799
0.027641;92.105965
0.027659;91.630417
0.027676;88.535965
0.027694;83.593430
0.027711;78.117622
0.027729;73.577919
0.027747;71.162796
0.027764;71.427338
0.027782;74.128281
0.027799;78.295685
0.027817;82.520035
0.027834;85.369827
0.027852;85.816010
0.027869;83.537315
0.027887;79.015991
0.027905;73.395317
0.027922;68.141220
0.027940;64.607826
0.027957;63.636024
0.027975;65.303932
0.027992;68.903198
0.028010;73.148605
0.028027;76.558754
0.028045;77.895119
0.028062;76.529465
0.028080;72.630424
0.028098;67.114128
0.028115;61.373058
0.028133;56.863625
0.028150;54.674442
0.028168;55.203430
0.028185;58.039471
0.028203;62.083790
0.028220;65.875366
0.028238;68.023827
0.028256;67.621735
0.028273;64.513992
0.028291;59.344273
0.028308;53.364773
0.028326;48.065422
0.028343;44.732368
0.028361;44.066601
0.028378;45.975853
0.028396;49.601490
0.028413;53.572636
0.028431;56.412315
0.028449;56.975315
0.028466;54.787895
0.028484;50.188766
0.028501;44.229179
0.028519;38.361778
0.028536;34.010277
0.028554;32.147404
0.028571;33.006325
0.028589;36.011105
0.028607;39.947014
0.028624;43.320301
0.028642;44.800919
0.028659;43.616962
0.028677;39.783928
0.028694;34.100628
0.028712;27.912952
0.028729;22.715225
0.028747;19.707399
0.028764;19.439163
0.028782;21.646664
0.028800;25.330294
0.028817;29.050631
0.028835;31.354954
0.028852;31.207972
0.028870;28.299046
0.028887;23.134785
0.028905;16.889420
0.028922;11.057163
0.028940;7.009497
0.028958;5.588583
0.028975;6.857338
0.028993;10.080372
0.029010;13.941580
0.029028;16.934011
0.029045;17.806574
0.029063;15.935120
0.029080;11.507944
0.029098;5.470505
0.029115;-0.754338
0.029133;-5.687785
0.029151;-8.233390
0.029168;-8.002275
0.029186;-5.428776
0.029203;-1.642117
0.029221;1.868005
0.029238;3.692890
0.029256;2.922565
0.029273;-0.584092
0.029291;-6.156984
0.029309;-12.512898
0.029326;-18.135490
0.029344;-21.724600
0.029361;-22.581747
0.029379;-20.817518
0.029396;-17.319164
0.029414;-13.488009
0.029431;-10.824241
0.029449;-10.482180
0.029466;-12.927806
0.029484;-17.800140
0.029502;-24.017714
0.029519;-30.098652
0.029537;-34.599709
0.029554;-36.544052
0.029572;-35.711098
0.029589;-32.702236
0.029607;-28.763025
0.029624;-25.414232
0.029642;-24.001106
0.029660;-25.294403
0.029677;-29.261505
0.029695;-35.075531
0.029712;-41.359959
0.029730;-46.596294
0.029747;-49.574097
0.029765;-49.749924
0.029782;-47.408783
0.029800;-43.580059
0.029817;-39.732746
0.029835;-37.340137
0.029853;-37.443008
0.029870;-40.340805
0.029888;-45.502316
0.029905;-51.722645
0.029923;-57.479946
0.029940;-61.386318
0.029958;-62.599274
0.029975;-61.071774
0.029993;-57.566578
0.030011;-53.430515
0.030028;-50.195545
0.030046;-49.124619
0.030063;-50.837093
0.030081;-55.124660
0.030098;-61.012608
0.030116;-67.048218
0.030133;-71.731155
0.030151;-73.958099
0.030168;-73.350044
0.030186;-70.365044
0.030204;-66.162788
0.030221;-62.261227
0.030239;-60.086742
0.030256;-60.551121
0.030274;-63.781006
0.030291;-69.079758
0.030309;-75.133514
0.030326;-80.400230
0.030344;-83.566696
0.030362;-83.937866
0.030379;-81.643257
0.030397;-77.598969
0.030414;-73.236526
0.030432;-70.078735
0.030449;-69.288315
0.030467;-71.322868
0.030484;-75.798874
0.030502;-81.604782
0.030519;-87.230125
0.030537;-91.212982
0.030555;-92.573402
0.030572;-91.104095
0.030590;-87.432350
0.030607;-82.834457
0.030625;-78.857742
0.030642;-76.861954
0.030660;-77.616028
0.030677;-81.069771
0.030695;-86.368233
0.030713;-92.104675
0.030730;-96.737244
0.030748;-99.045929
0.030765;-98.494392
0.030783;-95.389381
0.030800;-90.790161
0.030818;-86.194946
0.030835;-83.096977
0.030853;-82.541832
0.030870;-84.817146
0.030888;-89.366943
0.030906;-94.955894
0.030923;-100.035172
0.030941;-103.201363
0.030958;-103.612579
0.030976;-101.238350
0.030993;-96.869064
0.031011;-91.882133
0.031028;-87.833969
0.031046;-85.998665
0.031064;-86.990135
0.031081;-90.579704
0.031099;-95.763435
0.031116;-101.059296
0.031134;-104.946175
0.031151;-106.314842
0.031169;-104.796967
0.031186;-100.874702
0.031204;-95.738266
0.031221;-90.933441
0.031239;-87.903580
0.031257;-87.561607
0.031274;-90.019127
0.031292;-94.552872
0.031309;-99.818604
0.031327;-104.249329
0.031344;-106.519630
0.031362;-105.938774
0.031379;-102.655807
0.031397;-97.615845
0.031415;-92.280334
0.031432;-88.194122
0.031450;-86.527527
0.031467;-87.729202
0.031485;-91.392731
0.031502;-96.376648
0.031520;-101.142387
0.031537;-104.210251
0.031555;-104.597969
0.031572;-102.112335
0.031590;-97.406822
0.031608;-91.788353
0.031625;-86.830307
0.031643;-83.906189
0.031660;-83.782417
0.031678;-86.390739
0.031695;-90.848083
0.031713;-95.717865
0.031730;-99.435570
0.031748;-100.772514
0.031766;-99.200279
0.031783;-95.047768
0.031801;-89.404205
0.031818;-83.796661
0.031836;-79.737633
0.031853;-78.276711
0.031871;-79.689171
0.031888;-83.393974
0.031906;-88.125572
0.031923;-92.308716
0.031941;-94.525322
0.031959;-93.934906
0.031976;-90.524178
0.031994;-85.111374
0.032011;-79.104248
0.032029;-74.083084
0.032046;-71.332344
0.032064;-71.459778
0.032081;-74.215912
0.032099;-78.567604
0.032117;-83.003853
0.032134;-85.983597
0.032152;-86.392479
0.032169;-83.873512
0.032187;-78.933388
0.032204;-72.792709
0.032222;-67.024643
0.032239;-63.088757
0.032257;-61.898335
0.032274;-63.549381
0.032292;-67.291756
0.032310;-71.751137
0.032327;-75.336128
0.032345;-76.709953
0.032362;-75.186951
0.032380;-70.936157
0.032397;-64.931793
0.032415;-58.664886
0.032432;-53.701630
0.032450;-51.219170
0.032468;-51.656471
0.032485;-54.583862
0.032503;-58.829990
0.032520;-62.828686
0.032538;-65.083115
0.032555;-64.609581
0.032573;-61.229477
0.032590;-55.622700
0.032608;-49.126652
0.032625;-43.340145
0.032643;-39.649662
0.032661;-38.818295
0.032678;-40.759220
0.032696;-44.561066
0.032713;-48.757675
0.032731;-51.762527
0.032748;-52.339020
0.032766;-49.967300
0.032783;-44.998844
0.032801;-38.552757
0.032818;-32.184521
0.032836;-27.425142
0.032854;-25.327389
0.032871;-26.153471
0.032889;-29.296970
0.032906;-33.462204
0.032924;-37.048008
0.032941;-38.622311
0.032959;-37.346794
0.032976;-33.225792
0.032994;-27.105539
0.033012;-20.423794
0.033029;-14.784032
0.033047;-11.480232
0.033064;-11.113217
0.033082;-13.412220
0.033099;-17.314758
0.033117;-21.281254
0.033134;-23.751236
0.033152;-23.605989
0.033170;-20.500490
0.033187;-14.966166
0.033205;-8.253884
0.033222;-1.963594
0.033240;2.429713
0.033257;4.013256
0.033275;2.707276
0.033292;-0.710945
0.033310;-4.837122
0.033327;-8.055997
0.033345;-9.020121
0.033363;-7.049507
0.033380;-2.333634
0.033398;4.124206
0.033415;10.803823
0.033433;16.118439
0.033450;18.884968
0.033468;18.674885
0.033485;15.941566
0.033503;11.886309
0.033521;8.102520
0.033538;6.103506
0.033556;6.873755
0.033573;10.576752
0.033591;16.506006
0.033608;23.293968
0.033626;29.317017
0.033643;33.176552
0.033661;34.113670
0.033678;32.234375
0.033696;28.478556
0.033714;24.341711
0.033731;21.431875
0.033749;20.992891
0.033766;23.535440
0.033784;28.685200
0.033801;35.293289
0.033819;41.776367
0.033836;46.585720
0.033854;48.666298
0.033872;47.769676
0.033889;44.528057
0.033907;40.267227
0.033924;36.613861
0.033942;35.013382
0.033959;36.301331
0.033977;40.455288
0.033994;46.601017
0.034012;53.271122
0.034029;58.839672
0.034047;62.004051
0.034065;62.171200
0.034082;59.633747
0.034100;55.483627
0.034117;51.288776
0.034135;48.628479
0.034152;48.625179
0.034170;51.611416
0.034187;57.030830
0.034205;63.602516
0.034223;69.700333
0.034240;73.834747
0.034258;75.094345
0.034275;73.416321
0.034293;69.605392
0.034310;65.095726
0.034328;61.525986
0.034345;60.253677
0.034363;61.952461
0.034380;66.412132
0.034398;72.600372
0.034416;78.968300
0.034433;83.909332
0.034451;86.235344
0.034468;85.529030
0.034486;82.267967
0.034503;77.683449
0.034521;73.395790
0.034538;70.934219
0.034556;71.283356
0.034574;74.591103
0.034591;80.124275
0.034609;86.485489
0.034626;92.026985
0.034644;95.338943
0.034661;95.667465
0.034679;93.138382
0.034696;88.720314
0.034714;83.937958
0.034731;80.420326
0.034749;79.417870
0.034767;81.431557
0.034784;86.063927
0.034802;92.136497
0.034819;98.038605
0.034837;102.204636
0.034854;103.578148
0.034872;101.925217
0.034889;97.904228
0.034907;92.871063
0.034925;88.477493
0.034942;86.181694
0.034960;86.815811
0.034977;90.338921
0.034995;95.848778
0.035012;101.848740
0.035030;106.691101
0.035047;109.065506
0.035065;108.387482
0.035082;104.972015
0.035100;99.940681
0.035118;94.889458
0.035135;91.415924
0.035153;90.645569
0.035170;92.897980
0.035188;97.591614
0.035205;103.415779
0.035223;108.718742
0.035240;111.997223
0.035258;112.342056
0.035276;109.708000
0.035293;104.927544
0.035311;99.464584
0.035328;94.980743
0.035346;92.842896
0.035363;93.717857
0.035381;97.374275
0.035398;102.750862
0.035416;108.270477
0.035433;112.307503
0.035451;113.669601
0.035469;111.951439
0.035486;107.655228
0.035504;102.042274
0.035521;96.759499
0.035539;93.351349
0.035556;92.801987
0.035574;95.243233
0.035591;99.915092
0.035609;105.390579
0.035627;109.998444
0.035644;112.318466
0.035662;111.602554
0.035679;107.996887
0.035697;102.499069
0.035714;96.662682
0.035732;92.137230
0.035749;90.179092
0.035767;91.278900
0.035784;95.015823
0.035802;100.181808
0.035820;105.139351
0.035837;108.306709
0.035855;108.626839
0.035872;105.881012
0.035890;100.754089
0.035907;94.631966
0.035925;89.191101
0.035942;85.901688
0.035960;85.591843
0.035978;88.201736
0.035995;92.800964
0.036013;97.863953
0.036030;101.721931
0.036048;103.057556
0.036065;101.295631
0.036083;96.774017
0.036100;90.643936
0.036118;84.529144
0.036135;80.044815
0.036153;78.318848
0.036171;79.657257
0.036188;83.453079
0.036206;88.365967
0.036223;92.719093
0.036241;94.996208
0.036258;94.291107
0.036276;90.576706
0.036293;84.713455
0.036311;78.194794
0.036329;72.704720
0.036346;69.618843
0.036364;69.596352
0.036381;72.384430
0.036399;76.892731
0.036416;81.516258
0.036434;84.610931
0.036451;84.980995
0.036469;82.233719
0.036486;76.896309
0.036504;70.260033
0.036522;63.997894
0.036539;59.668980
0.036557;58.256195
0.036574;59.874763
0.036592;63.737614
0.036609;68.388390
0.036627;72.132858
0.036644;73.541092
0.036662;71.871521
0.036680;67.291161
0.036697;60.826576
0.036715;54.060062
0.036732;48.660885
0.036750;45.890587
0.036767;46.228863
0.036785;49.231064
0.036802;53.659603
0.036820;57.850517
0.036837;60.206581
0.036855;59.670853
0.036873;56.040337
0.036890;50.026608
0.036908;43.045372
0.036925;36.797211
0.036943;32.763668
0.036960;31.768028
0.036978;33.730999
0.036995;37.693890
0.037013;42.102409
0.037031;45.267227
0.037048;45.864727
0.037066;43.329628
0.037083;38.022957
0.037101;31.125576
0.037118;24.288540
0.037136;19.143993
0.037153;16.821398
0.037171;17.612539
0.037188;20.884726
0.037206;25.267960
0.037224;29.060774
0.037241;30.734518
0.037259;29.386660
0.037276;25.008688
0.037294;18.489122
0.037311;11.350631
0.037329;5.299019
0.037346;1.717735
0.037364;1.257688
0.037382;3.644022
0.037399;7.757234
0.037417;11.964701
0.037434;14.604481
0.037452;14.478031
0.037469;11.205771
0.037487;5.340077
0.037504;-1.797961
0.037522;-8.509721
0.037539;-13.222323
0.037557;-14.954873
0.037575;-13.609436
0.037592;-10.000405
0.037610;-5.613442
0.037627;-2.165318
0.037645;-1.095040
0.037662;-3.137081
0.037680;-8.103253
0.037697;-14.937993
0.037715;-22.030775
0.037733;-27.693220
0.037750;-30.659451
0.037768;-30.461473
0.037785;-27.568207
0.037803;-23.246847
0.037820;-19.187508
0.037838;-17.002361
0.037855;-17.747618
0.037873;-21.610106
0.037890;-27.851400
0.037908;-35.026241
0.037926;-41.410534
0.037943;-45.512234
0.037961;-46.513676
0.037978;-44.514210
0.037996;-40.501064
0.038013;-36.057087
0.038031;-32.891716
0.038048;-32.334248
0.038066;-34.939526
0.038084;-40.323067
0.038101;-47.274517
0.038119;-54.115982
0.038136;-59.199162
0.038154;-61.393852
0.038171;-60.423199
0.038189;-56.946045
0.038206;-52.362026
0.038224;-48.396950
0.038241;-46.591244
0.038259;-47.843250
0.038277;-52.142502
0.038294;-58.572392
0.038312;-65.581367
0.038329;-71.442535
0.038347;-74.765404
0.038364;-74.908180
0.038382;-72.168259
0.038399;-67.694519
0.038417;-63.146961
0.038435;-60.204933
0.038452;-60.069180
0.038470;-63.105663
0.038487;-68.736626
0.038505;-75.611389
0.038522;-82.006294
0.038540;-86.335449
0.038557;-87.620850
0.038575;-85.782463
0.038592;-81.662369
0.038610;-76.775482
0.038628;-72.860695
0.038645;-71.365540
0.038663;-73.016853
0.038680;-77.604988
0.038698;-84.045395
0.038715;-90.699791
0.038733;-95.861412
0.038750;-98.260880
0.038768;-97.442673
0.038786;-93.900429
0.038803;-88.931068
0.038821;-84.250610
0.038838;-81.485596
0.038856;-81.690987
0.038873;-85.036980
0.038891;-90.758217
0.038908;-97.380173
0.038926;-103.155884
0.038943;-106.583603
0.038961;-106.852112
0.038979;-104.081390
0.038996;-99.287498
0.039014;-94.081673
0.039031;-90.193031
0.039049;-88.955940
0.039066;-90.914314
0.039084;-95.659988
0.039101;-101.953217
0.039119;-108.089790
0.039137;-112.405991
0.039154;-113.771721
0.039172;-111.925743
0.039189;-107.553459
0.039207;-102.084145
0.039224;-97.267570
0.039242;-94.655449
0.039259;-95.141296
0.039277;-98.695343
0.039294;-104.372841
0.039312;-110.593704
0.039330;-115.610619
0.039347;-118.026878
0.039365;-117.210541
0.039382;-113.482117
0.039400;-108.019928
0.039417;-102.511215
0.039435;-98.652161
0.039452;-97.645149
0.039470;-99.842033
0.039488;-104.639488
0.039505;-110.657433
0.039523;-116.147720
0.039540;-119.512222
0.039558;-119.776581
0.039575;-116.879333
0.039593;-111.690544
0.039610;-105.754227
0.039628;-100.831039
0.039645;-98.376419
0.039663;-99.109009
0.039681;-102.797318
0.039698;-108.327927
0.039716;-114.035103
0.039733;-118.194427
0.039751;-119.533806
0.039768;-117.610901
0.039786;-112.944527
0.039803;-106.861298
0.039821;-101.102798
0.039839;-97.309494
0.039856;-96.534363
0.039874;-98.930588
0.039891;-103.705711
0.039909;-109.356194
0.039926;-114.112732
0.039944;-116.464684
0.039961;-115.607986
0.039979;-111.683815
0.039996;-105.737198
0.040014;-99.407593
0.040032;-94.443268
0.040049;-92.183067
0.040067;-93.159393
0.040084;-96.940102
0.040102;-102.256119
0.040119;-107.377350
0.040137;-110.625374
0.040154;-110.870934
0.040172;-107.869019
0.040190;-102.331902
0.040207;-95.718430
0.040225;-89.801933
0.040242;-86.144760
0.040260;-85.635025
0.040277;-88.223152
0.040295;-92.936188
0.040312;-98.165787
0.040330;-102.144791
0.040347;-103.471001
0.040365;-101.523041
0.040383;-96.644913
0.040400;-90.044479
0.040418;-83.435875
0.040435;-78.531593
0.040453;-76.534927
0.040470;-77.783096
0.040488;-81.646957
0.040505;-86.717102
0.040523;-91.221375
0.040541;-93.550072
0.040558;-92.733208
0.040576;-88.728394
0.040593;-82.433830
0.040611;-75.422508
0.040628;-69.476303
0.040646;-66.057877
0.040663;-65.877052
0.040681;-68.680099
0.040698;-73.324608
0.040716;-78.117783
0.040734;-81.318062
0.040751;-81.651382
0.040769;-78.689140
0.040786;-72.975601
0.040804;-65.867111
0.040821;-59.130390
0.040839;-54.419079
0.040856;-52.783581
0.040874;-54.359474
0.040892;-58.326984
0.040909;-63.153664
0.040927;-67.048386
0.040944;-68.492233
0.040962;-66.688942
0.040979;-61.801311
0.040997;-54.903378
0.041014;-47.662563
0.041032;-41.845665
0.041049;-38.795265
0.041067;-39.031643
0.041085;-42.098236
0.041102;-46.696663
0.041120;-51.071266
0.041137;-53.529465
0.041155;-52.943501
0.041172;-49.085129
0.041190;-42.693657
0.041207;-35.257339
0.041225;-28.572546
0.041243;-24.211521
0.041260;-23.056282
0.041278;-25.036942
0.041295;-29.152100
0.041313;-33.765350
0.041330;-37.090172
0.041348;-37.719494
0.041365;-35.043045
0.041383;-29.428640
0.041400;-22.113663
0.041418;-14.838697
0.041436;-9.331877
0.041453;-6.796670
0.041471;-7.555007
0.041488;-10.951545
0.041506;-15.547598
0.041523;-19.547335
0.041541;-21.330050
0.041558;-19.930716
0.041576;-15.326417
0.041594;-8.443599
0.041611;-0.883932
0.041629;5.550108
0.041646;9.389380
0.041664;9.933627
0.041681;7.459312
0.041699;3.137985
0.041716;-1.310682
0.041734;-4.128503
0.041751;-4.040012
0.041769;-0.630822
0.041787;5.529099
0.041804;13.053891
0.041822;20.152185
0.041839;25.157871
0.041857;27.023939
0.041874;25.633041
0.041892;21.832571
0.041909;17.183817
0.041927;13.499366
0.041945;12.305841
0.041962;14.391179
0.041980;19.570665
0.041997;26.741224
0.042015;34.207920
0.042032;40.186066
0.042050;43.330143
0.042067;43.132740
0.042085;40.075256
0.042102;35.485527
0.042120;31.144493
0.042138;28.758419
0.042155;29.452982
0.042173;33.439297
0.042190;39.950874
0.042208;47.470337
0.042225;54.178852
0.042243;58.495033
0.042260;59.543797
0.042278;57.415905
0.042296;53.141460
0.042313;48.384827
0.042331;44.951488
0.042348;44.252834
0.042366;46.887562
0.042383;52.463799
0.042401;59.714771
0.042418;66.873901
0.042436;72.198174
0.042453;74.484741
0.042471;73.427673
0.042489;69.708893
0.042506;64.796432
0.042524;60.509487
0.042541;58.479275
0.042559;59.665329
0.042576;64.070755
0.042594;70.740829
0.042611;78.045578
0.042629;84.162552
0.042647;87.616936
0.042664;87.718826
0.042682;84.767937
0.042699;79.965164
0.042717;75.056877
0.042734;71.817467
0.042752;71.523239
0.042769;74.573959
0.042787;80.373802
0.042804;87.507568
0.042822;94.159805
0.042840;98.652695
0.042857;99.943443
0.042875;97.933556
0.042892;93.498398
0.042910;88.228065
0.042927;83.956253
0.042945;82.216789
0.042962;83.788780
0.042980;88.465294
0.042998;95.114304
0.043015;102.013741
0.043033;107.361763
0.043050;109.810699
0.043068;108.866745
0.043085;105.036606
0.043103;99.677673
0.043120;94.595963
0.043138;91.510902
0.043155;91.545624
0.043173;94.893661
0.043191;100.761276
0.043208;107.602242
0.043226;113.575844
0.043243;117.092377
0.043261;117.284409
0.043278;114.264206
0.043296;109.090797
0.043313;103.456421
0.043331;99.185104
0.043349;97.692032
0.043366;99.563820
0.043384;104.384331
0.043401;110.857529
0.043419;117.191299
0.043436;121.628456
0.043454;122.967598
0.043471;120.919426
0.043489;116.192871
0.043506;110.285278
0.043524;105.038940
0.043542;102.095055
0.043559;102.407143
0.043577;105.958115
0.043594;111.764984
0.043612;118.169731
0.043629;123.330620
0.043647;125.767921
0.043664;124.802788
0.043682;120.758728
0.043700;114.866104
0.043717;108.897797
0.043735;104.643898
0.043752;103.381081
0.043770;105.493942
0.043787;110.360649
0.043805;116.536850
0.043822;122.183495
0.043840;125.611801
0.043857;125.783897
0.043875;122.620796
0.043893;117.026077
0.043910;110.618591
0.043928;105.252724
0.043945;102.468971
0.043963;103.037041
0.043980;106.727524
0.043998;112.379387
0.044015;118.243828
0.044033;122.502464
0.044051;123.806252
0.044068;121.675652
0.044086;116.643044
0.044103;110.095459
0.044121;103.863670
0.044138;99.679764
0.044156;98.663673
0.044173;100.990990
0.044191;105.840553
0.044208;111.637474
0.044226;116.519722
0.044244;118.889923
0.044261;117.889061
0.044279;113.651382
0.044296;107.265022
0.044314;100.449883
0.044331;95.048042
0.044349;92.477921
0.044366;93.313522
0.044384;97.114120
0.044402;102.554451
0.044419;107.817307
0.044437;111.131927
0.044454;111.299065
0.044472;108.046661
0.044489;102.110878
0.044507;95.018387
0.044524;88.634148
0.044542;84.608719
0.044559;83.889015
0.044577;86.437378
0.044595;91.242355
0.044612;96.618195
0.044630;100.704338
0.044647;102.016914
0.044665;99.888710
0.044682;94.667374
0.044700;87.612869
0.044717;80.524254
0.044735;75.206810
0.044753;72.936852
0.044770;74.083328
0.044788;77.998108
0.044805;83.207764
0.044823;87.850075
0.044840;90.225876
0.044858;89.302956
0.044875;85.022209
0.044893;78.315681
0.044910;70.830734
0.044928;64.442017
0.044946;60.695992
0.044963;60.352390
0.044981;63.158848
0.044998;67.925278
0.045016;72.876419
0.045033;76.177872
0.045051;76.479866
0.045068;73.317642
0.045086;67.249588
0.045104;59.692268
0.045121;52.500820
0.045139;47.419365
0.045156;45.563980
0.045174;47.091751
0.045191;51.153843
0.045209;56.146843
0.045226;60.187786
0.045244;61.672279
0.045261;59.750271
0.045279;54.578354
0.045297;47.273842
0.045314;39.584003
0.045332;33.368458
0.045349;30.048035
0.045367;30.183565
0.045384;33.309322
0.045402;38.070789
0.045419;42.625889
0.045437;45.190876
0.045455;44.569218
0.045472;40.506535
0.045490;33.766460
0.045507;25.904762
0.045525;18.808546
0.045542;14.137089
0.045560;12.829990
0.045577;14.828443
0.045595;19.092369
0.045612;23.908419
0.045630;27.397652
0.045648;28.072529
0.045665;25.278065
0.045683;19.386372
0.045700;11.686854
0.045718;4.004420
0.045735;-1.841174
0.045753;-4.574655
0.045770;-3.843381
0.045788;-0.322145
0.045806;4.486537
0.045823;8.697558
0.045841;10.601945
0.045858;9.173583
0.045876;4.373712
0.045893;-2.837121
0.045911;-10.783321
0.045928;-17.570580
0.045946;-21.647213
0.045963;-22.264174
0.045981;-19.697294
0.045999;-15.165852
0.046016;-10.471421
0.046034;-7.463986
0.046051;-7.493524
0.046069;-11.009544
0.046086;-17.427460
0.046104;-25.301352
0.046121;-32.752205
0.046139;-38.024597
0.046157;-40.007053
0.046174;-38.561638
0.046192;-34.565147
0.046209;-29.649523
0.046227;-25.718306
0.046244;-24.382423
0.046262;-26.482479
0.046279;-31.839214
0.046297;-39.306187
0.046314;-47.109146
0.046332;-53.371632
0.046350;-56.671093
0.046367;-56.460659
0.046385;-53.231480
0.046402;-48.367474
0.046420;-43.735344
0.046437;-41.131405
0.046455;-41.748955
0.046472;-45.824314
0.046490;-52.566296
0.046508;-60.390285
0.046525;-67.387604
0.046543;-71.891014
0.046560;-72.969025
0.046578;-70.702133
0.046595;-66.159340
0.046613;-61.081516
0.046630;-57.365616
0.046648;-56.502323
0.046665;-59.133987
0.046683;-64.863831
0.046701;-72.373077
0.046718;-79.811501
0.046736;-85.345528
0.046753;-87.701744
0.046771;-86.544495
0.046788;-82.575623
0.046806;-77.326836
0.046823;-72.705818
0.046841;-70.430931
0.046859;-71.521660
0.046876;-75.996170
0.046894;-82.865349
0.046911;-90.425735
0.046929;-96.763992
0.046946;-100.323967
0.046964;-100.368073
0.046981;-97.196144
0.046999;-92.056831
0.047016;-86.777893
0.047034;-83.224495
0.047052;-82.746323
0.047069;-85.777245
0.047087;-91.706345
0.047104;-99.058517
0.047122;-105.931427
0.047139;-110.559067
0.047157;-111.835373
0.047174;-109.642151
0.047192;-104.884537
0.047210;-99.222954
0.047227;-94.581238
0.047245;-92.576347
0.047262;-94.038994
0.047280;-98.766991
0.047297;-105.584816
0.047315;-112.691628
0.047332;-118.194794
0.047350;-120.670868
0.047367;-119.587578
0.047385;-115.462006
0.047403;-109.707565
0.047420;-104.215408
0.047438;-100.793953
0.047455;-100.632751
0.047473;-103.949730
0.047490;-109.926056
0.047508;-116.948555
0.047525;-123.087463
0.047543;-126.668396
0.047561;-126.768715
0.047578;-123.491158
0.047596;-117.933914
0.047613;-111.865280
0.047631;-107.199829
0.047648;-105.430908
0.047666;-107.187767
0.047683;-112.048752
0.047701;-118.665840
0.047718;-125.163895
0.047736;-129.696228
0.047754;-130.992081
0.047771;-128.733368
0.047789;-123.649445
0.047806;-117.301125
0.047824;-111.618462
0.047841;-108.328705
0.047859;-108.444199
0.047876;-111.962135
0.047894;-117.864899
0.047912;-124.421364
0.047929;-129.699799
0.047947;-132.140366
0.047964;-131.017563
0.047982;-126.655685
0.047999;-120.333015
0.048017;-113.903252
0.048034;-109.246300
0.048052;-107.711006
0.048069;-109.715195
0.048087;-114.621384
0.048105;-120.925514
0.048122;-126.702316
0.048140;-130.175934
0.048157;-130.246429
0.048175;-126.815926
0.048192;-120.818146
0.048210;-113.941963
0.048227;-108.131065
0.048245;-105.007973
0.048263;-105.392944
0.048280;-109.060570
0.048298;-114.806229
0.048315;-120.802841
0.048333;-125.142227
0.048350;-126.400696
0.048368;-124.061272
0.048385;-118.667290
0.048403;-111.661736
0.048420;-104.959885
0.048438;-100.381783
0.048456;-99.112709
0.048473;-101.351677
0.048491;-106.252106
0.048508;-112.172409
0.048526;-117.162308
0.048543;-119.540909
0.048561;-118.395004
0.048578;-113.850151
0.048596;-107.033806
0.048614;-99.741562
0.048631;-93.905136
0.048649;-91.019936
0.048666;-91.701614
0.048684;-95.503326
0.048701;-101.047829
0.048719;-106.435448
0.048736;-109.806999
0.048754;-109.894974
0.048771;-106.399460
0.048789;-100.077515
0.048807;-92.519104
0.048824;-85.676178
0.048842;-81.284302
0.048859;-80.348152
0.048877;-82.843475
0.048894;-87.723969
0.048912;-93.231155
0.048929;-97.415359
0.048947;-98.713654
0.048965;-96.413277
0.048982;-90.863358
0.049000;-83.371773
0.049017;-75.817917
0.049035;-70.095886
0.049052;-67.553070
0.049070;-68.590683
0.049087;-72.544456
0.049105;-77.881355
0.049122;-82.653633
0.049140;-85.076134
0.049158;-84.055573
0.049175;-79.514923
0.049193;-72.416634
0.049210;-64.477798
0.049228;-57.661560
0.049245;-53.595291
0.049263;-53.088188
0.049280;-55.891209
0.049298;-60.770573
0.049316;-65.873146
0.049333;-69.275703
0.049351;-69.554878
0.049368;-66.209526
0.049386;-59.809513
0.049403;-51.827290
0.049421;-44.201885
0.049438;-38.764313
0.049456;-36.694912
0.049473;-38.173302
0.049491;-42.324852
0.049509;-47.479656
0.049526;-51.667294
0.049544;-53.200890
0.049561;-51.177299
0.049579;-45.745140
0.049596;-38.061241
0.049614;-29.948151
0.049631;-23.354202
0.049649;-19.776154
0.049667;-19.815414
0.049684;-22.999565
0.049702;-27.922073
0.049719;-32.658970
0.049737;-35.339050
0.049754;-34.698605
0.049772;-30.456348
0.049789;-23.397150
0.049807;-15.139923
0.049824;-7.658076
0.049842;-2.694795
0.049860;-1.246326
0.049877;-3.266502
0.049895;-7.680133
0.049912;-12.701438
0.049930;-16.363213
0.049947;-17.099955
0.049965;-14.212130
0.049982;-8.073917
0.050000;-0.022756
0.050018;8.036672
0.050035;14.196734
0.050053;17.112217
0.050070;16.399176
0.050088;12.749002
0.050105;7.723769
0.050123;3.293435
0.050140;1.251977
0.050158;2.685475
0.050175;7.649852
0.050193;15.153859
0.050211;23.452431
0.050228;30.563620
0.050246;34.855904
0.050263;35.531822
0.050281;32.864578
0.050298;28.117332
0.050316;23.169071
0.050333;19.957743
0.050351;19.905783
0.050369;23.498209
0.050386;30.138451
0.050404;38.324711
0.050421;46.094746
0.050439;51.607239
0.050456;53.687561
0.050474;52.176113
0.050491;47.975895
0.050509;42.785122
0.050526;38.594074
0.050544;37.095123
0.050562;39.180950
0.050579;44.679562
0.050597;52.404827
0.050614;60.507622
0.050632;67.023643
0.050649;70.455559
0.050667;70.216866
0.050684;66.806061
0.050702;61.659096
0.050720;56.724033
0.050737;53.883709
0.050755;54.397541
0.050772;58.527908
0.050790;65.461960
0.050807;73.552147
0.050825;80.804176
0.050842;85.467979
0.050860;86.556465
0.050877;84.138298
0.050895;79.317856
0.050913;73.908165
0.050930;69.893608
0.050948;68.841805
0.050965;71.438683
0.050983;77.284782
0.051000;85.013268
0.051018;92.694611
0.051035;98.408333
0.051053;100.812172
0.051071;99.540108
0.051088;95.311096
0.051106;89.716278
0.051123;84.747643
0.051141;82.207520
0.051158;83.174377
0.051176;87.682693
0.051193;94.712456
0.051211;102.490959
0.051228;109.018036
0.051246;112.658791
0.051264;112.628235
0.051281;109.224274
0.051299;103.739609
0.051316;98.079002
0.051334;94.194710
0.051351;93.507843
0.051369;96.486847
0.051386;102.508354
0.051404;110.041428
0.051422;117.101105
0.051439;121.836464
0.051457;123.079391
0.051474;120.690887
0.051492;115.602654
0.051509;109.541275
0.051527;104.516518
0.051544;102.225868
0.051562;103.551071
0.051579;108.296509
0.051597;115.246811
0.051615;122.526672
0.051632;128.156494
0.051650;130.639069
0.051667;129.403534
0.051685;124.974869
0.051702;118.818581
0.051720;112.906677
0.051737;109.133179
0.051755;108.752739
0.051773;112.008476
0.051790;118.059494
0.051808;125.229851
0.051825;131.504898
0.051843;135.128418
0.051860;135.123215
0.051878;131.580994
0.051895;125.635567
0.051913;119.127083
0.051930;114.056801
0.051948;111.993950
0.051966;113.610428
0.051983;118.481285
0.052001;125.210358
0.052018;131.843735
0.052036;136.448761
0.052053;137.686844
0.052071;135.210510
0.052088;129.766602
0.052106;122.975441
0.052124;116.850647
0.052141;113.202560
0.052159;113.101486
0.052176;116.560158
0.052194;122.529709
0.052211;129.210129
0.052229;134.583588
0.052246;137.012527
0.052264;135.725098
0.052281;131.044296
0.052299;124.292610
0.052317;117.400368
0.052334;112.333687
0.052352;110.511856
0.052369;112.386337
0.052387;117.306717
0.052404;123.713112
0.052422;129.598251
0.052439;133.102325
0.052457;133.064346
0.052475;129.366501
0.052492;122.969475
0.052510;115.628029
0.052527;109.371201
0.052545;105.900963
0.052562;106.087654
0.052580;109.711761
0.052597;115.528595
0.052615;121.637016
0.052632;126.042679
0.052650;127.249191
0.052668;124.701942
0.052685;118.952721
0.052703;111.496666
0.052720;104.329384
0.052738;99.355614
0.052755;97.824699
0.052773;99.960045
0.052790;104.892593
0.052808;110.918121
0.052826;116.002136
0.052843;118.382881
0.052861;117.093674
0.052878;112.249680
0.052896;105.014320
0.052913;97.254684
0.052931;90.988434
0.052948;87.785858
0.052966;88.304268
0.052983;92.092957
0.053001;97.726440
0.053019;103.226761
0.053036;106.649605
0.053054;106.660706
0.053071;102.931587
0.053089;96.237350
0.053106;88.227295
0.053124;80.936378
0.053141;76.182335
0.053159;75.026672
0.053177;77.460052
0.053194;82.404549
0.053212;88.033035
0.053229;92.310524
0.053247;93.597328
0.053264;91.135300
0.053282;85.272942
0.053299;77.362473
0.053317;69.359482
0.053334;63.243484
0.053352;60.431240
0.053370;61.356735
0.053387;65.342232
0.053405;70.798912
0.053422;75.697586
0.053440;78.170036
0.053457;77.063004
0.053475;72.280243
0.053492;64.811539
0.053510;56.439713
0.053528;49.212513
0.053545;44.835804
0.053563;44.167904
0.053580;46.964947
0.053598;51.952885
0.053615;57.204887
0.053633;60.712303
0.053650;60.980171
0.053668;57.470509
0.053685;50.762218
0.053703;42.379944
0.053721;34.342510
0.053738;28.564768
0.053756;26.290068
0.053773;27.721579
0.053791;31.961786
0.053808;37.278282
0.053826;41.617046
0.053843;43.211296
0.053861;41.105335
0.053879;35.438190
0.053896;27.402842
0.053914;18.893034
0.053931;11.942268
0.053949;8.121181
0.053966;8.071908
0.053984;11.317545
0.054001;16.403227
0.054019;21.327135
0.054036;24.133766
0.054054;23.493670
0.054072;19.097799
0.054089;11.749548
0.054107;3.127045
0.054124;-4.713875
0.054142;-9.948849
0.054159;-11.525724
0.054177;-9.476603
0.054194;-4.908574
0.054212;0.324161
0.054230;4.169753
0.054247;4.986919
0.054265;2.031657
0.054282;-4.321845
0.054300;-12.691675
0.054317;-21.097391
0.054335;-27.546780
0.054352;-30.626257
0.054370;-29.919996
0.054387;-26.133398
0.054405;-20.884291
0.054423;-16.223581
0.054440;-14.027407
0.054458;-15.440880
0.054475;-20.538336
0.054493;-28.300875
0.054510;-36.917927
0.054528;-44.323601
0.054545;-48.808842
0.054563;-49.528084
0.054581;-46.750042
0.054598;-41.778339
0.054616;-36.565369
0.054633;-33.133690
0.054651;-32.976456
0.054668;-36.614578
0.054686;-43.441917
0.054703;-51.904522
0.054721;-59.960842
0.054738;-65.686600
0.054756;-67.845184
0.054774;-66.254265
0.054791;-61.840168
0.054809;-56.363495
0.054826;-51.897518
0.054844;-50.213619
0.054861;-52.256077
0.054879;-57.861820
0.054896;-65.808319
0.054914;-74.175583
0.054932;-80.914902
0.054949;-84.456032
0.054967;-84.172722
0.054984;-80.568527
0.055002;-75.127853
0.055019;-69.876213
0.055037;-66.779922
0.055054;-67.163193
0.055072;-71.315308
0.055089;-78.404526
0.055107;-86.724144
0.055125;-94.198029
0.055142;-98.995880
0.055160;-100.075714
0.055177;-97.492867
0.055195;-92.383965
0.055212;-86.630211
0.055230;-82.299988
0.055247;-81.035759
0.055265;-83.567024
0.055283;-89.493706
0.055300;-97.404358
0.055318;-105.294144
0.055335;-111.158791
0.055353;-113.588676
0.055370;-112.186775
0.055388;-107.686584
0.055405;-101.735023
0.055423;-96.404457
0.055440;-93.578613
0.055458;-94.393974
0.055476;-98.902748
0.055493;-106.056870
0.055511;-114.018387
0.055528;-120.703850
0.055546;-124.401787
0.055563;-124.280060
0.055581;-120.632751
0.055598;-114.793312
0.055616;-108.739532
0.055634;-104.507599
0.055651;-103.588348
0.055669;-106.485313
0.055686;-112.565002
0.055704;-120.244316
0.055721;-127.459488
0.055739;-132.277527
0.055756;-133.469315
0.055774;-130.873932
0.055791;-125.446838
0.055809;-118.976875
0.055827;-113.556282
0.055844;-110.960594
0.055862;-112.122269
0.055879;-116.853951
0.055897;-123.903633
0.055914;-131.325409
0.055932;-137.056015
0.055949;-139.526382
0.055967;-138.126709
0.055985;-133.387741
0.056002;-126.823479
0.056020;-120.483002
0.056037;-116.342979
0.056055;-115.721977
0.056072;-118.889168
0.056090;-124.984367
0.056107;-132.272537
0.056125;-138.657806
0.056142;-142.304642
0.056160;-142.181839
0.056178;-138.368622
0.056195;-132.031311
0.056213;-125.078033
0.056230;-119.593407
0.056248;-117.220573
0.056265;-118.674110
0.056283;-123.527855
0.056300;-130.340942
0.056318;-137.084473
0.056336;-141.742844
0.056353;-142.911072
0.056371;-140.211517
0.056388;-134.406097
0.056406;-127.170860
0.056423;-120.599419
0.056441;-116.582550
0.056458;-116.247688
0.056476;-119.624519
0.056493;-125.635864
0.056511;-132.416611
0.056529;-137.866272
0.056546;-140.271667
0.056564;-138.814728
0.056581;-133.815353
0.056599;-126.636871
0.056616;-119.282417
0.056634;-113.801270
0.056651;-111.681511
0.056669;-113.408859
0.056687;-118.322266
0.056704;-124.809647
0.056722;-130.785400
0.056739;-134.308502
0.056757;-134.157883
0.056774;-130.194656
0.056792;-123.403610
0.056809;-115.601707
0.056827;-108.899841
0.056844;-105.077179
0.056862;-105.053841
0.056880;-108.617859
0.056897;-114.487755
0.056915;-120.692017
0.056932;-125.153366
0.056950;-126.304451
0.056967;-123.552650
0.056985;-117.456047
0.057002;-109.558411
0.057020;-101.931992
0.057038;-96.563446
0.057055;-94.764999
0.057073;-96.785378
0.057090;-101.735756
0.057108;-107.852921
0.057125;-113.021713
0.057143;-115.401871
0.057160;-113.973709
0.057178;-108.840591
0.057195;-101.198746
0.057213;-92.983078
0.057231;-86.293877
0.057248;-82.774452
0.057266;-83.123932
0.057283;-86.889763
0.057301;-92.601631
0.057318;-98.206963
0.057336;-101.679260
0.057353;-101.618767
0.057371;-97.667740
0.057389;-90.616760
0.057406;-82.170860
0.057424;-74.444527
0.057441;-69.335022
0.057459;-67.960175
0.057476;-70.326706
0.057494;-75.328140
0.057511;-81.072350
0.057529;-85.442329
0.057546;-86.723679
0.057564;-84.112915
0.057582;-77.956032
0.057599;-69.646362
0.057617;-61.211945
0.057634;-54.714703
0.057652;-51.639339
0.057669;-52.453144
0.057687;-56.467285
0.057704;-62.040680
0.057722;-67.066231
0.057740;-69.595337
0.057757;-68.415550
0.057775;-63.410351
0.057792;-55.593979
0.057810;-46.811359
0.057827;-39.191490
0.057845;-34.516571
0.057862;-33.693771
0.057880;-36.486103
0.057897;-41.582428
0.057915;-46.985844
0.057933;-50.605446
0.057950;-50.876175
0.057968;-47.222927
0.057985;-40.231426
0.058003;-31.475046
0.058020;-23.048826
0.058038;-16.948732
0.058055;-14.480098
0.058073;-15.870582
0.058091;-20.202463
0.058108;-25.684393
0.058126;-30.182196
0.058143;-31.851435
0.058161;-29.684303
0.058178;-23.808687
0.058196;-15.450688
0.058213;-6.571617
0.058231;0.713035
0.058248;4.760520
0.058266;4.887803
0.058284;1.574214
0.058301;-3.680359
0.058319;-8.799841
0.058336;-11.747252
0.058354;-11.128583
0.058371;-6.606280
0.058389;1.000292
0.058406;9.957281
0.058424;18.129910
0.058442;23.615021
0.058459;25.305176
0.058477;23.217058
0.058494;18.486765
0.058512;13.033309
0.058529;8.989954
0.058547;8.071872
0.058564;11.067526
0.058582;17.604612
0.058599;26.259958
0.058617;34.980968
0.058635;41.693752
0.058652;44.917732
0.058670;44.204597
0.058687;40.271416
0.058705;34.788319
0.058722;29.883694
0.058740;27.513325
0.058757;28.880579
0.058775;34.079376
0.058793;42.065948
0.058810;50.967789
0.058828;58.638340
0.058845;63.293087
0.058863;64.038506
0.058880;61.137135
0.058898;55.929947
0.058915;50.439186
0.058933;46.769009
0.058950;46.481796
0.058968;50.134758
0.058986;57.114407
0.059003;65.817986
0.059021;74.128136
0.059038;80.040276
0.059056;82.256714
0.059073;80.571472
0.059091;75.931480
0.059108;70.156281
0.059126;65.398811
0.059144;63.507286
0.059161;65.477242
0.059179;71.156036
0.059196;79.287804
0.059214;87.885193
0.059231;94.818153
0.059249;98.445221
0.059266;98.100174
0.059284;94.289566
0.059301;88.543015
0.059319;82.959961
0.059337;79.587486
0.059354;79.813499
0.059372;83.955009
0.059389;91.163872
0.059407;99.677650
0.059424;107.341820
0.059442;112.248116
0.059459;113.300125
0.059477;110.538574
0.059495;105.129417
0.059512;99.018570
0.059530;94.355255
0.059547;92.854980
0.059565;95.290855
0.059582;101.264114
0.059600;109.321884
0.059617;117.387444
0.059635;123.375610
0.059652;125.810684
0.059670;124.263985
0.059688;119.481194
0.059705;113.161598
0.059723;107.454704
0.059740;104.323051
0.059758;104.960541
0.059775;109.438248
0.059793;116.682892
0.059810;124.794685
0.059828;131.610107
0.059846;135.343079
0.059863;135.114395
0.059881;131.212646
0.059898;125.008896
0.059916;118.550575
0.059933;113.954811
0.059951;112.780846
0.059968;115.567650
0.059986;121.673904
0.060003;129.467636
0.060021;136.809631
0.060039;141.687439
0.060056;142.811691
0.060074;139.998627
0.060091;134.224792
0.060109;127.337921
0.060126;121.509415
0.060144;118.590874
0.060161;119.565117
0.060179;124.254601
0.060197;131.373672
0.060214;138.909317
0.060232;144.717606
0.060249;147.159058
0.060267;145.584808
0.060284;140.529144
0.060302;133.551514
0.060319;126.774551
0.060337;122.255066
0.060354;121.374390
0.060372;124.428680
0.060390;130.540894
0.060407;137.920319
0.060425;144.393143
0.060442;148.046631
0.060460;147.796188
0.060477;143.706985
0.060495;136.975098
0.060512;129.573288
0.060530;123.666359
0.060548;120.969719
0.060565;122.240715
0.060583;127.053886
0.060600;133.926758
0.060618;140.758911
0.060635;145.454453
0.060653;146.543228
0.060670;143.616776
0.060688;137.449722
0.060705;129.770538
0.060723;122.749512
0.060741;118.355568
0.060758;117.772675
0.060776;121.048668
0.060793;127.080750
0.060811;133.942093
0.060828;139.452774
0.060846;141.825714
0.060863;140.196762
0.060881;134.880875
0.060899;127.279350
0.060916;119.464630
0.060934;113.566391
0.060951;111.140213
0.060969;112.706474
0.060986;117.595741
0.061004;124.146996
0.061021;130.199600
0.061039;133.733704
0.061056;133.469009
0.061074;129.244446
0.061092;122.066353
0.061109;113.810547
0.061127;106.666580
0.061144;102.488899
0.061162;102.247147
0.061179;105.738480
0.061197;111.647499
0.061214;117.935791
0.061232;122.445976
0.061250;123.541222
0.061267;120.590599
0.061285;114.156403
0.061302;105.827896
0.061320;97.750618
0.061337;91.990623
0.061355;89.922096
0.061372;91.819954
0.061390;96.778061
0.061407;102.977539
0.061425;108.225708
0.061443;110.605934
0.061460;109.045921
0.061478;103.635796
0.061495;95.601807
0.061513;86.943275
0.061530;79.840233
0.061548;76.007385
0.061565;76.185791
0.061583;79.922997
0.061601;85.706863
0.061618;91.413597
0.061636;94.937050
0.061653;94.813194
0.061671;90.654198
0.061688;83.263863
0.061706;74.399719
0.061723;66.252464
0.061741;60.796822
0.061758;59.206211
0.061776;61.504822
0.061794;66.560181
0.061811;72.418579
0.061829;76.883972
0.061846;78.168968
0.061864;75.424789
0.061881;68.993179
0.061899;60.305569
0.061916;51.459160
0.061934;44.595566
0.061952;41.266155
0.061969;41.972095
0.061987;46.015617
0.062004;51.706573
0.062022;56.863201
0.062039;59.458786
0.062057;58.222492
0.062074;53.016342
0.062092;44.876572
0.062109;35.706825
0.062127;27.714317
0.062145;22.755726
0.062162;21.786865
0.062180;24.579226
0.062197;29.787441
0.062215;35.347858
0.062232;39.090084
0.062250;39.380371
0.062267;35.606121
0.062285;28.357817
0.062303;19.254456
0.062320;10.464046
0.062338;4.061232
0.062355;1.412445
0.062373;2.770766
0.062390;7.200689
0.062408;12.855182
0.062425;17.522978
0.062443;19.284014
0.062460;17.078703
0.062478;11.022363
0.062496;2.371432
0.062513;-6.848511
0.062531;-14.442834
0.062548;-18.698215
0.062566;-18.890516
0.062583;-15.499606
0.062601;-10.067364
0.062618;-4.740871
0.062636;-1.636072
0.062654;-2.210500
0.062671;-6.830977
0.062689;-14.664480
0.062706;-23.924637
0.062724;-32.400841
0.062741;-38.113277
0.062759;-39.899723
0.062776;-37.760189
0.062794;-32.857098
0.062811;-27.171024
0.062829;-22.913750
0.062847;-21.872652
0.062864;-24.880716
0.062882;-31.569271
0.062899;-40.476822
0.062917;-49.481888
0.062934;-56.431496
0.062952;-59.779263
0.062969;-59.043827
0.062987;-54.951717
0.063005;-49.222282
0.063022;-44.058208
0.063040;-41.492725
0.063057;-42.786781
0.063075;-48.055016
0.063092;-56.231327
0.063110;-65.384499
0.063127;-73.290298
0.063145;-78.090515
0.063162;-78.843834
0.063180;-75.804985
0.063198;-70.349503
0.063215;-64.566170
0.063233;-60.638138
0.063250;-60.195625
0.063268;-63.832607
0.063285;-70.930290
0.063303;-79.840172
0.063320;-88.372269
0.063338;-94.443985
0.063356;-96.697449
0.063373;-94.901978
0.063391;-90.022789
0.063408;-83.935135
0.063426;-78.868622
0.063443;-76.746399
0.063461;-78.614922
0.063478;-84.333542
0.063496;-92.615700
0.063513;-101.409927
0.063531;-108.507645
0.063549;-112.197647
0.063566;-111.773376
0.063584;-107.742577
0.063601;-101.677086
0.063619;-95.747078
0.063636;-92.078033
0.063654;-92.120544
0.063671;-96.220146
0.063689;-103.514572
0.063707;-112.188896
0.063724;-120.013123
0.063742;-125.003075
0.063759;-126.008453
0.063777;-123.053993
0.063794;-117.332420
0.063812;-110.851074
0.063829;-105.837265
0.063847;-104.077942
0.063864;-106.389938
0.063882;-112.377548
0.063900;-120.549339
0.063917;-128.759995
0.063935;-134.845825
0.063952;-137.266205
0.063970;-135.560196
0.063987;-130.483459
0.064005;-123.784637
0.064022;-117.687210
0.064040;-114.230499
0.064058;-114.665199
0.064075;-119.082359
0.064093;-126.386024
0.064110;-134.617767
0.064128;-141.536850
0.064145;-145.284302
0.064163;-144.933975
0.064180;-140.767288
0.064198;-134.190170
0.064215;-127.316475
0.064233;-122.341721
0.064251;-120.892235
0.064268;-123.543030
0.064286;-129.646896
0.064303;-137.525986
0.064321;-144.968842
0.064338;-149.885620
0.064356;-150.927658
0.064373;-147.887253
0.064391;-141.759705
0.064409;-134.448395
0.064426;-128.201096
0.064444;-124.943581
0.064461;-125.708817
0.064479;-130.330566
0.064496;-137.492188
0.064514;-145.116776
0.064531;-150.982315
0.064549;-153.380402
0.064566;-151.622742
0.064584;-146.245346
0.064602;-138.850098
0.064619;-131.630112
0.064637;-126.719978
0.064654;-125.562927
0.064672;-128.482925
0.064689;-134.588348
0.064707;-142.035934
0.064724;-148.576813
0.064742;-152.223083
0.064760;-151.837036
0.064777;-147.468628
0.064795;-140.341003
0.064812;-132.488358
0.064830;-126.153038
0.064847;-123.121185
0.064865;-124.193077
0.064882;-128.945709
0.064900;-135.857834
0.064917;-142.760635
0.064935;-147.480377
0.064953;-148.482758
0.064970;-145.327820
0.064988;-138.800720
0.065005;-130.679413
0.065023;-123.207794
0.065040;-118.430923
0.065058;-117.588745
0.065075;-120.748367
0.065093;-126.783966
0.065111;-133.710098
0.065128;-139.270050
0.065146;-141.604706
0.065163;-139.803635
0.065181;-134.175446
0.065198;-126.156425
0.065216;-117.885384
0.065233;-111.569756
0.065251;-108.831520
0.065268;-110.226219
0.065286;-115.078079
0.065304;-121.680054
0.065321;-127.799530
0.065339;-131.339996
0.065356;-130.962555
0.065374;-126.483009
0.065391;-118.926857
0.065409;-110.225647
0.065426;-102.644791
0.065444;-98.112244
0.065462;-97.647003
0.065479;-101.056862
0.065497;-106.995132
0.065514;-113.359581
0.065532;-117.915359
0.065549;-118.957436
0.065567;-115.816200
0.065584;-109.056313
0.065602;-100.309608
0.065619;-91.791908
0.065637;-85.646370
0.065655;-83.308334
0.065672;-85.079742
0.065690;-90.039421
0.065707;-96.315880
0.065725;-101.641762
0.065742;-104.025970
0.065760;-102.343880
0.065777;-96.671082
0.065795;-88.261261
0.065813;-79.175079
0.065830;-71.669640
0.065848;-67.529602
0.065865;-67.538147
0.065883;-71.244698
0.065900;-77.098129
0.065918;-82.906403
0.065935;-86.486168
0.065953;-86.309959
0.065970;-81.959274
0.065988;-74.248901
0.066006;-64.985916
0.066023;-56.434349
0.066041;-50.644314
0.066058;-48.844452
0.066076;-51.077530
0.066093;-56.187588
0.066111;-62.162346
0.066128;-66.729462
0.066146;-68.030128
0.066164;-65.170181
0.066181;-58.485523
0.066199;-49.442932
0.066216;-40.205723
0.066234;-32.992786
0.066251;-29.421041
0.066269;-30.026073
0.066286;-34.103203
0.066304;-39.916119
0.066321;-45.211357
0.066339;-47.886154
0.066357;-46.611885
0.066374;-41.228146
0.066392;-32.790695
0.066409;-23.258963
0.066427;-14.915588
0.066444;-9.690022
0.066462;-8.586629
0.066479;-11.386849
0.066497;-16.713755
0.066515;-22.439951
0.066532;-26.318058
0.066550;-26.646885
0.066567;-22.775927
0.066585;-15.298534
0.066602;-5.876479
0.066620;3.252231
0.066637;9.936447
0.066655;12.749413
0.066672;11.411755
0.066690;6.874491
0.066708;1.037377
0.066725;-3.814039
0.066743;-5.685848
0.066760;-3.466959
0.066778;2.741243
0.066795;11.654533
0.066813;21.186081
0.066830;29.064692
0.066848;33.507843
0.066866;33.750050
0.066883;30.269964
0.066901;24.648676
0.066918;19.101307
0.066936;15.820505
0.066953;16.326429
0.066971;21.015898
0.066988;29.044388
0.067006;38.575928
0.067023;47.326923
0.067041;53.242828
0.067059;55.107044
0.067076;52.901688
0.067094;47.813095
0.067111;41.880390
0.067129;37.391247
0.067146;36.203766
0.067164;39.195545
0.067181;46.003170
0.067199;55.129570
0.067217;64.387306
0.067234;71.546715
0.067252;74.996635
0.067269;74.222069
0.067287;69.957016
0.067304;63.967129
0.067322;58.526566
0.067339;55.743984
0.067357;56.937389
0.067374;62.243137
0.067392;70.575218
0.067410;79.946648
0.067427;88.058167
0.067445;92.979546
0.067462;93.721703
0.067480;90.530113
0.067497;84.812149
0.067515;78.720322
0.067532;74.514229
0.067550;73.890854
0.067568;77.481308
0.067585;84.663414
0.067603;93.745750
0.067620;102.468575
0.067638;108.673431
0.067655;110.942902
0.067673;109.020767
0.067690;103.888268
0.067708;97.473419
0.067725;92.079788
0.067743;89.703728
0.067761;91.442459
0.067778;97.168594
0.067796;105.567505
0.067813;114.526550
0.067831;121.761078
0.067848;125.491440
0.067866;124.970551
0.067883;120.705505
0.067901;114.307610
0.067919;108.014946
0.067936;104.029083
0.067954;103.862564
0.067971;107.890221
0.067989;115.237785
0.068006;124.040680
0.068024;131.996246
0.068041;137.046249
0.068059;137.986832
0.068076;134.825546
0.068094;128.779373
0.068112;121.914307
0.068129;116.533058
0.068147;114.492661
0.068164;116.653801
0.068182;122.625420
0.068199;130.880295
0.068217;139.207321
0.068234;145.366714
0.068252;147.753784
0.068270;145.874741
0.068287;140.493271
0.068305;133.404510
0.068322;126.903084
0.068340;123.103226
0.068357;123.311890
0.068375;127.641190
0.068392;134.974869
0.068410;143.298721
0.068427;150.297424
0.068445;154.040649
0.068463;153.555344
0.068480;149.114273
0.068498;142.155548
0.068515;134.856628
0.068533;129.489059
0.068550;127.745178
0.068568;130.236420
0.068585;136.311661
0.068603;144.249954
0.068621;151.770386
0.068638;156.707809
0.068656;157.654800
0.068673;154.378922
0.068691;147.891830
0.068708;140.149887
0.068726;133.474426
0.068743;129.863770
0.068761;130.400940
0.068778;134.932281
0.068796;142.112823
0.068814;149.804489
0.068831;155.709717
0.068849;158.052414
0.068866;156.104492
0.068884;150.401901
0.068901;142.586288
0.068919;134.918427
0.068936;129.608536
0.068954;128.160995
0.068971;130.928375
0.068989;137.006592
0.069007;144.502625
0.069024;151.095306
0.069042;154.723297
0.069059;154.196106
0.069077;149.547180
0.069094;142.024414
0.069112;133.720474
0.069129;126.952835
0.069147;123.576981
0.069165;124.436272
0.069182;129.111832
0.069200;136.046310
0.069217;143.005325
0.069235;147.739502
0.069252;148.651276
0.069270;145.268555
0.069287;138.385086
0.069305;129.825394
0.069323;121.904335
0.069340;116.741241
0.069358;115.631569
0.069375;118.662827
0.069393;124.688461
0.069410;131.667267
0.069428;137.268311
0.069445;139.561813
0.069463;137.591232
0.069480;131.657059
0.069498;123.228226
0.069516;114.506889
0.069533;107.776131
0.069551;104.723183
0.069568;105.939262
0.069586;110.744179
0.069603;117.387558
0.069621;123.567619
0.069638;127.113075
0.069656;126.627098
0.069674;121.901352
0.069691;113.978264
0.069709;104.842285
0.069726;96.832161
0.069744;91.947716
0.069761;91.257179
0.069779;94.580376
0.069796;100.541870
0.069814;106.978401
0.069831;111.579979
0.069849;112.574570
0.069867;109.253548
0.069884;102.182060
0.069902;93.031944
0.069919;84.086479
0.069937;77.563896
0.069954;74.959946
0.069972;76.604454
0.069989;81.563332
0.070007;87.915184
0.070025;93.320686
0.070042;95.715904
0.070060;93.924210
0.070077;88.005325
0.070095;79.238014
0.070112;69.741455
0.070130;61.847389
0.070147;57.409157
0.070165;57.252289
0.070182;60.929684
0.070200;66.853897
0.070218;72.767418
0.070235;76.411758
0.070253;76.196968
0.070270;71.673088
0.070288;63.663963
0.070305;54.023422
0.070323;45.086170
0.070340;38.975960
0.070358;36.976189
0.070376;39.149364
0.070393;44.318344
0.070411;50.415066
0.070428;55.093349
0.070446;56.424385
0.070463;53.468563
0.070481;46.554367
0.070498;37.181412
0.070516;27.576334
0.070533;20.033104
0.070551;16.233187
0.070569;16.747126
0.070586;20.865234
0.070604;26.807735
0.070621;32.252117
0.070639;35.021484
0.070656;33.729935
0.070674;28.193638
0.070691;19.485699
0.070709;9.618524
0.070727;0.947666
0.070744;-4.526175
0.070762;-5.750154
0.070779;-2.931470
0.070797;2.523823
0.070814;8.427382
0.070832;12.457106
0.070849;12.845470
0.070867;8.903663
0.070884;1.226113
0.070902;-8.485277
0.070920;-17.925207
0.070937;-24.868010
0.070955;-27.827267
0.070972;-26.496466
0.070990;-21.840036
0.071007;-15.807720
0.071025;-10.756790
0.071042;-8.753376
0.071060;-10.959873
0.071078;-17.290106
0.071095;-26.434443
0.071113;-36.247581
0.071130;-44.384098
0.071148;-48.993515
0.071165;-49.268749
0.071183;-45.685558
0.071200;-39.861683
0.071218;-34.077572
0.071235;-30.600513
0.071253;-31.012497
0.071271;-35.741062
0.071288;-43.932190
0.071306;-53.703011
0.071323;-62.699554
0.071341;-68.794258
0.071358;-70.716492
0.071376;-68.429382
0.071393;-63.140831
0.071411;-56.945808
0.071429;-52.205467
0.071446;-50.847309
0.071464;-53.793636
0.071481;-60.687878
0.071499;-69.999847
0.071516;-79.478928
0.071534;-86.820869
0.071551;-90.350685
0.071569;-89.519173
0.071586;-85.065887
0.071604;-78.800163
0.071622;-73.065010
0.071639;-70.042686
0.071657;-71.107735
0.071674;-76.419334
0.071692;-84.873680
0.071709;-94.430817
0.071727;-102.718887
0.071744;-107.737083
0.071762;-108.448639
0.071780;-105.088272
0.071797;-99.092888
0.071815;-92.675865
0.071832;-88.171127
0.071850;-87.341362
0.071867;-90.855247
0.071885;-98.089043
0.071902;-107.310959
0.071920;-116.194176
0.071937;-122.506317
0.071955;-124.770996
0.071973;-122.705620
0.071990;-117.305290
0.072008;-110.548149
0.072025;-104.809258
0.072043;-102.156555
0.072060;-103.737900
0.072078;-109.440460
0.072095;-117.923882
0.072113;-127.017097
0.072131;-134.361649
0.072148;-138.110626
0.072166;-137.476105
0.072183;-132.962875
0.072201;-126.219208
0.072218;-119.548355
0.072236;-115.226089
0.072253;-114.826065
0.072271;-118.753197
0.072288;-126.123230
0.072306;-135.024567
0.072324;-143.084473
0.072341;-148.172287
0.072359;-149.030884
0.072376;-145.649490
0.072394;-139.267120
0.072411;-132.005600
0.072429;-126.240814
0.072446;-123.898560
0.072464;-125.883553
0.072482;-131.810974
0.072499;-140.120224
0.072517;-148.537140
0.072534;-154.747833
0.072552;-157.084534
0.072569;-155.019928
0.072587;-149.323853
0.072604;-141.835312
0.072622;-134.917572
0.072639;-130.757935
0.072657;-130.719238
0.072675;-134.935730
0.072692;-142.272949
0.072710;-150.663681
0.072727;-157.720367
0.072745;-161.442764
0.072762;-160.810776
0.072780;-156.087189
0.072797;-148.739929
0.072815;-141.007278
0.072833;-135.234726
0.072850;-133.179642
0.072868;-135.490326
0.072885;-141.513535
0.072903;-149.487839
0.072920;-157.065369
0.072938;-162.007614
0.072955;-162.848938
0.072973;-159.331131
0.072990;-152.480347
0.073008;-144.303116
0.073026;-137.191956
0.073043;-133.216248
0.073061;-133.508896
0.073078;-137.930252
0.073096;-145.109192
0.073113;-152.849304
0.073131;-158.779602
0.073148;-161.057419
0.073166;-158.914520
0.073184;-152.885223
0.073201;-144.648300
0.073219;-136.529678
0.073236;-130.813217
0.073254;-129.063782
0.073271;-131.663315
0.073289;-137.697266
0.073306;-145.225479
0.073324;-151.856964
0.073341;-155.458542
0.073359;-154.787201
0.073377;-149.858704
0.073394;-141.943359
0.073412;-133.189789
0.073429;-125.988213
0.073447;-122.262253
0.073464;-122.898628
0.073482;-127.484062
0.073499;-134.427628
0.073517;-141.431900
0.073535;-146.173935
0.073552;-146.993698
0.073570;-143.386429
0.073587;-136.152405
0.073605;-127.160248
0.073622;-118.793297
0.073640;-113.243347
0.073657;-111.861061
0.073675;-114.755424
0.073692;-120.761253
0.073710;-127.784264
0.073728;-133.421661
0.073745;-135.674301
0.073763;-133.539368
0.073780;-127.307991
0.073798;-118.479179
0.073815;-109.315979
0.073833;-102.174896
0.073850;-98.807526
0.073868;-99.841324
0.073886;-104.593376
0.073903;-111.272621
0.073921;-117.510483
0.073938;-121.062859
0.073956;-120.475365
0.073973;-115.514679
0.073991;-107.238014
0.074008;-97.680222
0.074026;-89.250870
0.074043;-84.020271
0.074061;-83.105865
0.074079;-86.340775
0.074096;-92.323105
0.074114;-98.831230
0.074131;-103.482170
0.074149;-104.437904
0.074166;-100.950455
0.074184;-93.583786
0.074201;-84.047180
0.074219;-74.688889
0.074237;-67.800339
0.074254;-64.937065
0.074272;-66.457520
0.074289;-71.416695
0.074307;-77.845924
0.074324;-83.336273
0.074342;-85.752548
0.074359;-83.866280
0.074377;-77.720146
0.074394;-68.615746
0.074412;-58.728153
0.074430;-50.461552
0.074447;-45.736767
0.074465;-45.421940
0.074482;-49.075020
0.074500;-55.074612
0.074517;-61.100327
0.074535;-64.820518
0.074552;-64.583427
0.074570;-59.907047
0.074588;-51.622349
0.074605;-41.627396
0.074623;-32.325096
0.074640;-25.911201
0.074658;-23.723551
0.074675;-25.845440
0.074693;-31.080700
0.074710;-37.308090
0.074728;-42.109859
0.074745;-43.488434
0.074763;-40.458679
0.074781;-33.340214
0.074798;-23.663120
0.074816;-13.714777
0.074833;-5.862184
0.074851;-1.850509
0.074868;-2.285769
0.074886;-6.455048
0.074903;-12.537599
0.074921;-18.144348
0.074939;-21.025986
0.074956;-19.739788
0.074974;-14.077538
0.074991;-5.127622
0.075009;5.047151
0.075026;14.020635
0.075044;19.722261
0.075061;21.050735
0.075079;18.200577
0.075096;12.604666
0.075114;6.509728
0.075132;2.310498
0.075149;1.839846
0.075167;5.825298
0.075184;13.673028
0.075202;23.643457
0.075219;33.366493
0.075237;40.543770
0.075254;43.629795
0.075272;42.290096
0.075290;37.500553
0.075307;31.258339
0.075325;25.990099
0.075342;23.832710
0.075360;25.999731
0.075377;32.421402
0.075395;41.764904
0.075412;51.829037
0.075430;60.196316
0.075447;64.949379
0.075465;65.239319
0.075483;61.537426
0.075500;55.495693
0.075518;49.457382
0.075535;45.762547
0.075553;46.054298
0.075570;50.791580
0.075588;59.112778
0.075605;69.090645
0.075623;78.303230
0.075641;84.551521
0.075658;86.511169
0.075676;84.125175
0.075693;78.620934
0.075711;72.146675
0.075728;67.134842
0.075746;65.581100
0.075763;68.452637
0.075781;75.401154
0.075798;84.865723
0.075816;94.535049
0.075834;102.032295
0.075851;105.619446
0.075869;104.712547
0.075886;100.054939
0.075904;93.497177
0.075921;87.448677
0.075939;84.163628
0.075956;85.072769
0.075974;90.359001
0.075992;98.902847
0.076009;108.613831
0.076027;117.049866
0.076044;122.140839
0.076062;122.802261
0.076079;119.256805
0.076097;112.968613
0.076114;106.209442
0.076132;101.385506
0.076149;100.324196
0.076167;103.732285
0.076185;110.986076
0.076202;120.315895
0.076220;129.330292
0.076237;135.724686
0.076255;137.964294
0.076272;135.739288
0.076290;130.056686
0.076307;122.942307
0.076325;116.840271
0.076343;113.888809
0.076360;115.286232
0.076378;120.935555
0.076395;129.472839
0.076413;138.671158
0.076430;146.100342
0.076448;149.847260
0.076465;149.082855
0.076483;144.308075
0.076500;137.205704
0.076518;130.141800
0.076536;125.464432
0.076553;124.807808
0.076571;128.607529
0.076588;135.971329
0.076606;144.942993
0.076623;153.082123
0.076641;158.187119
0.076658;158.947845
0.076676;155.334076
0.076694;148.604752
0.076711;140.935043
0.076729;134.771835
0.076746;132.108551
0.076764;133.894073
0.076781;139.751328
0.076799;148.088638
0.076816;156.571289
0.076834;162.813171
0.076851;165.084183
0.076869;162.822998
0.076887;156.803726
0.076904;148.906830
0.076922;141.561890
0.076939;137.027649
0.076957;136.722427
0.076974;140.803650
0.076992;148.120667
0.077009;156.555756
0.077027;163.651337
0.077045;167.338470
0.077062;166.550125
0.077080;161.537567
0.077097;153.796356
0.077115;145.623215
0.077132;139.435440
0.077150;137.054657
0.077167;139.166458
0.077185;145.117203
0.077202;153.107300
0.077220;160.724411
0.077238;165.658295
0.077255;166.385605
0.077273;162.621597
0.077290;155.404785
0.077308;146.789490
0.077325;139.237152
0.077343;134.886902
0.077360;134.921402
0.077378;139.216248
0.077396;146.376373
0.077413;154.149475
0.077431;160.093246
0.077448;162.299377
0.077466;159.959213
0.077483;153.603775
0.077501;144.946732
0.077518;136.376633
0.077536;130.249268
0.077553;128.189392
0.077571;130.609039
0.077589;136.585052
0.077606;144.132614
0.077624;150.793198
0.077641;154.363235
0.077659;153.547348
0.077676;148.342590
0.077694;140.039536
0.077711;130.840195
0.077729;123.205574
0.077747;119.126282
0.077764;119.532593
0.077782;124.018333
0.077799;130.961182
0.077817;138.003265
0.077834;142.749817
0.077852;143.479126
0.077869;139.653015
0.077887;132.076645
0.077904;122.660286
0.077922;113.853394
0.077940;107.918755
0.077957;106.261856
0.077975;109.014206
0.077992;114.994003
0.078010;122.056335
0.078027;127.728676
0.078045;129.943741
0.078062;127.652451
0.078080;121.135025
0.078098;111.918472
0.078115;102.324188
0.078133;94.780258
0.078150;91.101784
0.078168;91.952888
0.078185;96.649704
0.078203;103.362785
0.078220;109.659172
0.078238;113.223495
0.078255;112.544365
0.078273;107.362473
0.078291;98.747963
0.078308;88.783554
0.078326;79.947510
0.078343;74.379326
0.078361;73.245552
0.078378;76.393890
0.078396;82.398186
0.078413;88.980835
0.078431;93.687881
0.078449;94.616264
0.078466;90.978203
0.078484;83.335022
0.078501;73.431068
0.078519;63.677170
0.078536;56.436249
0.078554;53.323044
0.078571;54.725452
0.078589;59.689373
0.078606;66.201256
0.078624;71.784843
0.078642;74.235039
0.078659;72.271690
0.078677;65.919319
0.078694;56.500240
0.078712;46.242985
0.078729;37.622143
0.078747;32.624989
0.078764;32.162479
0.078782;35.799122
0.078800;41.881813
0.078817;48.029686
0.078835;51.839699
0.078852;51.599010
0.078870;46.792873
0.078887;38.257622
0.078905;27.933155
0.078922;18.288319
0.078940;11.589369
0.078957;9.228314
0.078975;11.310246
0.078993;16.622002
0.079010;22.991556
0.079028;27.931694
0.079045;29.377245
0.079063;26.297394
0.079080;19.001537
0.079098;9.047991
0.079115;-1.217506
0.079133;-9.356788
0.079151;-13.561789
0.079168;-13.190488
0.079186;-8.957355
0.079203;-2.721774
0.079221;3.062921
0.079238;6.076580
0.079256;4.820052
0.079273;-0.940175
0.079291;-10.102383
0.079308;-20.555767
0.079326;-29.805735
0.079344;-35.713108
0.079361;-37.128147
0.079379;-34.231422
0.079396;-28.480509
0.079414;-22.178114
0.079431;-17.789675
0.079449;-17.212521
0.079466;-21.213301
0.079484;-29.200378
0.079502;-39.398792
0.079519;-49.376003
0.079537;-56.762592
0.079554;-59.954525
0.079572;-58.588573
0.079589;-53.650219
0.079607;-47.181690
0.079624;-41.676826
0.079642;-39.341904
0.079659;-41.441521
0.079677;-47.923500
0.079695;-57.433918
0.079712;-67.718079
0.079730;-76.288422
0.079747;-81.161743
0.079765;-81.446999
0.079782;-77.609520
0.079800;-71.333336
0.079817;-65.022186
0.079835;-61.087124
0.079853;-61.231792
0.079870;-65.947227
0.079888;-74.365959
0.079905;-84.518715
0.079923;-93.917809
0.079940;-100.294220
0.079958;-102.270134
0.079975;-99.767372
0.079993;-94.030823
0.080010;-87.259598
0.080028;-81.955368
0.080046;-80.180908
0.080063;-82.948425
0.080081;-89.919281
0.080098;-99.503998
0.080116;-109.332970
0.080133;-116.958565
0.080151;-120.580528
0.080168;-119.579567
0.080186;-114.701149
0.080204;-107.834702
0.080221;-101.453827
0.080239;-97.883179
0.080256;-98.609268
0.080274;-103.839668
0.080291;-112.441132
0.080309;-122.275146
0.080326;-130.831360
0.080344;-135.971634
0.080361;-136.563690
0.080379;-132.816971
0.080397;-126.220596
0.080414;-119.102417
0.080432;-113.939064
0.080449;-112.621811
0.080467;-115.895912
0.080484;-123.139313
0.080502;-132.546768
0.080519;-141.664474
0.080537;-148.117203
0.080555;-150.312332
0.080572;-147.911926
0.080590;-141.933121
0.080607;-134.446945
0.080625;-127.964630
0.080642;-124.693253
0.080660;-125.881599
0.080677;-131.449631
0.080695;-140.011978
0.080712;-149.288132
0.080730;-156.778198
0.080748;-160.503784
0.080765;-159.594330
0.080783;-154.545502
0.080800;-147.072433
0.080818;-139.601593
0.080835;-134.551727
0.080853;-133.616959
0.080870;-137.264359
0.080888;-144.595306
0.080906;-153.611481
0.080923;-161.806778
0.080941;-166.910233
0.080958;-167.558762
0.080976;-163.701721
0.080993;-156.615936
0.081011;-148.527588
0.081028;-141.952606
0.081046;-138.950912
0.081063;-140.515823
0.081081;-146.279358
0.081099;-154.621002
0.081116;-163.147690
0.081134;-169.403000
0.081151;-171.595108
0.081169;-169.128036
0.081186;-162.778625
0.081204;-154.466431
0.081221;-146.685135
0.081239;-141.763458
0.081257;-141.174973
0.081274;-145.101074
0.081292;-152.377014
0.081309;-160.836761
0.081327;-167.954849
0.081344;-171.594833
0.081362;-170.642502
0.081379;-165.336533
0.081397;-157.197861
0.081414;-148.579315
0.081432;-141.968353
0.081450;-139.249832
0.081467;-141.147263
0.081485;-147.008133
0.081502;-154.996964
0.081520;-162.639130
0.081537;-167.554291
0.081555;-168.161789
0.081572;-164.149460
0.081590;-156.566452
0.081608;-147.512466
0.081625;-139.515823
0.081643;-134.784088
0.081660;-134.549744
0.081678;-138.704712
0.081695;-145.832123
0.081713;-153.626038
0.081730;-159.574753
0.081748;-161.705200
0.081765;-159.167984
0.081783;-152.489349
0.081801;-143.415588
0.081818;-134.395691
0.081836;-127.855743
0.081853;-125.479813
0.081871;-127.710724
0.081888;-133.618561
0.081906;-141.176071
0.081923;-147.859314
0.081941;-151.395721
0.081959;-150.437714
0.081976;-144.962463
0.081994;-136.278915
0.082011;-126.640182
0.082029;-118.576012
0.082046;-114.143059
0.082064;-114.315300
0.082081;-118.695160
0.082099;-125.631096
0.082116;-132.706940
0.082134;-137.457886
0.082152;-138.101166
0.082169;-134.064606
0.082187;-126.156555
0.082204;-116.326668
0.082222;-107.088356
0.082239;-100.773987
0.082257;-98.843613
0.082274;-101.452133
0.082292;-107.403145
0.082310;-114.503380
0.082327;-120.212570
0.082345;-122.396446
0.082362;-119.959419
0.082380;-113.169662
0.082397;-103.579971
0.082415;-93.567863
0.082432;-85.631180
0.082450;-81.647804
0.082467;-82.319054
0.082485;-86.961647
0.082503;-93.709961
0.082520;-100.068893
0.082538;-103.653328
0.082555;-102.895126
0.082573;-97.508278
0.082590;-88.573936
0.082608;-78.220444
0.082625;-68.992706
0.082643;-63.098167
0.082661;-61.752518
0.082678;-64.819244
0.082696;-70.849907
0.082713;-77.513260
0.082731;-82.286163
0.082748;-83.201408
0.082766;-79.431068
0.082783;-71.532211
0.082801;-61.282166
0.082818;-51.152103
0.082836;-43.574821
0.082854;-40.223801
0.082871;-41.517082
0.082889;-46.493259
0.082906;-53.096176
0.082924;-58.784275
0.082941;-61.283890
0.082959;-59.263309
0.082976;-52.727783
0.082994;-43.018345
0.083012;-32.414761
0.083029;-23.460077
0.083047;-18.207062
0.083064;-17.609760
0.083082;-21.240612
0.083099;-27.416977
0.083117;-33.699703
0.083134;-37.616032
0.083152;-37.392609
0.083169;-32.481342
0.083187;-23.722229
0.083205;-13.094789
0.083222;-3.131676
0.083240;3.831743
0.083257;6.349523
0.083275;4.293787
0.083292;-1.107197
0.083310;-7.632901
0.083327;-12.728580
0.083345;-14.262524
0.083363;-11.158092
0.083380;-3.713139
0.083398;6.487854
0.083415;17.043041
0.083433;25.444824
0.083450;29.822947
0.083468;29.498884
0.083485;25.187059
0.083503;18.783304
0.083520;12.803068
0.083538;9.635885
0.083556;10.836990
0.083573;16.666069
0.083591;26.009914
0.083608;36.711975
0.083626;46.211224
0.083643;52.301025
0.083661;53.783169
0.083678;50.823067
0.083696;44.900974
0.083714;38.373341
0.083731;33.774525
0.083749;33.065498
0.083766;37.052437
0.083784;45.147404
0.083801;55.542225
0.083819;65.744064
0.083836;73.314034
0.083854;76.589989
0.083871;75.179207
0.083889;70.074974
0.083907;63.362389
0.083924;57.600433
0.083942;55.063545
0.083959;57.067287
0.083977;63.578171
0.083994;73.223145
0.084012;83.696236
0.084029;92.441704
0.084047;97.411385
0.084065;97.671822
0.084082;93.680992
0.084100;87.152855
0.084117;80.549416
0.084135;76.351166
0.084152;76.321686
0.084170;80.984749
0.084187;89.468735
0.084205;99.764572
0.084222;109.320877
0.084240;115.800018
0.084258;117.770828
0.084275;115.133041
0.084293;109.147095
0.084310;102.060760
0.084328;96.443062
0.084345;94.422829
0.084363;97.057480
0.084380;104.019386
0.084398;113.692581
0.084416;123.651321
0.084433;131.378922
0.084451;135.013504
0.084468;133.899948
0.084486;128.784195
0.084503;121.592461
0.084521;114.860397
0.084538;110.981628
0.084556;111.498238
0.084573;116.643326
0.084591;125.271782
0.084609;135.199142
0.084626;143.848862
0.084644;149.015854
0.084661;149.520020
0.084679;145.556244
0.084696;138.636765
0.084714;131.143280
0.084731;125.621010
0.084749;124.024422
0.084767;127.137672
0.084784;134.341919
0.084802;143.798370
0.084819;152.993042
0.084837;159.481644
0.084854;161.614014
0.084872;159.023361
0.084889;152.735229
0.084907;144.863678
0.084924;137.984924
0.084942;134.373856
0.084960;135.329575
0.084977;140.790161
0.084995;149.350754
0.085012;158.679489
0.085030;166.208557
0.085047;169.895142
0.085065;168.826950
0.085082;163.492859
0.085100;155.638260
0.085118;147.747955
0.085135;142.309784
0.085153;141.077240
0.085170;144.549545
0.085188;151.823456
0.085205;160.860611
0.085223;169.091415
0.085240;174.176575
0.085258;174.700500
0.085275;170.590942
0.085293;163.140762
0.085311;154.624969
0.085328;147.626648
0.085346;144.271301
0.085363;145.596863
0.085381;151.245789
0.085398;159.570679
0.085416;168.122467
0.085433;174.375854
0.085451;176.478058
0.085469;173.797897
0.085486;167.113251
0.085504;158.380722
0.085521;150.155930
0.085539;144.836288
0.085556;143.950272
0.085574;147.704285
0.085591;154.921158
0.085609;163.388901
0.085626;170.515976
0.085644;174.099442
0.085662;172.977966
0.085679;167.376221
0.085697;158.838730
0.085714;149.772125
0.085732;142.732315
0.085749;139.666763
0.085767;141.337296
0.085784;147.093994
0.085802;155.067657
0.085820;162.723526
0.085837;167.612488
0.085855;168.097015
0.085872;163.836731
0.085890;155.889633
0.085907;146.398666
0.085925;137.957047
0.085942;132.839645
0.085960;132.328735
0.085977;136.333694
0.085995;143.417801
0.086013;151.223694
0.086030;157.171936
0.086048;159.225647
0.086065;156.494232
0.086083;149.497803
0.086100;140.013184
0.086118;130.547729
0.086135;123.596222
0.086153;120.901604
0.086171;122.938217
0.086188;128.771011
0.086206;136.332489
0.086223;143.035278
0.086241;146.539017
0.086258;145.444107
0.086276;139.706741
0.086293;130.652420
0.086311;120.583145
0.086328;112.095596
0.086346;107.311569
0.086364;107.249008
0.086381;111.520180
0.086399;118.446373
0.086416;125.555298
0.086434;130.313690
0.086451;130.878296
0.086469;126.642342
0.086486;118.415787
0.086504;108.185547
0.086522;98.526955
0.086539;91.840591
0.086557;89.640884
0.086574;92.107079
0.086592;98.029953
0.086609;105.170029
0.086627;110.921181
0.086644;113.083145
0.086662;110.513741
0.086679;103.467812
0.086697;93.522003
0.086715;83.107765
0.086732;74.791054
0.086750;70.511871
0.086767;71.009178
0.086785;75.601784
0.086802;82.390038
0.086820;88.818672
0.086837;92.434235
0.086855;91.612244
0.086873;86.039085
0.086890;76.805237
0.086908;66.082436
0.086925;56.480381
0.086943;50.273335
0.086960;48.726139
0.086978;51.719189
0.086995;57.783733
0.087013;64.536995
0.087030;69.388351
0.087048;70.307251
0.087066;66.425224
0.087083;58.293678
0.087101;47.720833
0.087118;37.236141
0.087136;29.340815
0.087153;25.766596
0.087171;26.962421
0.087188;31.961210
0.087206;38.666340
0.087224;44.472923
0.087241;47.039902
0.087259;44.984066
0.087276;38.290371
0.087294;28.316711
0.087311;17.391912
0.087329;8.125721
0.087346;2.635500
0.087364;1.918658
0.087381;5.556904
0.087399;11.840055
0.087417;18.272774
0.087434;22.314131
0.087452;22.130796
0.087469;17.140717
0.087487;8.185959
0.087504;-2.716458
0.087522;-12.972048
0.087539;-20.177616
0.087557;-22.833490
0.087575;-20.788061
0.087592;-15.282897
0.087610;-8.584906
0.087627;-3.314540
0.087645;-1.669072
0.087662;-4.771135
0.087680;-12.335669
0.087697;-22.753994
0.087715;-33.570271
0.087732;-42.209080
0.087750;-46.738640
0.087768;-46.443401
0.087785;-42.036232
0.087803;-35.447350
0.087820;-29.252304
0.087838;-25.908659
0.087855;-27.027439
0.087873;-32.895351
0.087890;-42.389439
0.087908;-53.309532
0.087926;-63.030033
0.087943;-69.277946
0.087961;-70.806503
0.087978;-67.764870
0.087996;-61.654003
0.088013;-54.882042
0.088031;-50.050552
0.088048;-49.183437
0.088066;-53.126789
0.088083;-61.297817
0.088101;-71.857170
0.088119;-82.253784
0.088136;-89.980705
0.088154;-93.318092
0.088171;-91.842979
0.088189;-86.554855
0.088206;-79.579544
0.088224;-73.539261
0.088241;-70.775459
0.088259;-72.654625
0.088277;-79.163002
0.088294;-88.910294
0.088312;-99.541367
0.088329;-108.434013
0.088347;-113.475998
0.088364;-113.691109
0.088382;-109.528679
0.088399;-102.730568
0.088417;-95.815018
0.088434;-91.330406
0.088452;-91.099785
0.088470;-95.680344
0.088487;-104.197876
0.088505;-114.605576
0.088522;-124.290352
0.088540;-130.847137
0.088557;-132.791672
0.088575;-130.000580
0.088592;-123.748055
0.088610;-116.328438
0.088628;-110.376373
0.088645;-108.085747
0.088663;-110.559418
0.088680;-117.482033
0.088698;-127.213058
0.088715;-137.272720
0.088733;-145.076828
0.088750;-148.702530
0.088768;-147.458298
0.088785;-142.089096
0.088803;-134.555832
0.088821;-127.454247
0.088838;-123.245659
0.088856;-123.527397
0.088873;-128.559021
0.088891;-137.185226
0.088908;-147.177750
0.088926;-155.895660
0.088943;-161.067963
0.088961;-161.466690
0.088979;-157.270935
0.088996;-150.014191
0.089014;-142.129929
0.089031;-136.230362
0.089049;-134.332428
0.089066;-137.259598
0.089084;-144.397659
0.089101;-153.876373
0.089119;-163.123520
0.089136;-169.627121
0.089154;-171.679932
0.089172;-168.885498
0.089189;-162.276093
0.089207;-154.006744
0.089224;-146.716827
0.089242;-142.747879
0.089259;-143.449326
0.089277;-148.778473
0.089294;-157.312698
0.089312;-166.671021
0.089330;-174.219299
0.089347;-177.851120
0.089365;-176.612167
0.089382;-170.983170
0.089400;-162.737823
0.089417;-154.417175
0.089435;-148.576736
0.089452;-147.028900
0.089470;-150.305756
0.089487;-157.500961
0.089505;-166.538162
0.089523;-174.786209
0.089540;-179.838776
0.089558;-180.227722
0.089575;-175.858322
0.089593;-168.037704
0.089610;-159.087570
0.089628;-151.656433
0.089645;-147.934509
0.089663;-149.004532
0.089681;-154.520676
0.089698;-162.810715
0.089716;-171.371368
0.089733;-177.610229
0.089751;-179.613998
0.089768;-176.715759
0.089786;-169.692932
0.089803;-160.537109
0.089821;-151.863983
0.089838;-146.138321
0.089856;-144.943268
0.089874;-148.511139
0.089891;-155.654099
0.089909;-164.116180
0.089926;-171.241638
0.089944;-174.762039
0.089961;-173.468750
0.089979;-167.571365
0.089996;-158.635925
0.090014;-149.121033
0.090032;-141.649307
0.090049;-138.230209
0.090067;-139.664291
0.090084;-145.305771
0.090102;-153.253647
0.090119;-160.914978
0.090137;-165.773270
0.090154;-166.134460
0.090172;-161.629181
0.090189;-153.322556
0.090207;-143.398819
0.090225;-134.514206
0.090242;-129.009781
0.090260;-128.217636
0.090277;-132.065765
0.090295;-139.099335
0.090312;-146.911636
0.090330;-152.857193
0.090347;-154.835999
0.090365;-151.916000
0.090383;-144.609741
0.090400;-134.722702
0.090418;-124.818497
0.090435;-117.459274
0.090453;-114.446396
0.090470;-116.286377
0.090488;-122.040642
0.090505;-129.603470
0.090523;-136.325943
0.090540;-139.801056
0.090558;-138.577255
0.090576;-132.588882
0.090593;-123.176010
0.090611;-112.687630
0.090628;-103.785629
0.090646;-98.656036
0.090663;-98.361023
0.090681;-102.524010
0.090698;-109.441055
0.090716;-116.585663
0.090734;-121.357635
0.090751;-121.853783
0.090769;-117.432152
0.090786;-108.902786
0.090804;-98.287842
0.090821;-88.222641
0.090839;-81.174835
0.090856;-78.712929
0.090874;-81.041466
0.090891;-86.940086
0.090909;-94.125153
0.090927;-99.926460
0.090944;-102.078659
0.090962;-99.392860
0.090979;-92.109375
0.090997;-81.826767
0.091014;-71.028503
0.091032;-62.347073
0.091049;-57.783905
0.091067;-58.116112
0.091085;-62.666061
0.091102;-69.501999
0.091120;-76.010483
0.091137;-79.670982
0.091155;-78.803017
0.091172;-73.064522
0.091190;-63.553623
0.091207;-52.483509
0.091225;-42.526775
0.091242;-36.023518
0.091260;-34.287766
0.091278;-37.217922
0.091295;-43.326717
0.091313;-50.181873
0.091330;-55.126919
0.091348;-56.068634
0.091365;-52.097664
0.091383;-43.758392
0.091400;-32.887970
0.091418;-22.072163
0.091436;-13.879210
0.091453;-10.098726
0.091471;-11.211228
0.091488;-16.245581
0.091506;-23.066666
0.091523;-29.008106
0.091541;-31.662565
0.091558;-29.595419
0.091576;-22.770281
0.091593;-12.560158
0.091611;-1.340882
0.091629;8.212747
0.091646;13.919592
0.091664;14.738623
0.091681;11.077579
0.091699;4.672276
0.091716;-1.927727
0.091734;-6.114767
0.091751;-5.996055
0.091769;-0.954945
0.091787;8.165943
0.091804;19.314074
0.091822;29.835012
0.091839;37.258934
0.091857;40.032604
0.091874;37.979774
0.091892;32.353600
0.091909;25.465359
0.091927;19.999500
0.091944;18.217957
0.091962;21.289534
0.091980;28.943159
0.091997;39.547836
0.092015;50.595703
0.092032;59.445045
0.092050;64.103157
0.092067;63.816959
0.092085;59.296337
0.092102;52.503918
0.092120;46.073471
0.092138;42.529324
0.092155;43.538017
0.092173;49.414112
0.092190;59.026562
0.092208;70.133591
0.092225;80.046791
0.092243;86.427795
0.092260;87.981232
0.092278;84.838860
0.092295;78.520599
0.092313;71.484238
0.092331;66.397034
0.092348;65.345093
0.092366;69.214844
0.092383;77.430016
0.092401;88.122025
0.092418;98.683479
0.092436;106.540718
0.092453;109.916595
0.092471;108.357178
0.092489;102.866554
0.092506;95.609261
0.092524;89.269012
0.092541;86.253181
0.092559;87.979134
0.092576;94.453918
0.092594;104.271713
0.092611;115.030251
0.092629;124.042442
0.092646;129.132797
0.092664;129.282104
0.092682;124.929672
0.092699;117.843407
0.092717;110.595879
0.092734;105.801949
0.092752;105.343651
0.092769;109.812202
0.092787;118.332375
0.092804;128.821625
0.092822;138.606903
0.092840;145.216965
0.092857;147.114548
0.092875;144.152191
0.092892;137.616241
0.092910;129.845581
0.092927;123.538727
0.092945;120.953857
0.092962;123.239471
0.092980;130.093643
0.092997;139.853149
0.093015;149.986176
0.093033;157.842499
0.093050;161.438782
0.093068;160.046631
0.093085;154.408630
0.093103;146.518356
0.093120;139.029785
0.093138;134.470764
0.093155;134.493591
0.093173;139.385162
0.093191;147.981552
0.093208;158.012787
0.093226;166.775223
0.093243;171.932907
0.093261;172.209854
0.093278;167.768433
0.093296;160.161453
0.093313;151.872147
0.093331;145.578293
0.093348;143.358627
0.093366;146.076340
0.093384;153.123260
0.093401;162.599579
0.093419;171.876770
0.093436;178.376465
0.093454;180.334625
0.093471;177.324509
0.093489;170.383392
0.093506;161.705383
0.093524;153.991272
0.093542;149.648163
0.093559;150.075821
0.093577;155.251801
0.093594;163.737595
0.093612;173.104843
0.093629;180.654861
0.093647;184.218369
0.093664;182.798584
0.093682;176.866928
0.093699;168.223404
0.093717;159.463501
0.093735;153.208954
0.093752;151.330719
0.093770;154.394272
0.093787;161.491776
0.093805;170.510910
0.093822;178.760620
0.093840;183.768768
0.093857;184.014709
0.093875;179.380341
0.093893;171.185272
0.093910;161.796097
0.093928;153.924988
0.093945;149.826065
0.093963;150.627167
0.093980;155.995300
0.093998;164.235229
0.094015;172.791565
0.094033;179.006073
0.094050;180.905502
0.094068;177.786682
0.094086;170.425079
0.094103;160.845367
0.094121;151.721497
0.094138;145.584366
0.094156;144.071671
0.094173;147.442383
0.094191;154.499710
0.094208;162.945663
0.094226;170.061966
0.094244;173.515610
0.094261;172.050522
0.094279;165.860092
0.094296;156.530167
0.094314;146.569229
0.094331;138.665237
0.094349;134.888992
0.094366;136.080261
0.094384;141.598694
0.094401;149.513412
0.094419;157.175201
0.094437;162.001434
0.094454;162.241791
0.094472;157.497131
0.094489;148.838165
0.094507;138.488449
0.094524;129.165482
0.094542;123.275620
0.094559;122.200699
0.094577;125.888397
0.094595;132.867569
0.094612;140.684006
0.094630;146.627823
0.094647;148.536575
0.094665;145.436386
0.094682;137.830963
0.094700;127.552490
0.094717;117.219032
0.094735;109.458771
0.094752;106.131058
0.094770;107.775269
0.094788;113.450836
0.094805;121.015717
0.094823;127.761223
0.094840;131.214798
0.094858;129.872971
0.094875;123.647247
0.094893;113.890694
0.094910;102.997223
0.094928;93.692390
0.094946;88.225624
0.094963;87.703621
0.094981;91.762131
0.094998;98.673805
0.095016;105.859901
0.095033;110.654640
0.095051;111.095337
0.095068;106.504379
0.095086;97.690338
0.095103;86.708778
0.095121;76.253235
0.095139;68.857170
0.095156;66.143097
0.095174;68.341629
0.095191;74.222977
0.095209;81.461281
0.095226;87.323860
0.095244;89.481163
0.095261;86.697464
0.095279;79.197357
0.095297;68.599617
0.095314;57.437725
0.095332;48.409275
0.095349;43.576550
0.095367;43.755287
0.095384;48.272762
0.095402;55.167027
0.095419;61.768276
0.095437;65.490120
0.095454;64.596329
0.095472;58.715652
0.095490;48.952259
0.095507;37.558826
0.095525;27.269201
0.095542;20.488323
0.095560;18.579451
0.095577;21.460052
0.095595;27.626093
0.095612;34.597691
0.095630;39.654045
0.095648;40.639938
0.095665;36.604740
0.095683;28.084503
0.095700;16.943449
0.095718;5.821823
0.095735;-2.646413
0.095753;-6.614144
0.095770;-5.568595
0.095788;-0.483444
0.095805;6.469615
0.095823;12.564435
0.095841;15.328437
0.095858;13.275618
0.095876;6.347295
0.095893;-4.070135
0.095911;-15.555723
0.095928;-25.371208
0.095946;-31.272438
0.095963;-32.174488
0.095981;-28.473316
0.095999;-21.928570
0.096016;-15.142159
0.096034;-10.787124
0.096051;-10.815266
0.096069;-15.878407
0.096086;-25.134838
0.096104;-36.498405
0.096121;-47.256485
0.096139;-54.873753
0.096156;-57.743546
0.096174;-55.664108
0.096192;-49.898556
0.096209;-42.800629
0.096227;-37.117142
0.096244;-35.173862
0.096262;-38.185947
0.096279;-45.897469
0.096297;-56.656895
0.096314;-67.906227
0.096332;-76.938881
0.096350;-81.701775
0.096367;-81.403809
0.096385;-76.750504
0.096402;-69.735062
0.096420;-63.047653
0.096437;-59.278179
0.096455;-60.148499
0.096472;-66.001785
0.096490;-75.700523
0.096507;-86.963203
0.096525;-97.040314
0.096543;-103.528976
0.096560;-105.085205
0.096578;-101.822281
0.096595;-95.277351
0.096613;-87.955948
0.096630;-82.589561
0.096648;-81.325867
0.096665;-85.092049
0.096683;-93.319656
0.096701;-104.112694
0.096718;-114.809303
0.096736;-122.770355
0.096753;-126.161728
0.096771;-124.497879
0.096788;-118.785889
0.096806;-111.227234
0.096823;-104.565353
0.096841;-101.272530
0.096858;-102.817078
0.096876;-109.227737
0.096894;-119.084923
0.096911;-129.941071
0.096929;-139.045868
0.096946;-144.161148
0.096964;-144.224426
0.096981;-139.663864
0.096999;-132.271576
0.097016;-124.672539
0.097034;-119.546837
0.097052;-118.835114
0.097069;-123.163155
0.097087;-131.656189
0.097104;-142.197754
0.097122;-152.056732
0.097139;-158.696655
0.097157;-160.527359
0.097174;-157.376572
0.097192;-150.541000
0.097209;-142.402237
0.097227;-135.721100
0.097245;-132.819260
0.097262;-134.891037
0.097280;-141.649094
0.097297;-151.409317
0.097315;-161.589722
0.097332;-169.475357
0.097350;-173.023010
0.097367;-171.466919
0.097385;-165.545792
0.097403;-157.284134
0.097420;-149.392380
0.097438;-144.463715
0.097455;-144.205246
0.097473;-148.931946
0.097490;-157.472977
0.097508;-167.518417
0.097525;-176.303589
0.097543;-181.428482
0.097560;-181.568985
0.097578;-176.869629
0.097596;-168.900864
0.097613;-160.193848
0.097631;-153.490463
0.097648;-150.930542
0.097666;-153.417572
0.097683;-160.350647
0.097701;-169.802261
0.097718;-179.089340
0.097736;-185.568359
0.097754;-187.418823
0.097771;-184.182907
0.097789;-176.901474
0.097806;-167.805817
0.097824;-159.656418
0.097841;-154.925003
0.097859;-155.061768
0.097876;-160.065414
0.097894;-168.483246
0.097911;-177.841492
0.097929;-185.378281
0.097947;-188.862228
0.097964;-187.253830
0.097982;-181.013794
0.097999;-171.966827
0.098017;-162.760941
0.098034;-156.082825
0.098052;-153.861572
0.098069;-156.696793
0.098087;-163.680511
0.098105;-172.666275
0.098122;-180.904922
0.098140;-185.859436
0.098157;-185.956879
0.098175;-181.054764
0.098192;-172.483688
0.098210;-162.653076
0.098227;-154.337372
0.098245;-149.853729
0.098262;-150.375351
0.098280;-155.583313
0.098298;-163.761047
0.098315;-172.302872
0.098333;-178.486115
0.098350;-180.278091
0.098368;-176.938751
0.098385;-169.240311
0.098403;-159.238663
0.098420;-149.664230
0.098438;-143.112991
0.098456;-141.276978
0.098473;-144.442657
0.098491;-151.405869
0.098508;-159.828445
0.098526;-166.931152
0.098543;-170.317276
0.098561;-168.683228
0.098578;-162.205063
0.098596;-152.486649
0.098613;-142.084625
0.098631;-133.750839
0.098649;-129.616837
0.098666;-130.562027
0.098684;-135.952850
0.098701;-143.830429
0.098719;-151.490875
0.098736;-156.286713
0.098754;-156.411606
0.098771;-151.435959
0.098789;-142.434540
0.098807;-131.668274
0.098824;-121.914429
0.098842;-115.643585
0.098859;-114.287476
0.098877;-117.814415
0.098894;-124.738586
0.098912;-132.560196
0.098929;-138.506348
0.098947;-140.352844
0.098964;-137.083664
0.098982;-129.192322
0.099000;-118.536072
0.099017;-107.785599
0.099035;-99.633797
0.099052;-95.997681
0.099070;-97.450157
0.099087;-103.050072
0.099105;-110.620934
0.099122;-117.395935
0.099140;-120.837997
0.099158;-119.391762
0.099175;-112.945030
0.099193;-102.862144
0.099210;-91.580170
0.099228;-81.886757
0.099245;-76.094048
0.099263;-75.353485
0.099280;-79.314331
0.099298;-86.227524
0.099315;-93.463913
0.099333;-98.293457
0.099351;-98.694458
0.099368;-93.952988
0.099386;-84.874870
0.099403;-73.547165
0.099421;-62.719959
0.099438;-54.991425
0.099456;-52.037910
0.099473;-54.116989
0.099491;-59.990978
0.099509;-67.293602
0.099526;-73.231300
0.099544;-75.411163
0.099561;-72.550415
0.099579;-64.856873
0.099596;-53.967789
0.099614;-42.464848
0.099631;-33.109367
0.099649;-28.023960
0.099666;-28.063427
0.099684;-32.561283
0.099702;-39.527168
0.099719;-46.236633
0.099737;-50.038612
0.099754;-49.141338
0.099772;-43.143623
0.099789;-33.154163
0.099807;-21.463301
0.099824;-10.864519
0.099842;-3.826680
0.099860;-1.762353
0.099877;-4.609075
0.099895;-10.847713
0.099912;-17.952585
0.099930;-23.140001
0.099947;-24.193365
0.099965;-20.120398
0.099982;-11.447550
0.100000;-0.064365
0.100017;11.336205
0.100035;20.055702
0.100053;24.189838
0.100070;23.192930
0.100088;18.039738
0.100105;10.936723
0.100123;4.668160
0.100140;1.770895
0.100158;3.782290
0.100175;10.784267
0.100193;21.378654
0.100211;33.101219
0.100228;43.151718
0.100246;49.223713
0.100263;50.188087
0.100281;46.427864
0.100298;39.724781
0.100316;32.731331
0.100333;28.184650
0.100351;28.095142
0.100368;33.150383
0.100386;42.510956
0.100404;54.058910
0.100421;65.025124
0.100439;72.809807
0.100456;75.753006
0.100474;73.626602
0.100491;67.702110
0.100509;60.373909
0.100526;54.449688
0.100544;52.318233
0.100562;55.241245
0.100579;62.979038
0.100597;73.861282
0.100614;85.281601
0.100632;94.469902
0.100649;99.313225
0.100667;98.982010
0.100684;94.176071
0.100702;86.917374
0.100719;79.950829
0.100737;75.930824
0.100755;76.634239
0.100772;82.433723
0.100790;92.186737
0.100807;103.573906
0.100825;113.786133
0.100842;120.357010
0.100860;121.893776
0.100877;118.490189
0.100895;111.698982
0.100913;104.071724
0.100930;98.402634
0.100948;96.900429
0.100965;100.533401
0.100983;108.742233
0.101000;119.605278
0.101018;130.407837
0.101035;138.446671
0.101053;141.830902
0.101070;140.042633
0.101088;134.090591
0.101106;126.211372
0.101123;119.206497
0.101141;115.612305
0.101158;116.947929
0.101176;123.264870
0.101193;133.131317
0.101211;144.056274
0.101228;153.227554
0.101246;158.345154
0.101264;158.302948
0.101281;153.516724
0.101299;145.801056
0.101316;137.831741
0.101334;132.352707
0.101351;131.362823
0.101369;135.523117
0.101386;143.960602
0.101404;154.526794
0.101421;164.434021
0.101439;171.081665
0.101457;172.826813
0.101474;169.471405
0.101492;162.321014
0.101509;153.798172
0.101527;146.724487
0.101544;143.484360
0.101562;145.318115
0.101579;151.954163
0.101597;161.689209
0.101615;171.892746
0.101632;179.786575
0.101650;183.268021
0.101667;181.533401
0.101685;175.316238
0.101702;166.670273
0.101720;158.360687
0.101737;153.044891
0.101755;152.484634
0.101772;157.023758
0.101790;165.486038
0.101808;175.523361
0.101825;184.311615
0.101843;189.387573
0.101860;189.378860
0.101878;184.411102
0.101895;176.070740
0.101913;166.935181
0.101930;159.808960
0.101948;156.892532
0.101966;159.129974
0.101983;165.929001
0.102001;175.336090
0.102018;184.615417
0.102036;191.059402
0.102053;192.791321
0.102071;189.321686
0.102088;181.693390
0.102106;172.173126
0.102123;163.579605
0.102141;158.448151
0.102159;158.279449
0.102176;163.094330
0.102194;171.427490
0.102211;180.761551
0.102229;188.272888
0.102246;191.668610
0.102264;189.866180
0.102281;183.314453
0.102299;173.861069
0.102317;164.204834
0.102334;157.096252
0.102352;154.522186
0.102369;157.116821
0.102387;163.973663
0.102404;172.913788
0.102422;181.131592
0.102439;186.026154
0.102457;185.972229
0.102474;180.802216
0.102492;171.856003
0.102510;161.584152
0.102527;152.821838
0.102545;147.948685
0.102562;148.183273
0.102580;153.221970
0.102597;161.328629
0.102615;169.848923
0.102632;175.997009
0.102650;177.681244
0.102668;174.124222
0.102685;166.093521
0.102703;155.674500
0.102720;145.652451
0.102738;138.687363
0.102755;136.525391
0.102773;139.481369
0.102790;146.345215
0.102808;154.740417
0.102825;161.828247
0.102843;165.149139
0.102861;163.351791
0.102878;156.593887
0.102896;146.495728
0.102913;135.660309
0.102931;126.902054
0.102948;122.412697
0.102966;123.111732
0.102983;128.373688
0.103001;136.213318
0.103019;143.873871
0.103036;148.644089
0.103054;148.661835
0.103071;143.466354
0.103089;134.134995
0.103106;122.964355
0.103124;112.789864
0.103141;106.145493
0.103159;104.512833
0.103176;107.881851
0.103194;114.753693
0.103212;122.584702
0.103229;128.540344
0.103247;130.335327
0.103264;126.911057
0.103282;118.749786
0.103299;107.731979
0.103317;96.579330
0.103334;88.048248
0.103352;84.113121
0.103370;85.380936
0.103387;90.911377
0.103405;98.495262
0.103422;105.309250
0.103440;108.752670
0.103457;107.218376
0.103475;100.569443
0.103492;90.180084
0.103510;78.528687
0.103527;68.463531
0.103545;62.358818
0.103563;61.410938
0.103580;65.283829
0.103598;72.208412
0.103615;79.506798
0.103633;84.385918
0.103650;84.765495
0.103668;79.894768
0.103685;70.575432
0.103703;58.924332
0.103721;47.746418
0.103738;39.703632
0.103756;36.525990
0.103773;38.498829
0.103791;44.378052
0.103808;51.758785
0.103826;57.788013
0.103843;60.010250
0.103861;57.095516
0.103878;49.233791
0.103896;38.079128
0.103914;26.259731
0.103931;16.599327
0.103949;11.280328
0.103966;11.197054
0.103984;15.690550
0.104001;22.743744
0.104019;29.579184
0.104036;33.482227
0.104054;32.605774
0.104072;26.517965
0.104089;16.330574
0.104107;4.369843
0.104124;-6.512642
0.104142;-13.784931
0.104159;-15.985078
0.104177;-13.154505
0.104194;-6.825854
0.104212;0.431139
0.104229;5.771226
0.104247;6.917029
0.104265;2.834242
0.104282;-5.961487
0.104300;-17.556997
0.104317;-29.208300
0.104335;-38.153610
0.104352;-42.431767
0.104370;-41.463531
0.104387;-36.223370
0.104405;-28.950760
0.104423;-22.486555
0.104440;-19.430950
0.104458;-21.372658
0.104475;-28.417742
0.104493;-39.157822
0.104510;-51.087105
0.104528;-61.344807
0.104545;-67.562836
0.104563;-68.567657
0.104580;-64.728188
0.104598;-57.846603
0.104616;-50.624310
0.104633;-45.861332
0.104651;-45.626270
0.104668;-50.643024
0.104686;-60.075832
0.104703;-71.776649
0.104721;-82.921455
0.104738;-90.847015
0.104756;-93.840179
0.104774;-91.645653
0.104791;-85.541824
0.104809;-77.962006
0.104826;-71.773285
0.104844;-69.426750
0.104861;-72.230835
0.104879;-79.963188
0.104896;-90.936256
0.104914;-102.497025
0.104931;-111.813194
0.104949;-116.712402
0.104967;-116.326103
0.104984;-111.347176
0.105002;-103.824654
0.105019;-96.556572
0.105037;-92.260689
0.105054;-92.768837
0.105072;-98.483765
0.105089;-108.259460
0.105107;-119.740349
0.105125;-130.059326
0.105142;-136.687195
0.105160;-138.182373
0.105177;-134.618118
0.105195;-127.561172
0.105212;-119.607330
0.105230;-113.612343
0.105247;-111.845337
0.105265;-115.316177
0.105282;-123.475815
0.105300;-134.378632
0.105318;-145.258896
0.105335;-153.350189
0.105353;-156.705215
0.105370;-154.773148
0.105388;-148.562943
0.105405;-140.344482
0.105423;-132.975983
0.105440;-129.056824
0.105458;-130.157089
0.105476;-136.351868
0.105493;-146.198746
0.105511;-157.165009
0.105528;-166.377960
0.105546;-171.476349
0.105563;-171.310181
0.105581;-166.281693
0.105598;-158.226349
0.105616;-149.868973
0.105633;-144.016296
0.105651;-142.724945
0.105669;-146.691818
0.105686;-155.047058
0.105704;-165.611816
0.105721;-175.543503
0.105739;-182.178314
0.105756;-183.820663
0.105774;-180.245834
0.105791;-172.766815
0.105809;-163.845322
0.105827;-156.362366
0.105844;-152.764313
0.105862;-154.337769
0.105879;-160.827942
0.105897;-170.513962
0.105914;-180.718567
0.105932;-188.601410
0.105949;-192.000916
0.105967;-190.074936
0.105984;-183.550629
0.106002;-174.509125
0.106020;-165.768875
0.106037;-160.050446
0.106055;-159.170074
0.106072;-163.501266
0.106090;-171.863800
0.106107;-181.873169
0.106125;-190.647217
0.106142;-195.660278
0.106160;-195.491699
0.106178;-190.247116
0.106195;-181.527496
0.106213;-171.954636
0.106230;-164.394516
0.106248;-161.107635
0.106265;-163.079208
0.106283;-169.726639
0.106300;-179.072174
0.106318;-188.328751
0.106335;-194.725906
0.106353;-196.330948
0.106371;-192.621933
0.106388;-184.642548
0.106406;-174.693130
0.106423;-165.649017
0.106441;-160.108414
0.106458;-159.622421
0.106476;-164.234970
0.106493;-172.469727
0.106511;-181.767319
0.106529;-189.243820
0.106546;-192.545380
0.106564;-190.546097
0.106581;-183.681915
0.106599;-173.821609
0.106616;-163.713318
0.106634;-156.170090
0.106651;-153.236191
0.106669;-155.581146
0.106686;-162.301102
0.106704;-171.186493
0.106722;-179.376694
0.106739;-184.207870
0.106757;-184.002609
0.106774;-178.567169
0.106792;-169.249359
0.106809;-158.539139
0.106827;-149.331055
0.106844;-144.066422
0.106862;-144.009567
0.106880;-148.873123
0.106897;-156.902985
0.106915;-165.397888
0.106932;-171.510071
0.106950;-173.089233
0.106967;-169.320175
0.106985;-160.964539
0.107002;-150.135468
0.107020;-139.671585
0.107037;-132.295761
0.107055;-129.808334
0.107073;-132.553101
0.107090;-139.315613
0.107108;-147.682678
0.107125;-154.757538
0.107143;-158.018509
0.107160;-156.066406
0.107178;-149.039566
0.107195;-138.573151
0.107213;-127.314804
0.107231;-118.140251
0.107248;-113.300957
0.107266;-113.756927
0.107283;-118.891968
0.107301;-126.696152
0.107318;-134.361404
0.107336;-139.113770
0.107353;-139.035583
0.107371;-133.634171
0.107388;-123.988113
0.107406;-112.427986
0.107424;-101.845833
0.107441;-94.838211
0.107459;-92.936691
0.107476;-96.153778
0.107494;-102.979080
0.107511;-110.826797
0.107529;-116.802116
0.107546;-118.559120
0.107564;-114.996384
0.107582;-106.583702
0.107599;-95.223160
0.107617;-83.685776
0.107634;-74.790413
0.107652;-70.568436
0.107669;-71.661598
0.107687;-77.131721
0.107704;-84.738625
0.107722;-91.603966
0.107739;-95.064346
0.107757;-93.460861
0.107775;-86.631058
0.107792;-75.957413
0.107810;-63.958008
0.107827;-53.540417
0.107845;-47.140171
0.107862;-45.998913
0.107880;-49.796326
0.107897;-56.744915
0.107915;-64.119667
0.107933;-69.065712
0.107950;-69.444511
0.107968;-64.468010
0.107985;-54.932442
0.108003;-42.982777
0.108020;-31.477310
0.108038;-23.140724
0.108055;-19.756626
0.108073;-21.638872
0.108090;-27.538443
0.108108;-35.013474
0.108126;-41.152962
0.108143;-43.439560
0.108161;-40.495888
0.108178;-32.493076
0.108196;-21.100416
0.108213;-8.990980
0.108231;0.950376
0.108248;6.481877
0.108266;6.669248
0.108284;2.162708
0.108301;-4.995609
0.108319;-11.976823
0.108336;-16.003740
0.108354;-15.174115
0.108371;-9.024717
0.108389;1.331016
0.108406;13.532608
0.108424;24.671837
0.108441;32.154480
0.108459;34.469124
0.108477;31.635208
0.108494;25.197355
0.108512;17.767712
0.108529;12.251775
0.108547;10.987169
0.108564;15.050600
0.108582;23.938377
0.108599;35.715355
0.108617;47.588116
0.108635;56.732628
0.108652;61.131172
0.108670;60.170315
0.108687;54.822891
0.108705;47.359726
0.108722;40.676777
0.108740;37.436714
0.108757;39.279587
0.108775;46.336514
0.108792;57.190372
0.108810;69.295502
0.108828;79.731895
0.108845;86.070465
0.108863;87.092972
0.108880;83.153130
0.108898;76.071991
0.108915;68.598251
0.108933;63.593620
0.108950;63.184612
0.108968;68.131966
0.108986;77.604858
0.109003;89.426849
0.109021;100.720497
0.109038;108.760109
0.109056;111.779388
0.109073;109.495110
0.109091;103.191078
0.109108;95.337883
0.109126;88.860634
0.109143;86.271988
0.109161;88.927368
0.109179;96.622734
0.109196;107.654892
0.109214;119.325867
0.109231;128.742325
0.109249;133.672928
0.109266;133.209763
0.109284;128.037460
0.109301;120.230568
0.109319;112.638641
0.109337;108.041840
0.109354;108.326759
0.109372;113.927032
0.109389;123.694473
0.109407;135.239090
0.109424;145.637100
0.109442;152.297348
0.109459;153.729309
0.109477;149.984833
0.109494;142.643066
0.109512;134.342499
0.109530;127.999031
0.109547;125.941795
0.109565;129.222519
0.109582;137.303650
0.109600;148.217270
0.109617;159.148056
0.109635;167.267548
0.109652;170.572372
0.109670;168.478027
0.109688;161.992340
0.109705;153.416916
0.109723;145.665131
0.109740;141.398651
0.109758;142.238464
0.109775;148.284164
0.109793;158.084229
0.109810;169.065796
0.109828;178.297119
0.109845;183.356247
0.109863;183.048965
0.109881;177.762955
0.109898;169.352875
0.109916;160.591110
0.109933;154.345917
0.109951;152.731506
0.109968;156.481094
0.109986;164.729340
0.110003;175.268600
0.110021;185.202911
0.110039;191.806213
0.110056;193.330246
0.110074;189.522903
0.110091;181.703110
0.110109;172.370117
0.110126;164.462967
0.110144;160.489349
0.110161;161.782379
0.110179;168.105103
0.110196;177.720596
0.110214;187.906418
0.110232;195.761398
0.110249;199.065338
0.110267;196.937271
0.110284;190.096619
0.110302;180.650421
0.110319;171.468765
0.110337;165.334442
0.110354;164.118073
0.110372;168.223511
0.110390;176.467896
0.110407;186.432053
0.110425;195.177216
0.110442;200.115967
0.110460;199.779175
0.110477;194.251709
0.110495;185.147324
0.110512;175.130768
0.110530;167.128113
0.110547;163.459564
0.110565;165.151672
0.110583;171.632843
0.110600;180.902634
0.110618;190.124313
0.110635;196.465591
0.110653;197.938004
0.110670;193.986588
0.110688;185.654388
0.110705;175.273758
0.110723;165.775223
0.110741;159.819092
0.110758;159.006882
0.110776;163.406586
0.110793;171.532242
0.110811;180.784210
0.110828;188.219406
0.110846;191.423721
0.110863;189.227570
0.110881;182.052765
0.110898;171.787796
0.110916;161.228424
0.110934;153.249176
0.110951;149.951477
0.110969;152.040695
0.110986;158.616974
0.111004;167.441650
0.111021;175.600616
0.111039;180.368057
0.111056;180.014313
0.111074;174.318802
0.111092;164.635651
0.111109;153.492737
0.111127;143.842606
0.111144;138.187546
0.111162;137.837936
0.111179;142.523743
0.111197;150.474380
0.111214;158.943268
0.111232;165.021820
0.111249;166.501617
0.111267;162.529053
0.111285;153.858566
0.111302;142.629562
0.111320;131.732422
0.111337;123.952065
0.111355;121.142685
0.111372;123.678009
0.111390;130.340469
0.111407;138.681824
0.111425;145.748749
0.111443;148.958084
0.111460;146.862671
0.111478;139.580475
0.111495;128.760010
0.111513;117.091995
0.111530;107.512192
0.111548;102.331383
0.111565;102.550453
0.111583;107.563667
0.111600;115.338028
0.111618;123.015678
0.111636;127.760971
0.111653;127.600891
0.111671;122.010170
0.111688;112.067329
0.111706;100.135185
0.111723;89.161057
0.111741;81.803322
0.111758;79.643517
0.111776;82.717628
0.111794;89.505211
0.111811;97.379944
0.111829;103.387924
0.111846;105.123253
0.111864;101.441277
0.111881;92.798195
0.111899;81.116180
0.111916;69.214005
0.111934;59.971893
0.111951;55.477928
0.111969;56.409195
0.111987;61.830990
0.112004;69.473701
0.112022;76.405434
0.112039;79.900940
0.112057;78.249557
0.112074;71.262451
0.112092;60.328964
0.112109;48.005211
0.112127;37.256748
0.112145;30.579844
0.112162;29.261629
0.112180;32.998569
0.112197;39.986294
0.112215;47.454258
0.112232;52.486881
0.112250;52.887798
0.112267;47.831028
0.112285;38.106167
0.112302;25.884695
0.112320;14.076769
0.112338;5.468883
0.112355;1.898122
0.112373;3.707644
0.112390;9.644863
0.112408;17.232582
0.112425;23.503120
0.112443;25.877966
0.112460;22.932167
0.112478;14.817007
0.112496;3.215523
0.112513;-9.155965
0.112531;-19.352634
0.112548;-25.073809
0.112566;-25.344824
0.112583;-20.805977
0.112601;-13.522887
0.112618;-6.374364
0.112636;-2.199169
0.112653;-2.954510
0.112671;-9.135692
0.112689;-19.628962
0.112706;-32.041229
0.112724;-43.409019
0.112741;-51.076599
0.112759;-53.483028
0.112776;-50.624828
0.112794;-44.057140
0.112811;-36.432930
0.112829;-30.716721
0.112847;-29.305862
0.112864;-33.319813
0.112882;-42.267986
0.112899;-54.194809
0.112917;-66.258957
0.112934;-75.575241
0.112952;-80.069595
0.112969;-79.093826
0.112987;-73.617798
0.113004;-65.942162
0.113022;-59.016487
0.113040;-55.565121
0.113057;-57.279484
0.113075;-64.316544
0.113092;-75.251930
0.113110;-87.501694
0.113127;-98.087898
0.113145;-104.521072
0.113162;-105.537956
0.113180;-101.476067
0.113198;-94.173744
0.113215;-86.425446
0.113233;-81.153526
0.113250;-80.541992
0.113268;-85.389015
0.113285;-94.869957
0.113303;-106.781517
0.113320;-118.194389
0.113338;-126.321228
0.113355;-129.342773
0.113373;-126.946983
0.113391;-120.421791
0.113408;-112.273399
0.113426;-105.483635
0.113443;-102.626122
0.113461;-105.103363
0.113478;-112.730713
0.113496;-123.790848
0.113513;-135.542343
0.113531;-145.032028
0.113549;-149.970001
0.113566;-149.408508
0.113584;-144.022842
0.113601;-135.911392
0.113619;-127.973801
0.113636;-123.051666
0.113654;-123.086166
0.113671;-128.542557
0.113689;-138.271851
0.113706;-149.851181
0.113724;-160.301514
0.113742;-166.970490
0.113759;-168.318451
0.113777;-164.374939
0.113794;-156.730103
0.113812;-148.063477
0.113829;-141.350021
0.113847;-138.978241
0.113864;-142.042221
0.113882;-150.016968
0.113900;-160.913788
0.113917;-171.869370
0.113935;-179.994232
0.113952;-183.229080
0.113970;-180.955185
0.113987;-174.177948
0.114005;-165.229095
0.114022;-157.075760
0.114040;-152.441071
0.114057;-152.996979
0.114075;-158.868484
0.114093;-168.596313
0.114110;-179.569153
0.114128;-188.797318
0.114145;-193.798828
0.114163;-193.334961
0.114180;-187.777695
0.114198;-178.999481
0.114215;-169.818604
0.114233;-163.163940
0.114251;-161.206802
0.114268;-164.717392
0.114286;-172.836060
0.114303;-183.328033
0.114321;-193.245331
0.114338;-199.800522
0.114356;-201.192764
0.114373;-197.141769
0.114391;-188.970963
0.114408;-179.215637
0.114426;-170.871490
0.114444;-166.506958
0.114461;-167.501770
0.114479;-173.637924
0.114496;-183.163925
0.114514;-193.313721
0.114531;-201.126358
0.114549;-204.323532
0.114566;-201.984863
0.114584;-194.820984
0.114602;-184.963150
0.114619;-175.331711
0.114637;-168.770737
0.114654;-167.205048
0.114672;-171.069611
0.114689;-179.180328
0.114707;-189.084839
0.114724;-197.789124
0.114742;-202.644791
0.114759;-202.134109
0.114777;-196.320114
0.114795;-186.828033
0.114812;-176.363892
0.114830;-167.912796
0.114847;-163.854034
0.114865;-165.255997
0.114882;-171.559219
0.114900;-180.742096
0.114917;-189.919754
0.114935;-196.198975
0.114953;-197.535889
0.114970;-193.341705
0.114988;-184.657578
0.115005;-173.846359
0.115023;-163.892380
0.115040;-157.517227
0.115058;-156.372925
0.115075;-160.552338
0.115093;-168.561401
0.115110;-177.761658
0.115128;-185.152191
0.115146;-188.259186
0.115163;-185.868942
0.115181;-178.388184
0.115198;-167.723541
0.115216;-156.716919
0.115233;-148.303238
0.115251;-144.640823
0.115268;-146.471451
0.115286;-152.900452
0.115304;-161.661697
0.115321;-169.789017
0.115339;-174.495392
0.115356;-173.998993
0.115374;-168.051559
0.115391;-158.012238
0.115409;-146.445145
0.115426;-136.359543
0.115444;-130.318192
0.115461;-129.677689
0.115479;-134.186340
0.115497;-142.058548
0.115514;-150.503967
0.115532;-156.554382
0.115549;-157.943451
0.115567;-153.778717
0.115584;-144.806351
0.115602;-133.190353
0.115619;-121.871384
0.115637;-113.695564
0.115655;-110.570869
0.115672;-112.901588
0.115690;-119.468475
0.115707;-127.789780
0.115725;-134.856842
0.115742;-138.025818
0.115760;-135.801361
0.115777;-128.280151
0.115795;-117.122536
0.115812;-105.060837
0.115830;-95.089661
0.115848;-89.578636
0.115865;-89.569969
0.115883;-94.469536
0.115900;-102.222748
0.115918;-109.923477
0.115935;-114.675316
0.115953;-114.450089
0.115970;-108.689346
0.115988;-98.470108
0.116006;-86.186012
0.116023;-74.838234
0.116041;-67.146164
0.116058;-64.741447
0.116076;-67.684402
0.116093;-74.445969
0.116111;-82.360825
0.116128;-88.417198
0.116146;-90.149696
0.116163;-86.370132
0.116181;-77.520035
0.116199;-65.540115
0.116216;-53.295441
0.116234;-43.726532
0.116251;-38.977943
0.116269;-39.762669
0.116286;-45.150715
0.116304;-52.844616
0.116321;-59.860268
0.116339;-63.411449
0.116357;-61.735676
0.116374;-54.616962
0.116392;-43.450096
0.116409;-30.827702
0.116427;-19.772039
0.116444;-12.839513
0.116462;-11.363008
0.116479;-15.056790
0.116497;-22.101088
0.116514;-29.681320
0.116532;-34.822300
0.116550;-35.270123
0.116567;-30.160433
0.116585;-20.274944
0.116602;-7.810135
0.116620;4.273435
0.116637;13.128330
0.116655;16.864075
0.116672;15.107479
0.116690;9.113344
0.116708;1.392671
0.116725;-5.031497
0.116743;-7.520116
0.116760;-4.600506
0.116778;3.596865
0.116795;15.376690
0.116813;27.980906
0.116830;38.405876
0.116848;44.292435
0.116865;44.625111
0.116883;40.033142
0.116901;32.604107
0.116918;25.265310
0.116936;20.916132
0.116953;21.568588
0.116971;27.750732
0.116988;38.349800
0.117006;50.941639
0.117023;62.508865
0.117041;70.334976
0.117059;72.809395
0.117076;69.904846
0.117094;63.185585
0.117111;55.343845
0.117129;49.402012
0.117146;47.816677
0.117164;51.750404
0.117181;60.726807
0.117199;72.771370
0.117216;84.996361
0.117234;94.456421
0.117252;99.021423
0.117269;98.007751
0.117287;92.381157
0.117304;84.470467
0.117322;77.277580
0.117339;73.587677
0.117357;75.143600
0.117374;82.129021
0.117392;93.113640
0.117410;105.476814
0.117427;116.183891
0.117445;122.685585
0.117462;123.673378
0.117480;119.467522
0.117497;111.922218
0.117515;103.876167
0.117532;98.311310
0.117550;97.468864
0.117567;102.184921
0.117585;111.642258
0.117603;123.612282
0.117620;135.115158
0.117638;143.302811
0.117655;146.302994
0.117673;143.774246
0.117690;137.007172
0.117708;128.542068
0.117725;121.416267
0.117743;118.263649
0.117761;120.534065
0.117778;128.063187
0.117796;139.121048
0.117813;150.924271
0.117831;160.460938
0.117848;165.383057
0.117866;164.702560
0.117883;159.084167
0.117901;150.648666
0.117918;142.344437
0.117936;137.073486
0.117954;136.831512
0.117971;142.116043
0.117989;151.778610
0.118006;163.364990
0.118024;173.842270
0.118041;180.497482
0.118059;181.741867
0.118076;177.581696
0.118094;169.616638
0.118112;160.565887
0.118129;153.462158
0.118147;150.753036
0.118164;153.575180
0.118182;161.417374
0.118199;172.271606
0.118217;183.227997
0.118234;191.337051
0.118252;194.483780
0.118269;192.014603
0.118287;184.931229
0.118305;175.594040
0.118322;167.022568
0.118340;162.000595
0.118357;162.251114
0.118375;167.925323
0.118392;177.557663
0.118410;188.499771
0.118427;197.705383
0.118445;202.632889
0.118463;201.998917
0.118480;196.158554
0.118498;187.000702
0.118515;177.388031
0.118533;170.308945
0.118550;167.991699
0.118568;171.243896
0.118585;179.212891
0.118603;189.638168
0.118620;199.521271
0.118638;206.014130
0.118656;207.263397
0.118673;202.959778
0.118691;194.429993
0.118708;184.243698
0.118726;175.452103
0.118743;170.683716
0.118761;171.365234
0.118778;177.298401
0.118796;186.718674
0.118814;196.817902
0.118831;204.576416
0.118849;207.658142
0.118866;205.102921
0.118884;197.611343
0.118901;187.337463
0.118919;177.250381
0.118936;170.254654
0.118954;168.329163
0.118971;171.940613
0.118989;179.905075
0.119007;189.738480
0.119024;198.392822
0.119042;203.159409
0.119059;202.471863
0.119077;196.370377
0.119094;186.490280
0.119112;175.577454
0.119129;166.674744
0.119147;162.220200
0.119165;163.324387
0.119182;169.441101
0.119200;178.529037
0.119217;187.656570
0.119235;193.870621
0.119252;195.071991
0.119270;190.637512
0.119287;181.605209
0.119305;170.366852
0.119322;159.959290
0.119340;153.164566
0.119358;151.685394
0.119375;155.640305
0.119393;163.528427
0.119410;172.674103
0.119428;180.019806
0.119445;183.032349
0.119463;180.453796
0.119480;172.674591
0.119498;161.618149
0.119516;150.170990
0.119533;141.327484
0.119551;137.302521
0.119568;138.874878
0.119586;145.156281
0.119603;153.854630
0.119621;161.953033
0.119638;166.604080
0.119656;165.973846
0.119673;159.785507
0.119691;149.402008
0.119709;137.422119
0.119726;126.910660
0.119744;120.490166
0.119761;119.563744
0.119779;123.898972
0.119796;131.696777
0.119814;140.124512
0.119831;146.155212
0.119849;147.465164
0.119867;143.122543
0.119884;133.864014
0.119902;121.876671
0.119919;110.150192
0.119937;101.590912
0.119954;98.160515
0.119972;100.294601
0.119989;106.773438
0.120007;115.083374
0.120024;122.161682
0.120042;125.304428
0.120060;122.967957
0.120077;115.226715
0.120095;103.751526
0.120112;91.314728
0.120130;80.968758
0.120147;75.141624
0.120165;74.917274
0.120182;79.714249
0.120200;87.457924
0.120218;95.195236
0.120235;99.969963
0.120253;99.698990
0.120270;93.789955
0.120288;83.317200
0.120305;70.703598
0.120323;59.002941
0.120340;50.994865
0.120358;48.361229
0.120375;51.187519
0.120393;57.937450
0.120411;65.908134
0.120428;72.031151
0.120446;73.782089
0.120463;69.928879
0.120481;60.897316
0.120498;48.645206
0.120516;36.082481
0.120533;26.208960
0.120551;21.225426
0.120569;21.881329
0.120586;27.252602
0.120604;35.015400
0.120621;42.134796
0.120639;45.764297
0.120656;44.089672
0.120674;36.866928
0.120691;25.495003
0.120709;12.601480
0.120726;1.264155
0.120744;-5.901007
0.120762;-7.515129
0.120779;-3.845151
0.120797;3.275176
0.120814;10.988689
0.120832;16.261620
0.120849;16.782856
0.120867;11.649159
0.120884;1.633212
0.120902;-11.045029
0.120920;-23.375946
0.120937;-32.452026
0.120955;-36.329483
0.120972;-34.604370
0.120990;-28.532406
0.121007;-20.656914
0.121025;-14.055056
0.121042;-11.425769
0.121060;-14.289660
0.121077;-22.538008
0.121095;-34.464630
0.121113;-47.271202
0.121130;-57.896358
0.121148;-63.922863
0.121165;-64.294006
0.121183;-59.626858
0.121200;-52.029526
0.121218;-44.476376
0.121235;-39.926525
0.121253;-40.446655
0.121271;-46.598228
0.121288;-57.270725
0.121306;-70.010422
0.121323;-81.747330
0.121341;-89.704872
0.121358;-92.222725
0.121376;-89.248985
0.121393;-82.355621
0.121411;-74.272713
0.121428;-68.079315
0.121446;-66.290848
0.121464;-70.113289
0.121481;-79.085526
0.121499;-91.215584
0.121516;-103.570709
0.121534;-113.146362
0.121551;-117.756538
0.121569;-116.681732
0.121586;-110.882225
0.121604;-102.713654
0.121622;-95.228867
0.121639;-91.273186
0.121657;-92.640846
0.121674;-99.543022
0.121692;-110.544899
0.121709;-122.990555
0.121727;-133.789886
0.121744;-140.334229
0.121762;-141.269608
0.121779;-136.898026
0.121797;-129.088089
0.121815;-120.721321
0.121832;-114.838257
0.121850;-113.737007
0.121867;-118.292107
0.121885;-127.694946
0.121902;-139.693054
0.121920;-151.257477
0.121937;-159.480209
0.121955;-162.436127
0.121973;-159.753510
0.121990;-152.724396
0.122008;-143.921783
0.122025;-136.437149
0.122043;-132.964127
0.122060;-135.000046
0.122078;-142.401947
0.122095;-153.428452
0.122113;-165.255829
0.122130;-174.814438
0.122148;-179.698563
0.122166;-178.879364
0.122183;-173.009964
0.122201;-164.232071
0.122218;-155.541306
0.122236;-149.899368
0.122253;-149.356277
0.122271;-154.442474
0.122288;-164.011353
0.122306;-175.578812
0.122324;-186.059189
0.122341;-192.679749
0.122359;-193.802429
0.122376;-189.409363
0.122394;-181.108459
0.122411;-171.656982
0.122429;-164.144409
0.122446;-161.076859
0.122464;-163.634033
0.122481;-171.319473
0.122499;-182.107330
0.122517;-193.042572
0.122534;-201.116592
0.122552;-204.158951
0.122569;-201.480591
0.122587;-194.078384
0.122604;-184.339813
0.122622;-175.335541
0.122639;-169.909271
0.122657;-169.835114
0.122675;-175.291245
0.122692;-184.807144
0.122710;-195.698959
0.122727;-204.864899
0.122745;-209.704346
0.122762;-208.888809
0.122780;-202.755783
0.122797;-193.208893
0.122815;-183.153976
0.122832;-175.637924
0.122850;-172.945618
0.122868;-175.922668
0.122885;-183.724442
0.122903;-194.066406
0.122920;-203.900696
0.122938;-210.319550
0.122955;-211.417145
0.122973;-206.854446
0.122990;-197.960083
0.123008;-187.336670
0.123026;-178.089737
0.123043;-172.907318
0.123061;-173.263138
0.123078;-178.979797
0.123096;-188.281067
0.123113;-198.318024
0.123131;-206.013519
0.123148;-208.973907
0.123166;-206.198807
0.123183;-198.377731
0.123201;-187.685974
0.123219;-177.140198
0.123236;-169.704437
0.123254;-167.411545
0.123271;-170.760773
0.123289;-178.569427
0.123306;-188.323334
0.123324;-196.921692
0.123341;-201.596252
0.123359;-200.731674
0.123377;-194.344620
0.123394;-184.079010
0.123412;-172.719116
0.123429;-163.364594
0.123447;-158.511703
0.123464;-159.313629
0.123482;-165.238449
0.123499;-174.226593
0.123517;-183.301102
0.123534;-189.449966
0.123552;-190.518753
0.123570;-185.849380
0.123587;-176.475494
0.123605;-164.816345
0.123622;-153.959991
0.123640;-146.748276
0.123657;-144.934570
0.123675;-148.663971
0.123692;-156.430130
0.123710;-165.521606
0.123728;-172.825378
0.123745;-175.749435
0.123763;-172.991257
0.123780;-164.924088
0.123798;-153.486557
0.123815;-141.608536
0.123833;-132.342819
0.123850;-127.960602
0.123868;-129.278168
0.123885;-135.414886
0.123903;-144.054047
0.123921;-152.129456
0.123938;-156.734024
0.123956;-155.981644
0.123973;-149.566406
0.123991;-138.853531
0.124008;-126.475098
0.124026;-115.550201
0.124043;-108.760727
0.124061;-107.556404
0.124079;-111.725143
0.124096;-119.455734
0.124114;-127.874512
0.124131;-133.897034
0.124149;-135.142365
0.124166;-130.638885
0.124184;-121.112602
0.124201;-108.772346
0.124219;-96.655380
0.124236;-87.727448
0.124254;-84.003860
0.124272;-85.952171
0.124289;-92.353516
0.124307;-100.663712
0.124324;-107.767220
0.124342;-110.900620
0.124359;-108.471802
0.124377;-100.532066
0.124394;-88.761353
0.124412;-75.970627
0.124430;-65.269020
0.124447;-59.142540
0.124465;-58.717262
0.124482;-63.425491
0.124500;-71.173935
0.124517;-78.963989
0.124535;-83.780533
0.124552;-83.485596
0.124570;-77.452370
0.124587;-66.751205
0.124605;-53.832851
0.124623;-41.802361
0.124640;-33.498993
0.124658;-30.654837
0.124675;-33.381424
0.124693;-40.136528
0.124710;-48.181175
0.124728;-54.391407
0.124745;-56.184227
0.124763;-52.283367
0.124781;-43.097881
0.124798;-30.601259
0.124816;-17.746883
0.124833;-7.592943
0.124851;-2.396200
0.124868;-2.943125
0.124886;-8.316729
0.124903;-16.168242
0.124921;-23.413179
0.124938;-27.145561
0.124956;-25.499361
0.124974;-18.201841
0.124991;-6.654747
0.125009;6.480782
0.125026;18.072615
0.125044;25.445757
0.125061;27.175091
0.125079;23.507812
0.125096;16.290266
0.125114;8.420804
0.125132;2.990778
0.125149;2.368203
0.125167;7.495687
0.125184;17.610722
0.125202;30.471298
0.125219;43.020073
0.125237;52.290276
0.125254;56.284863
0.125272;54.568443
0.125289;48.396420
0.125307;40.342972
0.125325;33.538185
0.125342;30.740305
0.125360;33.518028
0.125377;41.785294
0.125395;53.826408
0.125412;66.804214
0.125430;77.600670
0.125447;83.740829
0.125465;84.126358
0.125482;79.361099
0.125500;71.572227
0.125518;63.779881
0.125535;59.002033
0.125553;59.359886
0.125570;65.448952
0.125588;76.162170
0.125605;89.017723
0.125623;100.894234
0.125640;108.955734
0.125658;111.492088
0.125676;108.425873
0.125693;101.335480
0.125711;92.987389
0.125728;86.516258
0.125746;84.495872
0.125763;88.176010
0.125781;97.111816
0.125798;109.295265
0.125816;121.749985
0.125834;131.413147
0.125851;136.043152
0.125869;134.883926
0.125886;128.889236
0.125904;120.440025
0.125921;112.638885
0.125939;108.390457
0.125956;109.540474
0.125974;116.328392
0.125991;127.316154
0.126009;139.814011
0.126027;150.677505
0.126044;157.239197
0.126062;158.099365
0.126079;153.540771
0.126097;145.445068
0.126114;136.735275
0.126132;130.509430
0.126149;129.122360
0.126167;133.487488
0.126185;142.805954
0.126202;154.802872
0.126220;166.401413
0.126237;174.634552
0.126255;177.524216
0.126272;174.667786
0.126290;167.357468
0.126307;158.197525
0.126325;150.332397
0.126342;146.514877
0.126360;148.290054
0.126378;155.537079
0.126395;166.504761
0.126413;178.330185
0.126430;187.887177
0.126448;192.712570
0.126465;191.736389
0.126483;185.599060
0.126500;176.461761
0.126518;167.366135
0.126536;161.332626
0.126553;160.465500
0.126571;165.328781
0.126588;174.778885
0.126606;186.303253
0.126623;196.764877
0.126641;203.331726
0.126658;204.316360
0.126676;199.675949
0.126693;191.025299
0.126711;181.158371
0.126729;173.220306
0.126746;169.775284
0.126764;172.046494
0.126781;179.553223
0.126799;190.253204
0.126816;201.147568
0.126834;209.169571
0.126851;212.093445
0.126869;209.194122
0.126887;201.462463
0.126904;191.311615
0.126922;181.862076
0.126939;176.016891
0.126957;175.601196
0.126974;180.821030
0.126992;190.202164
0.127009;201.026672
0.127027;210.138382
0.127044;214.878128
0.127062;213.872131
0.127080;207.439148
0.127097;197.496292
0.127115;186.991135
0.127132;179.028107
0.127150;175.948471
0.127167;178.636307
0.127185;186.256317
0.127202;196.501068
0.127220;206.274811
0.127237;212.610794
0.127255;213.550705
0.127273;208.725067
0.127290;199.463150
0.127308;188.399200
0.127325;178.691803
0.127343;173.087906
0.127360;173.108643
0.127378;178.598297
0.127395;187.770279
0.127413;197.736389
0.127431;205.362823
0.127448;208.198898
0.127466;205.203445
0.127483;197.053833
0.127501;185.945297
0.127518;174.940598
0.127536;167.062454
0.127553;164.397690
0.127571;167.478638
0.127589;175.125183
0.127606;184.794327
0.127624;193.333847
0.127641;197.916397
0.127659;196.877640
0.127676;190.209763
0.127694;179.564056
0.127711;167.761765
0.127729;157.958191
0.127746;152.707520
0.127764;153.205872
0.127782;158.936661
0.127799;167.823410
0.127817;176.845245
0.127834;182.931946
0.127852;183.874161
0.127869;178.978287
0.127887;169.272354
0.127904;157.201691
0.127922;145.904343
0.127940;138.281265
0.127957;136.136566
0.127975;139.642654
0.127992;147.289032
0.128010;156.329926
0.128027;163.597809
0.128045;166.442429
0.128062;163.516327
0.128080;155.174500
0.128097;143.369568
0.128115;131.073242
0.128133;121.395912
0.128150;116.664795
0.128168;117.734222
0.128185;123.732300
0.128203;132.319214
0.128220;140.380539
0.128238;144.950439
0.128255;144.090637
0.128273;137.465225
0.128291;126.440559
0.128308;113.680595
0.128326;102.357613
0.128343;95.212196
0.128361;93.741035
0.128378;97.753212
0.128396;105.426727
0.128413;113.848351
0.128431;119.877060
0.128448;121.075027
0.128466;116.430389
0.128484;106.657425
0.128501;93.985268
0.128519;81.497467
0.128536;72.218391
0.128554;68.216873
0.128571;69.993126
0.128589;76.330338
0.128606;84.655197
0.128624;91.800529
0.128642;94.944077
0.128659;92.445045
0.128677;84.330772
0.128694;72.288971
0.128712;59.167824
0.128729;48.132160
0.128747;41.725582
0.128764;41.116661
0.128782;45.752518
0.128799;53.522572
0.128817;61.384010
0.128835;66.263634
0.128852;65.968803
0.128870;59.837570
0.128887;48.935230
0.128905;35.738911
0.128922;23.403723
0.128940;14.827887
0.128957;11.793839
0.128975;14.439899
0.128993;21.219221
0.129010;29.358135
0.129028;35.678188
0.129045;37.538273
0.129063;33.617592
0.129080;24.307478
0.129098;11.595726
0.129115;-1.522169
0.129133;-11.930570
0.129150;-17.316963
0.129168;-16.857332
0.129186;-11.460435
0.129203;-3.498581
0.129221;3.895434
0.129238;7.756863
0.129256;6.167863
0.129273;-1.173800
0.129291;-12.864828
0.129308;-26.211935
0.129326;-38.029778
0.129344;-45.584846
0.129361;-47.405560
0.129379;-43.718422
0.129396;-36.381046
0.129414;-28.331617
0.129431;-22.718103
0.129449;-21.965153
0.129466;-27.055210
0.129484;-37.237026
0.129501;-50.247955
0.129519;-62.984196
0.129537;-72.420509
0.129554;-76.506676
0.129572;-74.775169
0.129589;-68.479851
0.129607;-60.224354
0.129624;-53.190559
0.129642;-50.195435
0.129659;-52.855949
0.129677;-61.109573
0.129695;-73.232437
0.129712;-86.349907
0.129730;-97.288300
0.129747;-103.515320
0.129765;-103.890610
0.129782;-99.003754
0.129800;-90.999619
0.129817;-82.942810
0.129835;-77.909309
0.129852;-78.074760
0.129870;-84.069298
0.129888;-94.790558
0.129905;-107.729988
0.129923;-119.716057
0.129940;-127.854019
0.129958;-130.383835
0.129975;-127.201782
0.129993;-119.891357
0.130010;-111.254082
0.130028;-104.479187
0.130046;-102.198349
0.130063;-105.705490
0.130081;-114.573051
0.130098;-126.778282
0.130116;-139.302551
0.130133;-149.025604
0.130151;-153.650482
0.130168;-152.384003
0.130186;-146.172241
0.130203;-137.420090
0.130221;-129.278625
0.130239;-124.711159
0.130256;-125.614922
0.130274;-132.258438
0.130291;-143.201630
0.130309;-155.722351
0.130326;-166.622894
0.130344;-173.177567
0.130361;-173.940552
0.130379;-169.174500
0.130397;-160.772781
0.130414;-151.698532
0.130432;-145.106415
0.130449;-143.407669
0.130467;-147.555099
0.130484;-156.760696
0.130502;-168.728531
0.130519;-180.335236
0.130537;-188.555374
0.130554;-191.358124
0.130572;-188.309235
0.130590;-180.699844
0.130607;-171.164032
0.130625;-162.898209
0.130642;-158.713684
0.130660;-160.203491
0.130677;-167.269836
0.130695;-178.152908
0.130712;-189.952164
0.130730;-199.485748
0.130748;-204.233429
0.130765;-203.083633
0.130783;-196.663132
0.130800;-187.151199
0.130818;-177.634064
0.130835;-171.190323
0.130853;-169.978226
0.130870;-174.596085
0.130888;-183.904510
0.130905;-195.363937
0.130923;-205.787018
0.130941;-212.283249
0.130958;-213.115555
0.130976;-208.215393
0.130993;-199.203171
0.131011;-188.908112
0.131028;-180.530060
0.131046;-176.690918
0.131063;-178.657578
0.131081;-185.966125
0.131099;-196.559219
0.131116;-207.395538
0.131134;-215.350967
0.131151;-218.144669
0.131169;-215.014999
0.131186;-206.945557
0.131204;-196.373886
0.131221;-186.469147
0.131239;-180.192947
0.131256;-179.421509
0.131274;-184.389557
0.131292;-193.620392
0.131309;-204.363373
0.131327;-213.409027
0.131344;-218.040192
0.131362;-216.837372
0.131379;-210.099777
0.131397;-199.756668
0.131414;-188.795944
0.131432;-180.378693
0.131450;-176.902298
0.131467;-179.289902
0.131485;-186.716431
0.131502;-196.853165
0.131520;-206.557602
0.131537;-212.804718
0.131555;-213.583755
0.131572;-208.494141
0.131590;-198.864548
0.131607;-187.359390
0.131625;-177.189255
0.131643;-171.159531
0.131660;-170.838867
0.131678;-176.094162
0.131695;-185.129745
0.131713;-195.019531
0.131730;-202.574036
0.131748;-205.285736
0.131765;-202.072464
0.131783;-193.598221
0.131801;-182.076828
0.131818;-170.615952
0.131836;-162.296173
0.131853;-159.258194
0.131871;-162.068039
0.131888;-169.549377
0.131906;-179.131821
0.131923;-187.612778
0.131941;-192.106430
0.131958;-190.899368
0.131976;-183.958450
0.131994;-172.940994
0.132011;-160.703949
0.132029;-150.457153
0.132046;-144.812408
0.132064;-145.009094
0.132081;-150.546921
0.132099;-159.333984
0.132116;-168.306625
0.132134;-174.337387
0.132151;-175.162125
0.132169;-170.051086
0.132187;-160.025574
0.132204;-147.555649
0.132222;-135.828110
0.132239;-127.802383
0.132257;-125.333351
0.132274;-128.621536
0.132292;-136.153564
0.132309;-145.150574
0.132327;-152.391754
0.132345;-155.168961
0.132362;-152.089523
0.132380;-143.489288
0.132397;-131.333420
0.132415;-118.634300
0.132432;-108.558868
0.132450;-103.490219
0.132467;-104.321198
0.132485;-110.189789
0.132503;-118.734367
0.132520;-126.793648
0.132538;-131.343582
0.132555;-130.393799
0.132573;-123.577705
0.132590;-112.261551
0.132608;-99.139786
0.132625;-87.436760
0.132643;-79.951279
0.132660;-78.227150
0.132678;-82.095573
0.132696;-89.725052
0.132713;-98.164124
0.132731;-104.216110
0.132748;-105.386620
0.132766;-100.623070
0.132783;-90.626976
0.132801;-77.646385
0.132818;-64.809914
0.132836;-55.199707
0.132854;-50.938141
0.132871;-52.558659
0.132889;-58.847706
0.132906;-67.204231
0.132924;-74.410553
0.132941;-77.586105
0.132959;-75.041321
0.132976;-66.778694
0.132994;-54.492416
0.133011;-41.066559
0.133029;-29.720610
0.133047;-23.055443
0.133064;-22.282488
0.133082;-26.864677
0.133099;-34.675484
0.133117;-42.629150
0.133134;-47.595230
0.133152;-47.326550
0.133169;-41.125477
0.133187;-30.051025
0.133205;-16.605350
0.133222;-3.992480
0.133240;4.831077
0.133257;8.032479
0.133275;5.445797
0.133292;-1.378736
0.133310;-9.634091
0.133327;-16.088377
0.133345;-18.042789
0.133362;-14.131708
0.133380;-4.727751
0.133398;8.168297
0.133415;21.520126
0.133433;32.155548
0.133450;37.706505
0.133468;37.310917
0.133485;31.868214
0.133503;23.772884
0.133520;16.204832
0.133538;12.186882
0.133556;13.688707
0.133573;21.042772
0.133591;32.845455
0.133608;46.372681
0.133626;58.386993
0.133643;66.096863
0.133661;67.983986
0.133678;64.253319
0.133696;56.772400
0.133713;48.517960
0.133731;42.693665
0.133749;41.780491
0.133766;46.801208
0.133784;57.016891
0.133801;70.145607
0.133819;83.038338
0.133836;92.612144
0.133854;96.763664
0.133871;94.992622
0.133889;88.550102
0.133907;80.067894
0.133924;72.778526
0.133942;69.557114
0.133959;72.069099
0.133977;80.276360
0.133994;92.448090
0.134012;105.673546
0.134029;116.724380
0.134047;123.011314
0.134064;123.351547
0.134082;118.319389
0.134100;110.076103
0.134117;101.729492
0.134135;96.412758
0.134152;96.355820
0.134170;102.224091
0.134187;112.921021
0.134205;125.912704
0.134222;137.978638
0.134240;146.165894
0.134258;148.664429
0.134275;145.343430
0.134293;137.790283
0.134310;128.840195
0.134328;121.735954
0.134345;119.166702
0.134363;122.470871
0.134380;131.239151
0.134398;143.435394
0.134415;155.999954
0.134433;165.756119
0.134451;170.351624
0.134468;168.955795
0.134486;162.505798
0.134503;153.429214
0.134521;144.924316
0.134538;140.012527
0.134556;140.642548
0.134573;147.112701
0.134591;157.982162
0.134609;170.497696
0.134626;181.409439
0.134644;187.933884
0.134661;188.578949
0.134679;183.586166
0.134696;174.859390
0.134714;165.400574
0.134731;158.420074
0.134749;156.385254
0.134766;160.288879
0.134784;169.354782
0.134802;181.267349
0.134819;192.857895
0.134837;201.043350
0.134854;203.740128
0.134872;200.481689
0.134889;192.556976
0.134907;182.628510
0.134924;173.943481
0.134942;169.371292
0.134960;170.553024
0.134977;177.414902
0.134995;188.189758
0.135012;199.940659
0.135030;209.431061
0.135047;214.084030
0.135065;212.746078
0.135082;206.029083
0.135100;196.129196
0.135117;186.176132
0.135135;179.305603
0.135153;177.729950
0.135170;182.082245
0.135188;191.228531
0.135205;202.603500
0.135223;212.970749
0.135240;219.381729
0.135258;220.049774
0.135275;214.879776
0.135293;205.496399
0.135311;194.762985
0.135328;185.932938
0.135346;181.685486
0.135363;183.331650
0.135381;190.425278
0.135398;200.895248
0.135416;211.658997
0.135433;219.535980
0.135451;222.190414
0.135468;218.823532
0.135486;210.410660
0.135504;199.412247
0.135521;189.044983
0.135539;182.328384
0.135556;181.189926
0.135574;185.893631
0.135591;194.961563
0.135609;205.611755
0.135626;214.582489
0.135644;219.098953
0.135662;217.695862
0.135679;210.651733
0.135697;199.906799
0.135714;188.488052
0.135732;179.612274
0.135749;175.732727
0.135767;177.812057
0.135784;185.036636
0.135802;195.057663
0.135819;204.687073
0.135837;210.842407
0.135855;211.460419
0.135872;206.108673
0.135890;196.114166
0.135907;184.170105
0.135925;173.538010
0.135942;167.081161
0.135960;166.415939
0.135977;171.432709
0.135995;180.328049
0.136013;190.139221
0.136030;197.622055
0.136048;200.212540
0.136065;196.786911
0.136083;187.994934
0.136100;176.067657
0.136118;164.156372
0.136135;155.398834
0.136153;151.989441
0.136170;154.528641
0.136188;161.844940
0.136206;171.341965
0.136223;179.767807
0.136241;184.178879
0.136258;182.812439
0.136276;175.609238
0.136293;164.231415
0.136311;151.570190
0.136328;140.889160
0.136346;134.857147
0.136364;134.757263
0.136381;140.106476
0.136399;148.798721
0.136416;157.728867
0.136434;163.713043
0.136451;164.432373
0.136469;159.120483
0.136486;148.790833
0.136504;135.936768
0.136521;123.792809
0.136539;115.376144
0.136557;112.592529
0.136574;115.671318
0.136592;123.097511
0.136609;132.060516
0.136627;139.287170
0.136644;142.011932
0.136662;138.796600
0.136679;129.956955
0.136697;117.469467
0.136715;104.385788
0.136732;93.928627
0.136750;88.536690
0.136767;89.141876
0.136785;94.893066
0.136802;103.408195
0.136820;111.480247
0.136837;116.027725
0.136855;115.008102
0.136872;108.023438
0.136890;96.438660
0.136908;82.977394
0.136925;70.914970
0.136943;63.107925
0.136960;61.147427
0.136978;64.887619
0.136995;72.488800
0.137013;80.962578
0.137030;87.057487
0.137048;88.222893
0.137066;83.365067
0.137083;73.171684
0.137101;59.908417
0.137118;46.747711
0.137136;36.828793
0.137153;32.327408
0.137171;33.810940
0.137188;40.070221
0.137206;48.477768
0.137223;55.766514
0.137241;58.998138
0.137259;56.434135
0.137276;48.051331
0.137294;35.549145
0.137311;21.846245
0.137329;10.215802
0.137346;3.315581
0.137364;2.400260
0.137381;6.949549
0.137399;14.822284
0.137417;22.890982
0.137434;27.968773
0.137452;27.754065
0.137469;21.512947
0.137487;10.297052
0.137504;-3.367767
0.137522;-16.229723
0.137539;-25.274639
0.137557;-28.619181
0.137574;-26.069056
0.137592;-19.176666
0.137610;-10.781095
0.137627;-4.166668
0.137645;-2.089464
0.137662;-5.960252
0.137680;-15.426054
0.137697;-28.474390
0.137715;-42.029404
0.137732;-52.863205
0.137750;-58.552429
0.137768;-58.196373
0.137785;-52.684113
0.137803;-44.430981
0.137820;-36.662827
0.137838;-32.459885
0.137855;-33.843674
0.137873;-41.177612
0.137890;-53.058933
0.137908;-66.734100
0.137925;-78.914604
0.137943;-86.751366
0.137961;-88.679161
0.137978;-84.880478
0.137996;-77.231567
0.138013;-68.746399
0.138031;-62.683430
0.138048;-61.579731
0.138066;-66.498833
0.138083;-76.715179
0.138101;-89.928856
0.138119;-102.946854
0.138136;-112.629234
0.138154;-116.819588
0.138171;-114.984215
0.138189;-108.370316
0.138206;-99.636482
0.138224;-92.064796
0.138241;-88.588036
0.138259;-90.920258
0.138276;-99.048561
0.138294;-111.236519
0.138312;-124.538506
0.138329;-135.672470
0.138347;-141.992508
0.138364;-142.273026
0.138382;-137.072037
0.138399;-128.565933
0.138417;-119.904472
0.138434;-114.277298
0.138452;-113.968491
0.138470;-119.679352
0.138487;-130.320267
0.138505;-143.333298
0.138522;-155.450027
0.138540;-163.660065
0.138557;-166.103210
0.138575;-162.620819
0.138592;-154.802902
0.138610;-145.517075
0.138627;-138.058685
0.138645;-135.173996
0.138663;-138.246262
0.138680;-146.885315
0.138698;-159.042923
0.138715;-171.619705
0.138733;-181.383286
0.138750;-185.926346
0.138768;-184.380096
0.138785;-177.671860
0.138803;-168.250412
0.138821;-159.360291
0.138838;-154.080185
0.138856;-154.410400
0.138873;-160.679764
0.138891;-171.447891
0.138908;-183.931763
0.138926;-194.830414
0.138943;-201.302994
0.138961;-201.810837
0.138978;-196.573624
0.138996;-187.504288
0.139014;-177.642365
0.139031;-170.253067
0.139049;-167.859634
0.139066;-171.495224
0.139084;-180.396515
0.139101;-192.229660
0.139119;-203.781708
0.139136;-211.912750
0.139154;-214.486435
0.139172;-211.003296
0.139189;-202.748840
0.139207;-192.412827
0.139224;-183.292145
0.139242;-178.313766
0.139259;-179.167053
0.139277;-185.802948
0.139294;-196.448318
0.139312;-208.131027
0.139329;-217.560822
0.139347;-222.104385
0.139365;-220.565872
0.139382;-213.541367
0.139400;-203.242538
0.139417;-192.841385
0.139435;-185.529999
0.139452;-183.574631
0.139470;-187.643845
0.139487;-196.610153
0.139505;-207.883865
0.139523;-218.180573
0.139540;-224.494308
0.139558;-224.988724
0.139575;-219.541260
0.139593;-209.779755
0.139610;-198.600281
0.139628;-189.308899
0.139645;-184.641785
0.139663;-185.954300
0.139680;-192.819153
0.139698;-203.152634
0.139716;-213.832230
0.139733;-221.621750
0.139751;-224.130646
0.139768;-220.522476
0.139786;-211.763184
0.139803;-200.334915
0.139821;-189.500687
0.139838;-182.337296
0.139856;-180.823502
0.139874;-185.253326
0.139891;-194.148926
0.139909;-204.698151
0.139926;-213.588104
0.139944;-217.986832
0.139961;-216.382858
0.139979;-209.033279
0.139996;-197.887909
0.140014;-186.011581
0.140031;-176.675964
0.140049;-172.390030
0.140067;-174.156281
0.140084;-181.173599
0.140102;-191.074432
0.140119;-200.626389
0.140137;-206.690109
0.140154;-207.149933
0.140172;-201.541016
0.140189;-191.187332
0.140207;-178.809738
0.140225;-167.719543
0.140242;-160.837433
0.140260;-159.827728
0.140277;-164.605087
0.140295;-173.359634
0.140312;-183.093155
0.140330;-190.507767
0.140347;-192.983215
0.140365;-189.353821
0.140382;-180.254059
0.140400;-167.930893
0.140418;-155.578079
0.140435;-146.389786
0.140453;-142.613998
0.140470;-144.886185
0.140488;-152.040924
0.140505;-161.457031
0.140523;-169.834457
0.140540;-174.172333
0.140558;-172.658478
0.140576;-165.206757
0.140593;-153.482880
0.140611;-140.411133
0.140628;-129.307816
0.140646;-122.898453
0.140663;-122.510246
0.140681;-127.678398
0.140698;-136.283890
0.140716;-145.181320
0.140733;-151.131256
0.140751;-151.760269
0.140769;-146.264725
0.140786;-135.649139
0.140804;-122.429016
0.140821;-109.885277
0.140839;-101.092339
0.140856;-98.006851
0.140874;-100.887833
0.140891;-108.219719
0.140909;-117.161507
0.140927;-124.388748
0.140944;-127.078827
0.140962;-123.747787
0.140979;-114.690430
0.140997;-101.893204
0.141014;-88.445908
0.141032;-77.626114
0.141049;-71.927895
0.141067;-72.322731
0.141084;-77.971405
0.141102;-86.472717
0.141120;-94.575073
0.141137;-99.140198
0.141155;-98.073395
0.141172;-90.944702
0.141190;-79.116570
0.141207;-65.340492
0.141225;-52.941753
0.141242;-44.834126
0.141260;-42.656326
0.141278;-46.286339
0.141295;-53.877464
0.141313;-62.405590
0.141330;-68.565453
0.141348;-69.750374
0.141365;-64.825050
0.141383;-54.462330
0.141400;-40.944233
0.141418;-27.485834
0.141435;-17.282709
0.141453;-12.563914
0.141471;-13.931385
0.141488;-20.181450
0.141506;-28.661497
0.141523;-36.056129
0.141541;-39.369831
0.141558;-36.814987
0.141576;-28.341948
0.141593;-15.654152
0.141611;-1.703585
0.141629;10.183834
0.141646;17.293798
0.141664;18.328028
0.141681;13.789083
0.141699;5.831500
0.141716;-2.376719
0.141734;-7.593046
0.141751;-7.461597
0.141769;-1.211626
0.141786;10.113714
0.141804;23.966164
0.141822;37.047298
0.141839;46.285873
0.141857;49.747974
0.141874;47.210217
0.141892;40.225979
0.141909;31.665134
0.141927;24.863466
0.141944;22.633934
0.141962;26.432753
0.141980;35.927490
0.141997;49.095238
0.142015;62.821819
0.142032;73.824501
0.142050;79.624741
0.142067;79.282829
0.142085;73.676346
0.142102;65.240227
0.142120;57.245144
0.142137;52.828075
0.142155;54.062408
0.142173;61.343201
0.142190;73.269737
0.142208;87.060280
0.142225;99.376282
0.142243;107.311630
0.142260;109.253914
0.142278;105.362289
0.142295;97.520500
0.142313;88.778542
0.142331;82.448792
0.142348;81.124130
0.142366;85.909309
0.142383;96.093170
0.142401;109.359062
0.142418;122.471169
0.142436;132.233276
0.142453;136.435989
0.142471;134.511536
0.142488;127.702110
0.142506;118.691841
0.142524;110.811317
0.142541;107.050438
0.142559;109.172058
0.142576;117.189346
0.142594;129.361374
0.142611;142.709000
0.142629;153.897369
0.142646;160.224258
0.142664;160.420898
0.142682;155.028091
0.142699;146.236023
0.142717;137.235291
0.142734;131.271210
0.142752;130.681915
0.142769;136.205154
0.142787;146.759354
0.142804;159.763809
0.142822;171.903351
0.142839;180.110657
0.142857;182.475266
0.142875;178.809967
0.142892;170.706238
0.142910;161.062851
0.142927;153.226685
0.142945;150.000824
0.142962;152.813568
0.142980;161.294861
0.142997;173.385696
0.143015;185.948105
0.143033;195.694839
0.143050;200.163773
0.143068;198.447464
0.143085;191.462326
0.143103;181.677139
0.143120;172.381454
0.143138;166.710709
0.143155;166.716797
0.143173;172.759766
0.143190;183.400818
0.143208;195.828506
0.143226;206.691620
0.143243;213.092499
0.143261;213.445740
0.143278;207.948105
0.143296;198.520554
0.143313;188.238907
0.143331;180.422409
0.143348;177.649902
0.143366;180.995392
0.143384;189.709503
0.143401;201.441269
0.143419;212.934753
0.143436;220.993820
0.143454;223.429459
0.143471;219.708603
0.143489;211.112244
0.143506;200.356049
0.143524;190.785629
0.143541;185.384918
0.143559;185.891769
0.143577;192.282822
0.143594;202.779938
0.143612;214.377213
0.143629;223.731567
0.143647;228.153564
0.143664;226.404572
0.143682;219.063934
0.143699;208.357742
0.143717;197.498871
0.143734;189.735199
0.143752;187.386765
0.143770;191.158188
0.143787;199.929535
0.143805;211.088028
0.143822;221.302322
0.143840;227.509674
0.143857;227.823792
0.143875;222.093994
0.143892;211.950104
0.143910;200.319672
0.143928;190.560410
0.143945;185.465164
0.143963;186.433990
0.143980;193.059204
0.143998;203.245956
0.144015;213.832855
0.144033;221.528915
0.144050;223.888931
0.144068;220.038345
0.144086;210.932571
0.144103;199.074280
0.144121;187.771591
0.144138;180.158066
0.144156;178.263718
0.144173;182.413422
0.144191;191.130386
0.144208;201.573685
0.144226;210.380188
0.144243;214.661194
0.144261;212.858826
0.144279;205.207855
0.144296;193.666489
0.144314;181.336151
0.144331;171.542557
0.144349;166.850098
0.144366;168.301743
0.144384;175.109802
0.144401;184.889267
0.144419;194.364456
0.144437;200.339935
0.144454;200.647614
0.144472;194.789474
0.144489;184.085526
0.144507;171.282776
0.144524;159.741455
0.144542;152.439117
0.144559;151.088257
0.144577;155.628632
0.144594;164.245071
0.144612;173.905197
0.144630;181.258209
0.144647;183.628021
0.144665;179.806488
0.144682;170.411896
0.144700;157.705841
0.144717;144.923447
0.144735;135.314484
0.144752;131.180511
0.144770;133.192596
0.144788;140.192429
0.144805;149.535324
0.144823;157.874146
0.144840;162.151276
0.144858;160.504974
0.144875;152.821457
0.144893;140.768799
0.144910;127.303101
0.144928;115.792381
0.144945;109.018669
0.144963;108.353447
0.144981;113.351120
0.144998;121.880974
0.145016;130.758545
0.145033;136.689514
0.145051;137.246124
0.145068;131.586899
0.145086;120.706459
0.145103;107.140991
0.145121;94.216911
0.145139;85.065155
0.145156;81.693413
0.145174;84.390968
0.145191;91.642944
0.145209;100.579163
0.145226;107.824806
0.145244;110.500671
0.145261;107.076698
0.145279;97.825829
0.145296;84.743317
0.145314;70.955849
0.145332;59.795021
0.145349;53.810135
0.145367;54.012630
0.145384;59.576283
0.145402;68.081985
0.145419;76.234688
0.145437;80.839966
0.145454;79.750992
0.145472;72.505058
0.145490;60.461052
0.145507;46.397049
0.145525;33.687290
0.145542;25.302294
0.145560;22.928564
0.145577;26.468714
0.145595;34.070271
0.145612;42.674625
0.145630;48.923538
0.145647;50.154587
0.145665;45.190479
0.145683;34.688271
0.145700;20.945023
0.145718;7.217328
0.145735;-3.243635
0.145753;-8.155529
0.145770;-6.881294
0.145788;-0.617996
0.145805;7.957871
0.145823;15.483618
0.145841;18.907061
0.145858;16.391310
0.145876;7.859473
0.145893;-4.982183
0.145911;-19.149597
0.145928;-31.265018
0.145946;-38.557945
0.145963;-39.686131
0.145981;-35.133488
0.145998;-27.066690
0.146016;-18.693096
0.146034;-13.310133
0.146051;-13.327851
0.146069;-19.554401
0.146086;-30.956161
0.146104;-44.963730
0.146121;-58.233120
0.146139;-67.636627
0.146156;-71.189674
0.146174;-68.639038
0.146192;-61.537956
0.146209;-52.785835
0.146227;-45.768974
0.146244;-43.356812
0.146262;-47.051319
0.146279;-56.541492
0.146297;-69.795242
0.146314;-83.661247
0.146332;-94.802719
0.146349;-100.686218
0.146367;-100.332428
0.146385;-94.606499
0.146402;-85.961723
0.146420;-77.712456
0.146437;-73.051781
0.146455;-74.105019
0.146472;-81.299538
0.146490;-93.237762
0.146507;-107.111053
0.146525;-119.531807
0.146543;-127.537331
0.146560;-129.467804
0.146578;-125.458244
0.146595;-117.398666
0.146613;-108.373894
0.146630;-101.749344
0.146648;-100.173515
0.146665;-104.792778
0.146683;-114.911369
0.146700;-128.197144
0.146718;-141.372620
0.146736;-151.186020
0.146753;-155.375015
0.146771;-153.337097
0.146788;-146.308411
0.146806;-136.997360
0.146823;-128.782059
0.146841;-124.708939
0.146858;-126.589920
0.146876;-134.464905
0.146894;-146.589798
0.146911;-159.953049
0.146929;-171.167969
0.146946;-177.476318
0.146964;-177.565750
0.146981;-171.958954
0.146999;-162.858734
0.147016;-153.495316
0.147034;-147.168945
0.147051;-146.271713
0.147069;-151.578384
0.147087;-162.016495
0.147104;-174.983841
0.147122;-187.119568
0.147139;-195.299911
0.147157;-197.564194
0.147174;-193.695770
0.147192;-185.286514
0.147209;-175.265091
0.147227;-167.029053
0.147245;-163.437820
0.147262;-165.965103
0.147280;-174.261871
0.147297;-186.259552
0.147315;-198.782715
0.147332;-208.490158
0.147350;-212.865021
0.147367;-210.960739
0.147385;-203.681793
0.147402;-193.515732
0.147420;-183.796051
0.147438;-177.714279
0.147455;-177.373962
0.147473;-183.167053
0.147490;-193.657486
0.147508;-206.006531
0.147525;-216.813873
0.147543;-223.125397
0.147560;-223.308655
0.147578;-217.536789
0.147596;-207.737473
0.147613;-197.021713
0.147631;-188.761856
0.147648;-185.592178
0.147666;-188.627945
0.147683;-197.134720
0.147701;-208.745712
0.147718;-220.163055
0.147736;-228.135117
0.147753;-230.420212
0.147771;-226.451050
0.147789;-217.503006
0.147806;-206.316498
0.147824;-196.284729
0.147841;-190.448181
0.147859;-190.593430
0.147876;-196.723434
0.147894;-207.056427
0.147911;-218.553802
0.147929;-227.820618
0.147947;-232.111572
0.147964;-230.144897
0.147982;-222.482361
0.147999;-211.362961
0.148017;-200.039581
0.148034;-191.815018
0.148052;-189.063095
0.148069;-192.524994
0.148087;-201.089432
0.148104;-212.121765
0.148122;-222.244812
0.148140;-228.339523
0.148157;-228.469604
0.148175;-222.455521
0.148192;-211.927902
0.148210;-199.844543
0.148227;-189.613937
0.148245;-184.085144
0.148262;-184.703308
0.148280;-191.081314
0.148298;-201.114227
0.148315;-211.603073
0.148333;-219.202759
0.148350;-221.413681
0.148368;-217.322510
0.148385;-207.873291
0.148403;-195.587738
0.148420;-183.818283
0.148438;-175.754440
0.148455;-173.477615
0.148473;-177.344131
0.148491;-185.879486
0.148508;-196.215195
0.148526;-204.938766
0.148543;-209.105270
0.148561;-207.110123
0.148578;-199.164917
0.148596;-187.235031
0.148613;-174.457367
0.148631;-164.210846
0.148649;-159.115036
0.148666;-160.253784
0.148684;-166.853897
0.148701;-176.514069
0.148719;-185.916550
0.148736;-191.810364
0.148754;-191.975037
0.148771;-185.878769
0.148789;-174.836395
0.148806;-161.620056
0.148824;-149.637741
0.148842;-141.923416
0.148859;-140.237946
0.148877;-144.547012
0.148894;-153.031296
0.148912;-162.625473
0.148929;-169.926712
0.148947;-172.203293
0.148964;-168.204315
0.148982;-158.530807
0.149000;-145.457947
0.149017;-132.260895
0.149035;-122.244408
0.149052;-117.763565
0.149070;-119.525604
0.149087;-126.380302
0.149105;-135.660812
0.149122;-143.973892
0.149140;-148.205719
0.149157;-146.444855
0.149175;-138.549057
0.149193;-126.187744
0.149210;-112.347481
0.149228;-100.447189
0.149245;-93.324974
0.149263;-92.397003
0.149280;-97.237755
0.149298;-105.706001
0.149315;-114.579414
0.149333;-120.509552
0.149351;-121.014359
0.149368;-115.214142
0.149386;-104.092438
0.149403;-90.205017
0.149421;-76.922615
0.149438;-67.432198
0.149456;-63.792446
0.149473;-66.323708
0.149491;-73.512863
0.149508;-82.461784
0.149526;-89.746231
0.149544;-92.430779
0.149561;-88.939064
0.149579;-79.521233
0.149596;-66.180191
0.149614;-52.078308
0.149631;-40.600422
0.149649;-34.350819
0.149666;-34.381405
0.149684;-39.879910
0.149702;-48.410545
0.149719;-56.635876
0.149737;-61.306007
0.149754;-60.221951
0.149772;-52.887619
0.149789;-40.657181
0.149807;-26.334126
0.149824;-13.340614
0.149842;-4.703478
0.149859;-2.157197
0.149877;-5.629836
0.149895;-13.264299
0.149912;-21.968668
0.149930;-28.332596
0.149947;-29.638163
0.149965;-24.665655
0.149982;-14.055376
0.150000;-0.118245
0.150017;13.848783
0.150035;24.539606
0.150053;29.618681
0.150070;28.413233
0.150088;22.112659
0.150105;13.416116
0.150123;5.732566
0.150140;2.170358
0.150158;4.615797
0.150175;13.173795
0.150193;26.136410
0.150210;40.488708
0.150228;52.802017
0.150246;60.249947
0.150263;61.445965
0.150281;56.854420
0.150298;48.652916
0.150316;40.087051
0.150333;34.508392
0.150351;34.381069
0.150368;40.551144
0.150386;51.995586
0.150404;66.125069
0.150421;79.551132
0.150439;89.090134
0.150456;92.706787
0.150474;90.117355
0.150491;82.873741
0.150509;73.903740
0.150526;66.643204
0.150544;64.017700
0.150561;67.575211
0.150579;77.027092
0.150597;90.333199
0.150614;104.306259
0.150632;115.556274
0.150649;121.494995
0.150667;121.103119
0.150684;115.232330
0.150702;106.353058
0.150719;97.822266
0.150737;92.888573
0.150755;93.729195
0.150772;100.804497
0.150790;112.721161
0.150807;126.644829
0.150825;139.139893
0.150842;147.187439
0.150860;149.080048
0.150877;144.927841
0.150895;136.625870
0.150912;127.292595
0.150930;120.345734
0.150948;118.489090
0.150965;122.911133
0.150983;132.932373
0.151000;146.206451
0.151018;159.415344
0.151035;169.252365
0.151053;173.402222
0.151070;171.227249
0.151088;163.956329
0.151106;154.321014
0.151123;145.745834
0.151141;141.333405
0.151158;142.944748
0.151176;150.647369
0.151193;162.695114
0.151211;176.045242
0.151228;187.260056
0.151246;193.525620
0.151263;193.485764
0.151281;187.644073
0.151299;178.214752
0.151316;168.466507
0.151334;161.753876
0.151351;160.522781
0.151369;165.585556
0.151386;175.879837
0.151404;188.783203
0.151421;200.890076
0.151439;209.020950
0.151457;211.164673
0.151474;207.074570
0.151492;198.341766
0.151509;187.923569
0.151527;179.267303
0.151544;175.288391
0.151562;177.506271
0.151579;185.593826
0.151597;197.473999
0.151614;209.935150
0.151632;219.582870
0.151650;223.845718
0.151667;221.737610
0.151685;214.149994
0.151702;203.588013
0.151720;193.428024
0.151737;186.917084
0.151755;186.210388
0.151772;191.732513
0.151790;202.051163
0.151808;214.301575
0.151825;225.035278
0.151843;231.242157
0.151860;231.242477
0.151878;225.184921
0.151895;215.002716
0.151913;203.840851
0.151930;195.124008
0.151948;191.541672
0.151965;194.250809
0.151983;202.532852
0.152001;214.006363
0.152018;225.332718
0.152036;233.205429
0.152053;235.330139
0.152071;231.104706
0.152088;221.797943
0.152106;210.173615
0.152123;199.671692
0.152141;193.388672
0.152159;193.160004
0.152176;199.015747
0.152194;209.171692
0.152211;220.557755
0.152229;229.727844
0.152246;233.881195
0.152264;231.692551
0.152281;223.705078
0.152299;212.169617
0.152316;200.377869
0.152334;191.686874
0.152352;188.524078
0.152369;191.667847
0.152387;200.016586
0.152404;210.915039
0.152422;220.941101
0.152439;226.919998
0.152457;226.865402
0.152474;220.568085
0.152492;209.658417
0.152510;197.123245
0.152527;186.420944
0.152545;180.456390
0.152562;180.720200
0.152580;186.846619
0.152597;196.721909
0.152615;207.110550
0.152632;214.614243
0.152650;216.678955
0.152667;212.352264
0.152685;202.565643
0.152703;189.858887
0.152720;177.627441
0.152738;169.116302
0.152755;166.458298
0.152773;170.041946
0.152790;178.396057
0.152808;188.625732
0.152825;197.270203
0.152843;201.328613
0.152861;199.149475
0.152878;190.920319
0.152896;178.612579
0.152913;165.397415
0.152931;154.706146
0.152948;149.213364
0.152966;150.044281
0.152983;156.441040
0.153001;165.987305
0.153018;175.324280
0.153036;181.146210
0.153054;181.180145
0.153071;174.859879
0.153089;163.494110
0.153106;149.878738
0.153124;137.468613
0.153141;129.353699
0.153159;127.343338
0.153176;131.429977
0.153194;139.791260
0.153212;149.330078
0.153229;156.592438
0.153247;158.791229
0.153264;154.632431
0.153282;144.698929
0.153299;131.278183
0.153317;117.684341
0.153334;107.276497
0.153352;102.463097
0.153369;103.988098
0.153387;110.710510
0.153405;119.942406
0.153422;128.245544
0.153440;132.450348
0.153457;130.595596
0.153475;122.509857
0.153492;109.862625
0.153510;95.669907
0.153527;83.400597
0.153545;75.948524
0.153563;74.774849
0.153580;79.474991
0.153598;87.898460
0.153615;96.786118
0.153633;102.736107
0.153650;103.212357
0.153668;97.296249
0.153685;85.959366
0.153703;71.775780
0.153720;58.159554
0.153738;48.353035
0.153756;44.466057
0.153773;46.850632
0.153791;53.996532
0.153808;62.978840
0.153826;70.324837
0.153843;73.043266
0.153861;69.511147
0.153878;59.955051
0.153896;46.384323
0.153914;31.995878
0.153931;20.227009
0.153949;13.736784
0.153966;13.618025
0.153984;19.073385
0.154001;27.651577
0.154019;35.973866
0.154036;40.735485
0.154054;39.685268
0.154071;32.293118
0.154089;19.907440
0.154107;5.355898
0.154124;-7.892368
0.154142;-16.754684
0.154159;-19.448387
0.154177;-16.019184
0.154194;-8.327635
0.154212;0.502186
0.154229;7.008631
0.154247;8.418546
0.154265;3.469402
0.154282;-7.216188
0.154300;-21.314655
0.154317;-35.489769
0.154335;-46.381176
0.154352;-51.600220
0.154370;-50.437794
0.154387;-44.074623
0.154405;-35.231323
0.154422;-27.362139
0.154440;-23.631094
0.154458;-25.974043
0.154475;-34.524677
0.154493;-47.574509
0.154510;-62.078903
0.154528;-74.559143
0.154545;-82.133286
0.154563;-83.370163
0.154580;-78.713669
0.154598;-70.351212
0.154616;-61.565460
0.154633;-55.761444
0.154651;-55.457226
0.154668;-61.537342
0.154686;-72.990356
0.154703;-87.208221
0.154721;-100.758987
0.154738;-110.403709
0.154756;-114.056290
0.154773;-111.401726
0.154791;-103.989624
0.154809;-94.774879
0.154826;-87.242020
0.154844;-84.372391
0.154861;-87.760277
0.154879;-97.140190
0.154896;-110.465141
0.154914;-124.513054
0.154931;-135.841446
0.154949;-141.807526
0.154967;-141.351456
0.154984;-135.310532
0.155002;-126.171135
0.155019;-117.331802
0.155037;-112.096008
0.155054;-112.692986
0.155072;-119.616669
0.155089;-131.479141
0.155107;-145.421478
0.155124;-157.960983
0.155142;-166.023026
0.155160;-167.852386
0.155177;-163.533371
0.155195;-154.965042
0.155212;-145.298386
0.155230;-138.002518
0.155247;-135.836334
0.155265;-140.030792
0.155282;-149.923676
0.155300;-163.155624
0.155318;-176.369049
0.155335;-186.203079
0.155353;-190.289581
0.155370;-187.954956
0.155388;-180.419983
0.155405;-170.438034
0.155423;-161.479202
0.155440;-156.701706
0.155458;-158.015839
0.155475;-165.517532
0.155493;-177.459641
0.155511;-190.769394
0.155528;-201.959015
0.155546;-208.159164
0.155563;-207.969421
0.155581;-201.873428
0.155598;-192.095627
0.155616;-181.942169
0.155633;-174.821030
0.155651;-173.231949
0.155669;-178.025360
0.155686;-188.150055
0.155704;-200.964523
0.155721;-213.019531
0.155739;-221.080307
0.155756;-223.085205
0.155774;-218.756836
0.155791;-209.684357
0.155809;-198.852676
0.155826;-189.757950
0.155844;-185.371262
0.155862;-187.258041
0.155879;-195.113937
0.155897;-206.854599
0.155914;-219.233383
0.155932;-228.803253
0.155949;-232.938507
0.155967;-230.612946
0.155984;-222.704086
0.156002;-211.733490
0.156020;-201.119324
0.156037;-194.163544
0.156055;-193.073090
0.156072;-198.305710
0.156090;-208.434113
0.156107;-220.568604
0.156125;-231.213516
0.156142;-237.303070
0.156160;-237.110077
0.156177;-230.757935
0.156195;-220.184341
0.156213;-208.567078
0.156230;-199.382385
0.156248;-195.374710
0.156265;-197.743149
0.156283;-205.785980
0.156300;-217.108292
0.156318;-228.331726
0.156335;-236.095612
0.156353;-238.052933
0.156371;-233.566208
0.156388;-223.896454
0.156406;-211.829788
0.156423;-200.851822
0.156441;-194.114716
0.156458;-193.502838
0.156476;-199.074295
0.156493;-209.043396
0.156511;-220.309769
0.156528;-229.377090
0.156546;-233.389389
0.156564;-230.977509
0.156581;-222.665100
0.156599;-210.713760
0.156616;-198.452866
0.156634;-189.292984
0.156651;-185.715179
0.156669;-188.535507
0.156686;-196.663025
0.156704;-207.423080
0.156722;-217.349686
0.156739;-223.212860
0.156757;-222.976028
0.156774;-216.399689
0.156792;-205.112808
0.156809;-192.130081
0.156827;-180.958862
0.156844;-174.559662
0.156862;-174.468704
0.156879;-180.342529
0.156897;-190.059723
0.156915;-200.349365
0.156932;-207.760620
0.156950;-209.685287
0.156967;-205.131210
0.156985;-195.016510
0.157002;-181.897675
0.157020;-169.212219
0.157037;-160.260086
0.157055;-157.225555
0.157073;-160.529907
0.157090;-168.706451
0.157108;-178.835022
0.157125;-187.407486
0.157143;-191.367401
0.157160;-189.016144
0.157178;-180.516464
0.157195;-167.844604
0.157213;-154.204910
0.157230;-143.080307
0.157248;-137.200180
0.157266;-137.731491
0.157283;-143.932739
0.157301;-153.373734
0.157318;-162.655670
0.157336;-168.418564
0.157353;-168.337067
0.157371;-161.809998
0.157388;-150.138763
0.157406;-136.141937
0.157424;-123.320229
0.157441;-114.819153
0.157459;-112.496727
0.157476;-116.372879
0.157494;-124.623398
0.157511;-134.120514
0.157529;-141.359879
0.157546;-143.499237
0.157564;-139.201096
0.157581;-129.029312
0.157599;-115.282372
0.157617;-101.312462
0.157634;-90.532227
0.157652;-85.403404
0.157669;-86.707306
0.157687;-93.313133
0.157704;-102.513077
0.157722;-110.824799
0.157739;-115.023575
0.157757;-113.098221
0.157775;-104.847374
0.157792;-91.939583
0.157810;-77.419075
0.157827;-64.803833
0.157845;-57.043106
0.157862;-55.643356
0.157880;-60.221844
0.157897;-68.619888
0.157915;-77.542664
0.157932;-83.535713
0.157950;-84.008904
0.157968;-78.004341
0.157985;-66.480560
0.158003;-52.028839
0.158020;-38.105484
0.158038;-28.007706
0.158055;-23.896511
0.158073;-26.156263
0.158090;-33.280689
0.158108;-42.319256
0.158126;-49.751637
0.158143;-52.531158
0.158161;-48.987942
0.158178;-39.324146
0.158196;-25.554419
0.158213;-10.909115
0.158231;1.122815
0.158248;7.827698
0.158266;8.071361
0.158283;2.635299
0.158301;-6.014878
0.158319;-14.460170
0.158336;-19.341551
0.158354;-18.355671
0.158371;-10.937788
0.158389;1.570501
0.158406;16.318533
0.158424;29.791140
0.158441;38.850239
0.158459;41.664803
0.158477;38.253513
0.158494;30.479311
0.158512;21.497284
0.158529;14.819572
0.158547;13.274323
0.158564;18.167271
0.158582;28.894411
0.158599;43.120682
0.158617;57.471657
0.158634;68.533417
0.158652;73.864197
0.158670;72.718079
0.158687;66.266045
0.158705;57.249020
0.158722;49.165573
0.158740;45.234882
0.158757;47.442551
0.158775;55.951729
0.158792;69.054527
0.158810;83.677742
0.158828;96.293472
0.158845;103.964516
0.158863;105.214790
0.158880;100.466843
0.158898;91.916725
0.158915;82.883141
0.158933;76.823830
0.158950;76.310699
0.158968;82.267288
0.158985;93.694702
0.159003;107.967384
0.159021;121.610924
0.159038;131.331558
0.159056;134.992355
0.159073;132.246399
0.159091;124.639839
0.159108;115.153587
0.159126;107.319962
0.159143;104.175697
0.159161;107.361679
0.159179;116.636398
0.159196;129.947189
0.159214;144.038223
0.159231;155.415344
0.159249;161.381348
0.159266;160.835480
0.159284;154.599701
0.159301;145.175110
0.159319;136.000824
0.159336;130.434616
0.159354;130.757706
0.159372;137.498306
0.159389;149.274841
0.159407;163.205124
0.159424;175.760193
0.159442;183.810165
0.159459;185.551804
0.159477;181.042862
0.159494;172.185272
0.159512;162.161407
0.159530;154.490967
0.159547;151.987793
0.159565;155.925674
0.159582;165.660629
0.159600;178.821365
0.159617;192.011887
0.159635;201.817764
0.159652;205.818024
0.159670;203.302658
0.159687;195.483200
0.159705;185.133804
0.159723;175.769058
0.159740;170.602432
0.159758;171.593582
0.159775;178.867569
0.159793;190.677399
0.159810;203.921448
0.159828;215.062637
0.159845;221.176529
0.159863;220.818176
0.159881;214.450333
0.159898;204.306595
0.159916;193.729385
0.159933;186.179565
0.159951;184.210510
0.159968;188.711319
0.159986;198.642899
0.160003;211.345764
0.160021;223.328125
0.160038;231.300476
0.160056;233.150528
0.160074;228.569458
0.160091;219.143448
0.160109;207.883911
0.160126;198.334839
0.160144;193.522705
0.160161;195.059250
0.160179;202.663605
0.160196;214.245407
0.160214;226.523941
0.160232;236.000458
0.160249;239.995087
0.160267;237.440964
0.160284;229.200897
0.160302;217.811554
0.160319;206.731964
0.160337;199.318405
0.160354;197.829575
0.160372;202.757111
0.160389;212.679626
0.160407;224.683792
0.160425;235.227554
0.160442;241.189957
0.160460;240.796097
0.160477;234.143341
0.160495;223.172668
0.160512;211.093582
0.160530;201.433121
0.160547;196.990463
0.160565;199.007233
0.160583;206.799438
0.160600;217.959900
0.160618;229.071594
0.160635;236.720230
0.160653;238.506256
0.160670;233.756134
0.160688;223.722183
0.160705;211.211624
0.160723;199.754852
0.160740;192.559158
0.160758;191.558090
0.160776;196.838425
0.160793;206.614182
0.160811;217.755753
0.160828;226.717499
0.160846;230.588409
0.160863;227.955139
0.160881;219.320999
0.160898;206.957092
0.160916;194.229431
0.160934;184.601532
0.160951;180.607834
0.160969;183.102676
0.160986;191.006866
0.161004;201.627335
0.161021;211.455292
0.161039;217.206055
0.161056;216.792694
0.161074;209.944748
0.161091;198.288589
0.161109;184.865814
0.161127;173.231812
0.161144;166.402298
0.161162;165.959488
0.161179;171.583099
0.161197;181.145050
0.161214;191.340225
0.161232;198.665878
0.161249;200.459854
0.161267;195.689789
0.161285;185.259384
0.161302;171.740784
0.161320;158.612549
0.161337;149.228958
0.161355;145.825806
0.161372;148.857788
0.161390;156.863724
0.161407;166.899368
0.161425;175.410065
0.161442;179.284302
0.161460;176.775940
0.161478;168.022171
0.161495;155.003006
0.161513;140.954819
0.161530;129.411362
0.161548;123.156662
0.161565;123.399788
0.161583;129.416550
0.161600;138.763992
0.161618;148.004425
0.161636;153.724167
0.161653;153.545532
0.161671;146.831772
0.161688;134.875900
0.161706;120.518074
0.161723;107.303955
0.161741;98.434074
0.161758;95.815369
0.161776;99.495979
0.161793;107.650902
0.161811;117.122833
0.161829;124.357872
0.161846;126.458961
0.161864;122.044662
0.161881;111.658913
0.161899;97.610161
0.161916;83.287529
0.161934;72.156525
0.161951;66.732178
0.161969;67.833595
0.161987;74.341209
0.162004;83.528465
0.162022;91.869919
0.162039;96.086151
0.162057;94.115891
0.162074;85.727180
0.162092;72.586510
0.162109;57.765205
0.162127;44.829479
0.162144;36.783661
0.162162;35.179874
0.162180;39.657982
0.162197;48.052296
0.162215;57.033367
0.162232;63.094784
0.162250;63.592567
0.162267;57.528996
0.162285;45.848629
0.162302;31.158762
0.162320;16.956964
0.162338;6.594741
0.162355;2.284342
0.162373;4.443129
0.162390;11.569822
0.162408;20.689411
0.162425;28.234867
0.162443;31.104414
0.162460;27.581057
0.162478;17.841745
0.162495;3.905291
0.162513;-10.965611
0.162531;-23.231102
0.162548;-30.123106
0.162566;-30.465664
0.162583;-25.023502
0.162601;-16.275412
0.162618;-7.679639
0.162636;-2.648885
0.162653;-3.538682
0.162671;-10.949018
0.162689;-23.546156
0.162706;-38.457569
0.162724;-52.122982
0.162741;-61.349346
0.162759;-64.257065
0.162776;-60.837086
0.162794;-52.953602
0.162811;-43.791618
0.162829;-36.912983
0.162846;-35.200592
0.162864;-40.003765
0.162882;-50.738010
0.162899;-65.057899
0.162917;-79.551880
0.162934;-90.753090
0.162952;-96.166786
0.162969;-95.009598
0.162987;-88.441833
0.163004;-79.223587
0.163022;-70.896767
0.163040;-66.735291
0.163057;-68.774567
0.163075;-77.208023
0.163092;-90.329338
0.163110;-105.037941
0.163127;-117.757568
0.163145;-125.496086
0.163162;-126.732109
0.163180;-121.866096
0.163197;-113.101562
0.163215;-103.792168
0.163233;-97.447731
0.163250;-96.693871
0.163268;-102.493584
0.163285;-113.861557
0.163303;-128.155853
0.163320;-141.860535
0.163338;-151.627686
0.163355;-155.269333
0.163373;-152.406036
0.163391;-144.579468
0.163408;-134.795441
0.163426;-126.633171
0.163443;-123.184395
0.163461;-126.136894
0.163478;-135.273972
0.163496;-148.538361
0.163513;-162.641647
0.163531;-174.038681
0.163548;-179.978058
0.163566;-179.317642
0.163584;-172.863083
0.163601;-163.129150
0.163619;-153.594513
0.163636;-147.670700
0.163654;-147.690842
0.163671;-154.218079
0.163689;-165.878296
0.163706;-179.767029
0.163724;-192.310120
0.163742;-200.322784
0.163759;-201.953506
0.163777;-197.232849
0.163794;-188.064423
0.163812;-177.660934
0.163829;-169.591904
0.163847;-166.725845
0.163864;-170.379852
0.163882;-179.928970
0.163899;-192.991211
0.163917;-206.133148
0.163935;-215.887451
0.163952;-219.780319
0.163970;-217.064850
0.163987;-208.942307
0.164005;-198.206451
0.164022;-188.415497
0.164040;-182.837555
0.164057;-183.481979
0.164075;-190.503647
0.164093;-202.156708
0.164110;-215.311844
0.164128;-226.383545
0.164145;-232.392502
0.164163;-231.848907
0.164180;-225.193848
0.164198;-214.668823
0.164215;-203.651672
0.164233;-195.655304
0.164250;-193.286728
0.164268;-197.474091
0.164286;-207.191483
0.164303;-219.762665
0.164321;-231.654144
0.164338;-239.522141
0.164356;-241.203766
0.164373;-236.358078
0.164391;-226.567276
0.164408;-214.867950
0.164426;-204.851303
0.164444;-199.598770
0.164461;-200.768631
0.164479;-208.104446
0.164496;-219.510773
0.164514;-231.674088
0.164531;-241.044556
0.164549;-244.888184
0.164566;-242.097275
0.164584;-233.518738
0.164601;-221.703369
0.164619;-210.149994
0.164637;-202.268646
0.164654;-200.369843
0.164672;-204.979706
0.164689;-214.683807
0.164707;-226.546249
0.164724;-236.979584
0.164742;-242.808014
0.164759;-242.208740
0.164777;-235.252274
0.164795;-223.881821
0.164812;-211.337601
0.164830;-201.196533
0.164847;-196.312378
0.164865;-197.969681
0.164882;-205.503159
0.164900;-216.494370
0.164917;-227.488678
0.164935;-235.018906
0.164952;-236.632812
0.164970;-231.620361
0.164988;-221.224106
0.165005;-208.271332
0.165023;-196.336182
0.165040;-188.680664
0.165058;-187.287704
0.165075;-192.273438
0.165093;-201.852676
0.165110;-212.867691
0.165128;-221.724304
0.165146;-225.456787
0.165163;-222.607224
0.165181;-213.657700
0.165198;-200.887772
0.165216;-187.699036
0.165233;-177.607162
0.165251;-173.200104
0.165268;-175.370850
0.165286;-183.052872
0.165303;-193.535965
0.165321;-203.269424
0.165339;-208.914368
0.165356;-208.333420
0.165374;-201.224457
0.165391;-189.210281
0.165409;-175.358109
0.165426;-163.270645
0.165444;-156.018509
0.165461;-155.230148
0.165479;-160.609192
0.165497;-170.022156
0.165514;-180.130661
0.165532;-187.380814
0.165549;-189.056625
0.165567;-184.085068
0.165584;-173.354523
0.165602;-159.451599
0.165619;-145.894958
0.165637;-136.092621
0.165654;-132.331940
0.165672;-135.101685
0.165690;-142.947189
0.165707;-152.901291
0.165725;-161.363632
0.165742;-165.167984
0.165760;-162.520599
0.165777;-153.532227
0.165795;-140.185532
0.165812;-125.747856
0.165830;-113.803085
0.165848;-107.189560
0.165865;-107.158951
0.165883;-113.005287
0.165900;-122.273964
0.165918;-131.489334
0.165935;-137.184738
0.165953;-136.930115
0.165970;-130.052460
0.165988;-117.835587
0.166005;-103.139992
0.166023;-89.555351
0.166041;-80.336823
0.166058;-77.440392
0.166076;-80.943169
0.166093;-89.020432
0.166111;-98.486443
0.166128;-105.738525
0.166146;-107.825027
0.166163;-103.320267
0.166181;-92.747391
0.166199;-78.423691
0.166216;-63.774117
0.166234;-52.316452
0.166251;-46.618912
0.166269;-47.538956
0.166286;-53.969181
0.166304;-63.165436
0.166321;-71.560112
0.166339;-75.819565
0.166356;-73.832321
0.166374;-65.335136
0.166392;-51.991379
0.166409;-36.898361
0.166427;-23.669704
0.166444;-15.364503
0.166462;-13.580800
0.166479;-17.981932
0.166497;-26.396265
0.166514;-35.460789
0.166532;-41.617847
0.166550;-42.169724
0.166567;-36.078362
0.166585;-24.273439
0.166602;-9.377121
0.166620;5.072735
0.166637;15.670874
0.166655;20.153755
0.166672;18.070381
0.166690;10.916007
0.166707;1.689023
0.166725;-5.997699
0.166743;-8.987670
0.166760;-5.516509
0.166778;4.264837
0.166795;18.334473
0.166813;33.398449
0.166830;45.866745
0.166848;52.917061
0.166865;53.331261
0.166883;47.856369
0.166901;38.983265
0.166918;30.208435
0.166936;24.997673
0.166953;25.758707
0.166971;33.127361
0.166988;45.778763
0.167006;60.819645
0.167023;74.645554
0.167041;84.008873
0.167058;86.981285
0.167076;83.525223
0.167094;75.505119
0.167111;66.134789
0.167129;59.024994
0.167146;57.113178
0.167164;61.792603
0.167181;72.499161
0.167199;86.878181
0.167216;101.482002
0.167234;112.791504
0.167252;118.258942
0.167269;117.063057
0.167287;110.352448
0.167304;100.905289
0.167322;92.305908
0.167339;87.882477
0.167357;89.720360
0.167374;98.043892
0.167392;111.149490
0.167409;125.910240
0.167427;138.702408
0.167445;146.479126
0.167462;147.673553
0.167480;142.663055
0.167497;133.657623
0.167515;124.044830
0.167532;117.385864
0.167550;116.359978
0.167567;121.970108
0.167585;133.245468
0.167603;147.528809
0.167620;161.263794
0.167638;171.048660
0.167655;174.644516
0.167673;171.638718
0.167690;163.567352
0.167708;153.460052
0.167725;144.942123
0.167743;141.159973
0.167760;143.848526
0.167778;152.816650
0.167796;166.003616
0.167813;180.089447
0.167831;191.478745
0.167848;197.366089
0.167866;196.567535
0.167883;189.871536
0.167901;179.805435
0.167918;169.886383
0.167936;163.579117
0.167954;163.268784
0.167971;169.554001
0.167989;181.069061
0.168006;194.888443
0.168024;207.393616
0.168041;215.345322
0.168059;216.843674
0.168076;211.891098
0.168094;202.391983
0.168111;191.588165
0.168129;183.098373
0.168147;179.845474
0.168164;183.190231
0.168182;192.527679
0.168199;205.466156
0.168217;218.535889
0.168234;228.217239
0.168252;231.983688
0.168269;229.050720
0.168287;220.608551
0.168305;209.469360
0.168322;199.234039
0.168340;193.225006
0.168357;193.501312
0.168375;200.248367
0.168392;211.722626
0.168410;224.768082
0.168427;235.751587
0.168445;241.639389
0.168462;240.896332
0.168480;233.941055
0.168498;223.021988
0.168515;211.551132
0.168533;203.092972
0.168550;200.307907
0.168568;204.163757
0.168585;213.648651
0.168603;226.070770
0.168620;237.855789
0.168638;245.606339
0.168656;247.108704
0.168673;241.989212
0.168691;231.824966
0.168708;219.676834
0.168726;209.182220
0.168743;203.477203
0.168761;204.266922
0.168778;211.320145
0.168796;222.537491
0.168813;234.573547
0.168831;243.828171
0.168849;247.513596
0.168866;244.480560
0.168884;235.559280
0.168901;223.313568
0.168919;211.281082
0.168936;202.925049
0.168954;200.607803
0.168971;204.890564
0.168989;214.366928
0.169007;226.079529
0.169024;236.396317
0.169042;242.087143
0.169059;241.281021
0.169077;234.020935
0.169094;222.251190
0.169112;209.241592
0.169129;198.618332
0.169147;193.289444
0.169164;194.582855
0.169182;201.852722
0.169200;212.670700
0.169217;223.545319
0.169235;230.957138
0.169252;232.401428
0.169270;227.130936
0.169287;216.377533
0.169305;202.987411
0.169322;190.577652
0.169340;182.464417
0.169358;180.680222
0.169375;185.371292
0.169393;194.754181
0.169410;205.644287
0.169428;214.399536
0.169445;217.999832
0.169463;214.942322
0.169480;205.687057
0.169498;192.520905
0.169515;178.880020
0.169533;168.331635
0.169551;163.516983
0.169568;165.368362
0.169586;172.832840
0.169603;183.184143
0.169621;192.830582
0.169638;198.379547
0.169656;197.643188
0.169673;190.286972
0.169691;177.929199
0.169709;163.661545
0.169726;151.133209
0.169744;143.469376
0.169761;142.344971
0.169779;147.488434
0.169796;156.761871
0.169814;166.794739
0.169831;173.982697
0.169849;175.555984
0.169866;170.400574
0.169884;159.388474
0.169902;145.119736
0.169919;131.152115
0.169937;120.946823
0.169954;116.842842
0.169972;119.363632
0.169989;127.062035
0.170007;136.948975
0.170024;145.379410
0.170042;149.132675
0.170060;146.367218
0.170077;137.166550
0.170095;123.514946
0.170112;108.709663
0.170130;96.383911
0.170147;89.430244
0.170165;89.143295
0.170182;94.836113
0.170200;104.043625
0.170217;113.253212
0.170235;118.945801
0.170253;118.638954
0.170270;111.622910
0.170288;99.171204
0.170305;84.163612
0.170323;70.232918
0.170340;60.688477
0.170358;57.535500
0.170375;60.880756
0.170393;68.900856
0.170411;78.382675
0.170428;85.675606
0.170446;87.773598
0.170463;83.206383
0.170481;72.475464
0.170498;57.905865
0.170516;42.957382
0.170533;31.199419
0.170551;25.253277
0.170568;26.015305
0.170586;32.391197
0.170604;41.620300
0.170621;50.093773
0.170639;54.424225
0.170656;52.449863
0.170674;43.875492
0.170691;30.360294
0.170709;15.026501
0.170726;1.534301
0.170744;-7.002740
0.170762;-8.940383
0.170779;-4.591021
0.170797;3.868864
0.170814;13.043716
0.170832;19.325317
0.170849;19.962311
0.170867;13.875895
0.170884;1.979880
0.170902;-13.089783
0.170919;-27.755907
0.170937;-38.560032
0.170955;-43.187267
0.170972;-41.152367
0.170990;-33.943558
0.171007;-24.581520
0.171025;-16.724119
0.171042;-13.582206
0.171060;-16.967787
0.171077;-26.756687
0.171095;-40.925003
0.171113;-56.148598
0.171130;-68.788002
0.171148;-75.966904
0.171165;-76.424553
0.171183;-70.889427
0.171200;-61.863373
0.171218;-52.880157
0.171235;-47.458076
0.171253;-48.057068
0.171270;-55.349373
0.171288;-68.019966
0.171306;-83.155975
0.171323;-97.109604
0.171341;-106.579140
0.171358;-109.587334
0.171376;-106.067436
0.171393;-97.882988
0.171411;-88.275612
0.171428;-80.904236
0.171446;-78.760574
0.171464;-83.282227
0.171481;-93.926308
0.171499;-108.330009
0.171516;-123.010582
0.171534;-134.397247
0.171551;-139.889359
0.171569;-138.627213
0.171586;-131.746796
0.171604;-122.043221
0.171621;-113.142357
0.171639;-108.426102
0.171657;-110.029999
0.171674;-118.209946
0.171692;-131.266113
0.171709;-146.046356
0.171727;-158.880188
0.171744;-166.666458
0.171762;-167.792404
0.171779;-162.611679
0.171797;-153.339554
0.171815;-143.396500
0.171832;-136.394440
0.171850;-135.066086
0.171867;-140.454865
0.171885;-151.605438
0.171902;-165.846375
0.171920;-179.581772
0.171937;-189.356720
0.171955;-192.881165
0.171972;-189.708679
0.171990;-181.368881
0.172008;-170.914047
0.172025;-162.014725
0.172043;-157.871674
0.172060;-160.267166
0.172078;-169.036499
0.172095;-182.116486
0.172113;-196.156677
0.172130;-207.512115
0.172148;-213.323563
0.172166;-212.364822
0.172183;-205.406296
0.172201;-194.986725
0.172218;-184.660904
0.172236;-177.946106
0.172253;-177.279587
0.172271;-183.295990
0.172288;-194.639023
0.172306;-208.363190
0.172323;-220.806488
0.172341;-228.675583
0.172359;-230.021912
0.172376;-224.819244
0.172394;-214.971558
0.172411;-203.748871
0.172429;-194.818222
0.172446;-191.156738
0.172464;-194.169174
0.172481;-203.271393
0.172499;-216.063187
0.172517;-229.039459
0.172534;-238.628799
0.172552;-242.252045
0.172569;-239.086670
0.172587;-230.310669
0.172604;-218.753662
0.172622;-208.058319
0.172639;-201.600861
0.172657;-201.490265
0.172674;-207.943085
0.172692;-219.219147
0.172710;-232.136871
0.172727;-243.016220
0.172745;-248.769196
0.172762;-247.815170
0.172780;-240.549393
0.172797;-229.226135
0.172815;-217.290634
0.172832;-208.358185
0.172850;-205.142563
0.172868;-208.651749
0.172885;-217.888855
0.172903;-230.147446
0.172920;-241.813507
0.172938;-249.436371
0.172955;-250.751541
0.172973;-245.351944
0.172990;-234.808655
0.173008;-222.205566
0.173025;-211.225647
0.173043;-205.059189
0.173061;-205.458450
0.173078;-212.218185
0.173096;-223.236191
0.173113;-235.136169
0.173131;-244.268433
0.173148;-247.791412
0.173166;-244.514008
0.173183;-235.248886
0.173201;-222.571671
0.173219;-210.057907
0.173236;-201.223526
0.173254;-198.482697
0.173271;-202.432312
0.173289;-211.674927
0.173306;-223.232803
0.173324;-233.430298
0.173341;-238.983093
0.173359;-237.971985
0.173376;-230.411530
0.173394;-218.246231
0.173412;-204.774353
0.173429;-193.670609
0.173447;-187.897125
0.173464;-188.825577
0.173482;-195.830490
0.173499;-206.474487
0.173517;-217.230591
0.173534;-224.527390
0.173552;-225.807785
0.173570;-220.286850
0.173587;-209.184738
0.173605;-195.365433
0.173622;-182.488083
0.173640;-173.922668
0.173657;-171.751282
0.173675;-176.150970
0.173692;-185.341187
0.173710;-196.111389
0.173727;-204.772415
0.173745;-208.250031
0.173763;-204.996216
0.173780;-195.448059
0.173798;-181.898697
0.173815;-167.817856
0.173833;-156.823685
0.173850;-151.610611
0.173868;-153.150726
0.173885;-160.405594
0.173903;-170.633972
0.173921;-180.204102
0.173938;-185.670212
0.173956;-184.793777
0.173973;-177.207275
0.173991;-164.523361
0.174008;-149.857285
0.174026;-136.903824
0.174043;-128.842331
0.174061;-127.394684
0.174078;-132.314728
0.174096;-141.461319
0.174114;-151.432693
0.174131;-158.574814
0.174149;-160.064301
0.174166;-154.745575
0.174184;-143.473450
0.174201;-128.860321
0.174219;-114.502106
0.174236;-103.912659
0.174254;-99.482590
0.174272;-101.770653
0.174289;-109.338196
0.174307;-119.175369
0.174324;-127.593201
0.174342;-131.317001
0.174359;-128.457092
0.174377;-119.069153
0.174394;-105.137978
0.174412;-89.989639
0.174429;-77.305977
0.174447;-70.033508
0.174465;-69.510269
0.174482;-75.069214
0.174500;-84.235809
0.174517;-93.461487
0.174535;-99.175293
0.174552;-98.842468
0.174570;-91.715904
0.174587;-79.057922
0.174605;-63.766464
0.174623;-49.516563
0.174640;-39.671322
0.174658;-36.285336
0.174675;-39.495724
0.174693;-47.481487
0.174710;-57.003151
0.174728;-64.362885
0.174745;-66.500565
0.174763;-61.900951
0.174780;-51.043087
0.174798;-36.258652
0.174816;-21.041262
0.174833;-9.011321
0.174851;-2.843156
0.174868;-3.472471
0.174886;-9.819020
0.174903;-19.106714
0.174921;-27.686375
0.174938;-32.117344
0.174956;-30.187414
0.174974;-21.568726
0.174991;-7.915315
0.175009;7.626768
0.175026;21.351564
0.175044;30.091362
0.175061;32.155430
0.175079;27.831104
0.175096;19.298679
0.175114;9.985228
0.175131;3.548874
0.175149;2.794471
0.175167;8.842055
0.175184;20.794569
0.175202;36.003368
0.175219;50.852894
0.175237;61.831982
0.175254;66.574379
0.175272;64.559952
0.175289;57.268944
0.175307;47.743244
0.175325;39.684875
0.175342;36.358711
0.175360;39.624615
0.175377;49.385933
0.175395;63.617821
0.175412;78.966965
0.175430;91.745193
0.175447;99.022377
0.175465;99.494720
0.175482;93.871307
