0.000000;0.000000
0.000018;0.170916
0.000035;0.404635
0.000053;0.589734
0.000070;0.653804
0.000088;0.577816
0.000105;0.402441
0.000123;0.215496
0.000140;0.122761
0.000158;0.211199
0.000176;0.516709
0.000193;1.007519
0.000211;1.589557
0.000228;2.133070
0.000246;2.512727
0.000263;2.648677
0.000281;2.535176
0.000298;2.246890
0.000316;1.919736
0.000333;1.711202
0.000351;1.751838
0.000369;2.102916
0.000386;2.733888
0.000404;3.527589
0.000421;4.312667
0.000439;4.914224
0.000456;5.207570
0.000474;5.158551
0.000491;4.837437
0.000509;4.401171
0.000527;4.048368
0.000544;3.960008
0.000562;4.243573
0.000579;4.897888
0.000597;5.810044
0.000614;6.786303
0.000632;7.608532
0.000649;8.099664
0.000667;8.178485
0.000684;7.886811
0.000702;7.380037
0.000720;6.883033
0.000737;6.623874
0.000755;6.764998
0.000772;7.352556
0.000790;8.299738
0.000807;9.409876
0.000825;10.433233
0.000842;11.141036
0.000860;11.394795
0.000878;11.189839
0.000895;10.659443
0.000913;10.037494
0.000930;9.590135
0.000948;9.536379
0.000965;9.981380
0.000983;10.882705
0.001000;12.060332
0.001018;13.248190
0.001035;14.172421
0.001053;14.633391
0.001071;14.566781
0.001088;14.065117
0.001106;13.352609
0.001123;12.720054
0.001141;12.438765
0.001158;12.678958
0.001176;13.457170
0.001193;14.628955
0.001211;15.929648
0.001229;17.051798
0.001246;17.736506
0.001264;17.851572
0.001281;17.432804
0.001299;16.675648
0.001316;15.878891
0.001334;15.356726
0.001351;15.344979
0.001369;15.929562
0.001386;17.018789
0.001404;18.368479
0.001422;19.652937
0.001439;20.561195
0.001457;20.890106
0.001474;20.606283
0.001492;19.858130
0.001509;18.933676
0.001527;18.176193
0.001544;17.882341
0.001562;18.213024
0.001580;19.143799
0.001597;20.470041
0.001615;21.865971
0.001632;22.980518
0.001650;23.541777
0.001667;23.438967
0.001685;22.757185
0.001702;21.754086
0.001720;20.784800
0.001737;20.197004
0.001755;20.227135
0.001773;20.928724
0.001790;22.154562
0.001808;23.598591
0.001825;24.885550
0.001843;25.682175
0.001860;25.796926
0.001878;25.238434
0.001895;24.214800
0.001913;23.073435
0.001931;22.198788
0.001948;21.898113
0.001966;22.309158
0.001983;23.357584
0.002001;24.777180
0.002018;26.187462
0.002036;27.206007
0.002053;27.562344
0.002071;27.179502
0.002088;26.198572
0.002106;24.938528
0.002124;23.802706
0.002141;23.159365
0.002159;23.231710
0.002176;24.030197
0.002194;25.347664
0.002211;26.819256
0.002229;28.029774
0.002246;28.636902
0.002264;28.473694
0.002282;27.599644
0.002299;26.284729
0.002317;24.930653
0.002334;23.952257
0.002352;23.654110
0.002369;24.139015
0.002387;25.275871
0.002404;26.736946
0.002422;28.093971
0.002439;28.944847
0.002457;29.033516
0.002475;28.327211
0.002492;27.027796
0.002510;25.513374
0.002527;24.226997
0.002545;23.545286
0.002562;23.665890
0.002580;24.547419
0.002597;25.920120
0.002615;27.364573
0.002633;28.435440
0.002650;28.793814
0.002668;28.308723
0.002685;27.097502
0.002703;25.492506
0.002720;23.943670
0.002738;22.885414
0.002755;22.607319
0.002773;23.167059
0.002790;24.371758
0.002808;25.833757
0.002826;27.084707
0.002843;27.714336
0.002861;27.492859
0.002878;26.440434
0.002896;24.822695
0.002913;23.073286
0.002931;21.665899
0.002948;20.973669
0.002966;21.157591
0.002984;22.117397
0.003001;23.519821
0.003019;24.896309
0.003036;25.781574
0.003054;25.851961
0.003071;25.022516
0.003089;23.473621
0.003106;21.598904
0.003124;19.889414
0.003141;18.788204
0.003159;18.558331
0.003177;19.203648
0.003194;20.466221
0.003212;21.901579
0.003229;23.009800
0.003247;23.383858
0.003264;22.831139
0.003282;21.431843
0.003299;19.516668
0.003317;17.569839
0.003335;16.086010
0.003352;15.423291
0.003370;15.696103
0.003387;16.739889
0.003405;18.158594
0.003422;19.441172
0.003440;20.112909
0.003457;19.876722
0.003475;18.702372
0.003492;16.836828
0.003510;14.732288
0.003528;12.912847
0.003545;11.819099
0.003563;11.676812
0.003580;12.428773
0.003598;13.750410
0.003615;15.144952
0.003633;16.090221
0.003650;16.193710
0.003668;15.309853
0.003686;13.584509
0.003703;11.413029
0.003721;9.323991
0.003738;7.822786
0.003756;7.241362
0.003773;7.638787
0.003791;8.782436
0.003808;10.215780
0.003826;11.392998
0.003843;11.840772
0.003861;11.299267
0.003879;9.800336
0.003896;7.659409
0.003914;5.383084
0.003931;3.519505
0.003949;2.495717
0.003966;2.490273
0.003984;3.379107
0.004001;4.771062
0.004019;6.122951
0.004037;6.900273
0.004054;6.736071
0.004072;5.540699
0.004089;3.529681
0.004107;1.161036
0.004124;-0.999719
0.004142;-2.447072
0.004159;-2.885916
0.004177;-2.320077
0.004194;-1.052424
0.004212;0.403871
0.004230;1.476905
0.004247;1.705710
0.004265;0.877662
0.004282;-0.907300
0.004300;-3.265044
0.004317;-5.640149
0.004335;-7.470144
0.004352;-8.352530
0.004370;-8.164947
0.004388;-7.102621
0.004405;-5.621637
0.004423;-4.304487
0.004440;-3.687550
0.004458;-4.101563
0.004475;-5.572553
0.004493;-7.812869
0.004510;-10.305355
0.004528;-12.456015
0.004545;-13.770096
0.004563;-13.999380
0.004581;-13.216833
0.004598;-11.796146
0.004616;-10.301871
0.004633;-9.322477
0.004651;-9.295640
0.004668;-10.377662
0.004686;-12.395963
0.004703;-14.899057
0.004721;-17.289558
0.004739;-19.000999
0.004756;-19.666147
0.004774;-19.226763
0.004791;-17.952009
0.004809;-16.359699
0.004826;-15.063421
0.004844;-14.590647
0.004861;-15.225753
0.004879;-16.924673
0.004896;-19.326754
0.004914;-21.860685
0.004932;-23.913347
0.004949;-25.011709
0.004967;-24.963739
0.004984;-23.916403
0.005002;-22.313206
0.005019;-20.763506
0.005037;-19.862150
0.005054;-20.012764
0.005072;-21.307194
0.005090;-23.497150
0.005107;-26.066692
0.005125;-28.384489
0.005142;-29.890820
0.005160;-30.264006
0.005177;-29.516687
0.005195;-27.993193
0.005212;-26.268402
0.005230;-24.977818
0.005247;-24.629059
0.005265;-25.450693
0.005283;-27.323408
0.005300;-29.814240
0.005318;-32.304062
0.005335;-34.170746
0.005353;-34.973820
0.005370;-34.585827
0.005388;-33.231167
0.005405;-31.420593
0.005423;-29.800499
0.005441;-28.961426
0.005458;-29.262529
0.005476;-30.724205
0.005493;-33.020885
0.005511;-35.576572
0.005528;-37.735016
0.005546;-38.954231
0.005563;-38.967773
0.005581;-37.864643
0.005598;-36.064007
0.005616;-34.191757
0.005634;-32.895340
0.005651;-32.651604
0.005669;-33.624680
0.005686;-35.616264
0.005704;-38.123333
0.005721;-40.486538
0.005739;-42.085369
0.005756;-42.522514
0.005774;-41.742424
0.005792;-40.048855
0.005809;-38.015747
0.005827;-36.317680
0.005844;-35.529903
0.005862;-35.957256
0.005879;-37.542854
0.005897;-39.883858
0.005914;-42.350018
0.005932;-44.270031
0.005949;-45.130707
0.005967;-44.729706
0.005985;-43.236534
0.006002;-41.143307
0.006020;-39.119591
0.006037;-37.814190
0.006055;-37.662453
0.006072;-38.756454
0.006090;-40.816616
0.006107;-43.273636
0.006125;-45.436584
0.006143;-46.697659
0.006160;-46.712761
0.006178;-45.504448
0.006195;-43.456200
0.006213;-41.199673
0.006230;-39.427864
0.006248;-38.689621
0.006265;-39.226299
0.006283;-40.899269
0.006300;-43.229958
0.006318;-45.540966
0.006336;-47.156536
0.006353;-47.603111
0.006371;-46.750473
0.006388;-44.851284
0.006406;-42.467201
0.006423;-40.302982
0.006441;-38.997734
0.006458;-38.935013
0.006476;-40.128311
0.006494;-42.216030
0.006511;-44.567768
0.006529;-46.470703
0.006546;-47.340912
0.006564;-46.897018
0.006581;-45.244503
0.006599;-42.845459
0.006616;-40.382381
0.006634;-38.556202
0.006651;-37.878323
0.006669;-38.518333
0.006687;-40.252785
0.006704;-42.530449
0.006722;-44.635082
0.006739;-45.897518
0.006757;-45.894421
0.006774;-44.574547
0.006792;-42.274910
0.006809;-39.621822
0.006827;-37.345718
0.006845;-36.064713
0.006862;-36.100842
0.006880;-37.383751
0.006897;-39.470592
0.006915;-41.676460
0.006932;-43.277077
0.006950;-43.723598
0.006967;-42.805992
0.006985;-40.716179
0.007002;-37.992146
0.007020;-35.359142
0.007038;-33.514961
0.007055;-32.922794
0.007073;-33.673210
0.007090;-35.456337
0.007108;-37.652874
0.007125;-39.517063
0.007143;-40.397755
0.007160;-39.931812
0.007178;-38.152657
0.007196;-35.481297
0.007213;-32.602390
0.007231;-30.261698
0.007248;-29.044985
0.007266;-29.203793
0.007283;-30.580021
0.007301;-32.651867
0.007318;-34.687786
0.007336;-35.963104
0.007353;-35.975071
0.007371;-34.592625
0.007389;-32.096146
0.007406;-29.095304
0.007424;-26.348925
0.007441;-24.540197
0.007459;-24.073797
0.007476;-24.955158
0.007494;-26.787954
0.007511;-28.890751
0.007529;-30.498606
0.007547;-30.989813
0.007564;-30.070799
0.007582;-27.863979
0.007599;-24.872452
0.007617;-21.831591
0.007634;-19.491447
0.007652;-18.394209
0.007669;-18.712887
0.007687;-20.199160
0.007704;-22.256098
0.007722;-24.114529
0.007740;-25.060890
0.007757;-24.649111
0.007775;-22.833605
0.007792;-19.983730
0.007810;-16.775164
0.007827;-13.990132
0.007845;-12.285585
0.007862;-11.998017
0.007880;-13.042933
0.007897;-14.939008
0.007915;-16.950043
0.007933;-18.302868
0.007950;-18.416693
0.007968;-17.075895
0.007985;-14.494828
0.008003;-11.255202
0.008020;-8.134332
0.008038;-5.874960
0.008055;-4.964838
0.008073;-5.491481
0.008091;-7.115367
0.008108;-9.169765
0.008126;-10.857884
0.008143;-11.489030
0.008161;-10.683797
0.008178;-8.487342
0.008196;-5.356934
0.008213;-2.027205
0.008231;0.707186
0.008249;2.227161
0.008266;2.273244
0.008284;1.023277
0.008301;-0.959448
0.008319;-2.892531
0.008336;-4.006166
0.008354;-3.771598
0.008371;-2.058543
0.008389;0.825282
0.008406;4.224504
0.008424;7.329770
0.008442;9.417510
0.008459;10.064764
0.008477;9.275251
0.008494;7.479120
0.008512;5.406180
0.008529;3.869960
0.008547;3.526484
0.008564;4.679282
0.008582;7.188574
0.008600;10.511790
0.008617;13.863691
0.008635;16.448784
0.008652;17.697287
0.008670;17.434582
0.008687;15.933802
0.008705;13.835649
0.008722;11.959043
0.008740;11.058473
0.008757;11.599999
0.008775;13.622368
0.008793;16.724619
0.008810;20.184132
0.008828;23.170309
0.008845;24.990761
0.008863;25.296942
0.008880;24.188210
0.008898;22.183193
0.008915;20.066738
0.008933;18.657537
0.008951;18.565302
0.008968;20.009415
0.008986;22.753052
0.009003;26.172514
0.009021;29.441450
0.009038;31.775600
0.009056;32.665470
0.009073;32.028015
0.009091;30.232042
0.009108;27.989656
0.009126;26.145622
0.009144;25.426979
0.009161;26.227104
0.009179;28.488329
0.009196;31.718134
0.009214;35.134422
0.009231;37.896923
0.009249;39.356327
0.009266;39.247253
0.009284;37.767635
0.009302;35.520905
0.009319;33.337662
0.009337;32.029694
0.009354;32.149086
0.009372;33.823933
0.009389;36.719467
0.009407;40.136528
0.009424;43.218208
0.009442;45.203751
0.009459;45.654381
0.009477;44.584023
0.009495;42.456001
0.009512;40.046375
0.009530;38.214291
0.009547;37.647224
0.009565;38.656712
0.009582;41.085194
0.009600;44.351891
0.009617;47.624252
0.009635;50.064468
0.009653;51.077953
0.009670;50.490120
0.009688;48.598965
0.009705;46.087456
0.009723;43.821602
0.009740;42.593903
0.009758;42.888062
0.009775;44.734951
0.009793;47.702572
0.009810;51.023396
0.009828;53.821365
0.009846;55.371605
0.009863;55.315643
0.009881;53.768410
0.009898;51.284958
0.009916;48.696583
0.009933;46.864674
0.009951;46.425266
0.009968;47.599899
0.009986;50.129204
0.010004;53.348927
0.010021;56.386253
0.010039;58.418350
0.010056;58.916470
0.010074;57.803345
0.010091;55.476837
0.010109;52.692738
0.010126;50.341213
0.010144;49.182926
0.010161;49.623203
0.010179;51.591125
0.010197;54.559772
0.010214;57.701691
0.010232;60.133808
0.010249;61.179291
0.010267;60.568634
0.010284;58.520287
0.010302;55.676704
0.010319;52.914455
0.010337;51.084629
0.010355;50.760311
0.010372;52.066109
0.010390;54.640419
0.010407;57.741871
0.010425;60.468555
0.010442;62.025299
0.010460;61.959694
0.010477;60.296844
0.010495;57.532757
0.010512;54.487968
0.010530;52.064682
0.010548;50.979336
0.010565;51.549728
0.010583;53.600124
0.010600;56.512524
0.010618;59.409267
0.010635;61.412899
0.010653;61.906467
0.010670;60.716927
0.010688;58.167221
0.010706;54.981293
0.010723;52.070026
0.010741;50.261337
0.010758;50.054516
0.010776;51.471573
0.010793;54.049908
0.010811;56.978790
0.010828;59.339203
0.010846;60.376343
0.010863;59.723690
0.010881;57.512428
0.010899;54.333317
0.010916;51.062202
0.010934;48.600716
0.010951;47.608898
0.010969;48.309006
0.010986;50.418941
0.011004;53.235100
0.011021;55.840401
0.011039;57.375988
0.011057;57.296047
0.011074;55.530231
0.011092;52.505314
0.011109;49.019352
0.011127;46.005627
0.011144;44.256031
0.011162;44.185974
0.011179;45.710625
0.011197;48.269260
0.011214;50.990864
0.011232;52.952000
0.011250;53.450657
0.011267;52.214809
0.011285;49.483780
0.011302;45.938114
0.011320;42.498413
0.011337;40.052650
0.011355;39.192818
0.011372;40.038837
0.011390;42.202347
0.011408;44.901077
0.011425;47.190319
0.011443;48.242863
0.011460;47.594585
0.011478;45.282669
0.011495;41.835365
0.011513;38.116104
0.011530;35.067936
0.011548;33.433956
0.011565;33.536663
0.011583;35.181644
0.011601;37.714520
0.011618;40.214325
0.011636;41.766327
0.011653;41.733318
0.011671;39.945110
0.011688;36.749691
0.011706;32.910870
0.011723;29.382349
0.011741;27.025219
0.011759;26.352417
0.011776;27.376131
0.011794;29.603455
0.011811;32.181858
0.011829;34.151546
0.011846;34.729980
0.011864;33.544292
0.011881;30.742493
0.011899;26.950380
0.011916;23.086700
0.011934;20.091087
0.011952;18.645470
0.011969;18.971458
0.011987;20.763990
0.012004;23.281050
0.012022;25.563166
0.012039;26.717663
0.012057;26.183582
0.012074;23.898550
0.012092;20.318060
0.012110;16.281157
0.012127;12.762198
0.012145;10.582093
0.012162;10.164656
0.012180;11.410373
0.012197;13.725199
0.012215;16.196066
0.012232;17.861267
0.012250;17.995647
0.012267;16.326054
0.012285;13.113041
0.012303;9.074397
0.012320;5.172950
0.012338;2.331410
0.012355;1.158686
0.012373;1.768892
0.012390;3.746844
0.012408;6.270479
0.012425;8.354131
0.012443;9.140667
0.012461;8.155923
0.012478;5.449911
0.012496;1.582767
0.012513;-2.540610
0.012531;-5.938404
0.012548;-7.842918
0.012566;-7.928516
0.012583;-6.408772
0.012601;-3.973839
0.012618;-1.586392
0.012636;-0.196456
0.012654;-0.459593
0.012671;-2.542019
0.012689;-6.070596
0.012706;-10.242690
0.012724;-14.063590
0.012741;-16.641193
0.012759;-17.450686
0.012776;-16.490641
0.012794;-14.284139
0.012812;-11.724294
0.012829;-9.809855
0.012847;-9.349105
0.012864;-10.719839
0.012882;-13.756691
0.012899;-17.799389
0.012917;-21.887861
0.012934;-25.046499
0.012952;-26.573454
0.012969;-26.249090
0.012987;-24.401747
0.013005;-21.811060
0.013022;-19.477320
0.013040;-18.325047
0.013057;-18.928694
0.013075;-21.341745
0.013092;-25.080120
0.013110;-29.264969
0.013127;-32.882740
0.013145;-35.085541
0.013163;-35.442783
0.013180;-34.069405
0.013198;-31.592430
0.013215;-28.965710
0.013233;-27.187405
0.013250;-27.003986
0.013268;-28.688482
0.013285;-31.958845
0.013303;-36.060822
0.013320;-39.990963
0.013338;-42.793846
0.013356;-43.845467
0.013373;-43.038654
0.013391;-40.815521
0.013408;-38.037022
0.013426;-35.728161
0.013443;-34.774136
0.013461;-35.657658
0.013478;-38.315197
0.013496;-42.155098
0.013514;-46.232285
0.013531;-49.528069
0.013549;-51.252110
0.013566;-51.077045
0.013584;-49.236172
0.013601;-46.454910
0.013619;-43.736301
0.013636;-42.063869
0.013654;-42.109863
0.013671;-44.035500
0.013689;-47.442406
0.013707;-51.490070
0.013724;-55.144455
0.013742;-57.484394
0.013759;-57.974876
0.013777;-56.626167
0.013794;-53.991440
0.013812;-51.003376
0.013829;-48.698040
0.013847;-47.907703
0.013865;-49.013779
0.013882;-51.833073
0.013900;-55.671371
0.013917;-59.528667
0.013935;-62.395267
0.013952;-63.551235
0.013970;-62.780144
0.013987;-60.433964
0.014005;-57.329315
0.014022;-54.505848
0.014040;-52.918232
0.014058;-53.152866
0.014075;-55.253529
0.014093;-58.707649
0.014110;-62.597660
0.014128;-65.872520
0.014145;-67.659241
0.014163;-67.521957
0.014180;-65.591759
0.014198;-62.528412
0.014216;-59.325420
0.014233;-57.015732
0.014251;-56.365490
0.014268;-57.646484
0.014286;-60.554871
0.014303;-64.300621
0.014321;-67.841148
0.014338;-70.190170
0.014356;-70.710251
0.014373;-69.302231
0.014391;-66.435303
0.014409;-63.008533
0.014426;-60.084755
0.014444;-58.575584
0.014461;-58.970886
0.014479;-61.192959
0.014496;-64.618927
0.014514;-68.264709
0.014531;-71.076462
0.014549;-72.242973
0.014567;-71.436508
0.014584;-68.910591
0.014602;-65.425484
0.014619;-62.023384
0.014637;-59.719669
0.014654;-59.201736
0.014672;-60.624805
0.014689;-63.565208
0.014707;-67.145348
0.014724;-70.293388
0.014742;-72.060875
0.014760;-71.904144
0.014777;-69.846016
0.014795;-66.469711
0.014812;-62.746540
0.014830;-59.748390
0.014847;-58.329903
0.014865;-58.874836
0.014882;-61.181702
0.014900;-64.522812
0.014918;-67.859459
0.014935;-70.149582
0.014953;-70.656769
0.014970;-69.169022
0.014988;-66.062210
0.015005;-62.189346
0.015023;-58.628181
0.015040;-56.361870
0.015058;-55.987331
0.015075;-57.537811
0.015093;-60.472343
0.015111;-63.835537
0.015128;-66.540413
0.015146;-67.690582
0.015163;-66.846306
0.015181;-64.155449
0.015198;-60.310295
0.015216;-56.342949
0.015233;-53.319622
0.015251;-52.024582
0.015269;-52.727234
0.015286;-55.101677
0.015304;-58.322647
0.015321;-61.309731
0.015339;-63.047436
0.015356;-62.886444
0.015374;-60.736572
0.015391;-57.094193
0.015409;-52.895718
0.015426;-49.240475
0.015444;-47.064880
0.015462;-46.864620
0.015479;-48.547180
0.015497;-51.458641
0.015514;-54.576950
0.015532;-56.814648
0.015549;-57.341236
0.015567;-55.829826
0.015584;-52.554607
0.015602;-48.310307
0.015620;-44.177082
0.015637;-41.200619
0.015655;-40.081985
0.015672;-40.969452
0.015690;-43.413864
0.015707;-46.501228
0.015725;-49.123260
0.015742;-50.305820
0.015760;-49.497971
0.015777;-46.735844
0.015795;-42.632626
0.015813;-38.197407
0.015830;-34.536400
0.015848;-32.525082
0.015865;-32.548359
0.015883;-34.385929
0.015900;-37.276939
0.015918;-40.145088
0.015935;-41.917442
0.015953;-41.842628
0.015971;-39.714066
0.015988;-35.931824
0.016006;-31.384708
0.016023;-27.187290
0.016041;-24.349676
0.016058;-23.477907
0.016076;-24.593855
0.016093;-27.128126
0.016111;-30.088310
0.016128;-32.352829
0.016146;-33.003426
0.016164;-31.597702
0.016181;-28.300875
0.016199;-23.837498
0.016216;-19.277229
0.016234;-15.718095
0.016251;-13.960954
0.016269;-14.271747
0.016286;-16.302097
0.016304;-19.192009
0.016322;-21.824354
0.016339;-23.155918
0.016357;-22.526846
0.016374;-19.856773
0.016392;-15.669333
0.016409;-10.937565
0.016427;-6.795915
0.016444;-4.204070
0.016462;-3.662234
0.016479;-5.062370
0.016497;-7.719631
0.016515;-10.574863
0.016532;-12.508323
0.016550;-12.671694
0.016567;-10.739965
0.016585;-7.008417
0.016602;-2.305753
0.016620;2.251000
0.016637;5.587372
0.016655;6.990054
0.016673;6.318736
0.016690;4.048277
0.016708;1.128491
0.016725;-1.297042
0.016743;-2.229918
0.016760;-1.113160
0.016778;2.003110
0.016795;6.475855
0.016813;11.259118
0.016830;15.213709
0.016848;17.444847
0.016866;17.567688
0.016883;15.821930
0.016901;13.001327
0.016918;10.218857
0.016936;8.576982
0.016953;8.840685
0.016971;11.210238
0.016988;15.261184
0.017006;20.069490
0.017024;24.484997
0.017041;27.472162
0.017059;28.417191
0.017076;27.310438
0.017094;24.749817
0.017111;21.764116
0.017129;19.508303
0.017146;18.921154
0.017164;20.446615
0.017181;23.901617
0.017199;28.529650
0.017217;33.224461
0.017234;36.857670
0.017252;38.613289
0.017269;38.229946
0.017287;36.078884
0.017304;33.054516
0.017322;30.309664
0.017339;28.913969
0.017357;29.536568
0.017375;32.247265
0.017392;36.495132
0.017410;41.271255
0.017427;45.407337
0.017445;47.921921
0.017462;48.311573
0.017480;46.700558
0.017497;43.804630
0.017515;40.719292
0.017532;38.595345
0.017550;38.297661
0.017568;40.148365
0.017585;43.830799
0.017603;48.482689
0.017620;52.951248
0.017638;56.134659
0.017655;57.308792
0.017673;56.342258
0.017690;53.735901
0.017708;50.474895
0.017726;47.737064
0.017743;46.543781
0.017761;47.456940
0.017778;50.411831
0.017796;54.735695
0.017813;59.346550
0.017831;63.073574
0.017848;65.004135
0.017866;64.754639
0.017883;62.584743
0.017901;59.320934
0.017919;56.112038
0.017936;54.088818
0.017954;54.028656
0.017971;56.124660
0.017989;59.927826
0.018006;64.479462
0.018024;68.594978
0.018041;71.214851
0.018059;71.718849
0.018077;70.110382
0.018094;67.016045
0.018112;63.500393
0.018129;60.750702
0.018147;59.725002
0.018164;60.867775
0.018182;63.977638
0.018199;68.266396
0.018217;72.592155
0.018234;75.797539
0.018252;77.052826
0.018270;76.102249
0.018287;73.340393
0.018305;69.695740
0.018322;66.355919
0.018340;64.415756
0.018357;64.552521
0.018375;66.824745
0.018392;70.654198
0.018410;74.996750
0.018428;78.651459
0.018445;80.616554
0.018463;80.386551
0.018480;78.102669
0.018498;74.511528
0.018515;70.744308
0.018533;67.981720
0.018550;67.103951
0.018568;68.429375
0.018585;71.619591
0.018603;75.779175
0.018621;79.720581
0.018638;82.316025
0.018656;82.831871
0.018673;81.146553
0.018691;77.787209
0.018708;73.773895
0.018726;70.317719
0.018743;68.461784
0.018761;68.771820
0.018779;71.167969
0.018796;74.947830
0.018814;78.994164
0.018831;82.105766
0.018849;83.353546
0.018866;82.356224
0.018884;79.393959
0.018901;75.325829
0.018919;71.335693
0.018936;68.581436
0.018954;67.851677
0.018972;69.331551
0.018989;72.547295
0.019007;76.506088
0.019024;79.989952
0.019042;81.916725
0.019059;81.660973
0.019077;79.239937
0.019094;75.308998
0.019112;70.967911
0.019130;67.435211
0.019147;65.686958
0.019165;66.167175
0.019182;68.655701
0.019200;72.332848
0.019217;76.021942
0.019235;78.537857
0.019252;79.038437
0.019270;77.274498
0.019287;73.664314
0.019305;69.170166
0.019323;65.013550
0.019340;62.313293
0.019358;61.753693
0.019375;63.381275
0.019393;66.590416
0.019410;70.302383
0.019428;73.284698
0.019445;74.516525
0.019463;73.491501
0.019481;70.368393
0.019498;65.924622
0.019516;61.326370
0.019533;57.783154
0.019551;56.189270
0.019568;56.858387
0.019586;59.430050
0.019603;62.975952
0.019621;66.274734
0.019638;68.173836
0.019656;67.931358
0.019674;65.436394
0.019691;61.242527
0.019709;56.404327
0.019726;52.165123
0.019744;49.588570
0.019761;49.243156
0.019779;51.033234
0.019796;54.226807
0.019814;57.672062
0.019832;60.138512
0.019849;60.681808
0.019867;58.924026
0.019884;55.166279
0.019902;50.300014
0.019919;45.543312
0.019937;42.080044
0.019954;40.708862
0.019972;41.606091
0.019989;44.272945
0.020007;47.682873
0.020025;50.585503
0.020042;51.877171
0.020060;50.928398
0.020077;47.770920
0.020095;43.088932
0.020112;38.016827
0.020130;33.803303
0.020147;31.441242
0.020165;31.373199
0.020183;33.359692
0.020200;36.549702
0.020218;39.732471
0.020235;41.696251
0.020253;41.587616
0.020270;39.164837
0.020288;34.870152
0.020305;29.699268
0.020323;24.906685
0.020340;21.633995
0.020358;20.571375
0.020376;21.752592
0.020393;24.544495
0.020411;27.834204
0.020428;30.358698
0.020446;31.079241
0.020463;29.489563
0.020481;25.766508
0.020498;20.718222
0.020516;15.545138
0.020534;11.484437
0.020551;9.443330
0.020569;9.729836
0.020586;11.960994
0.020604;15.175877
0.020621;18.120058
0.020639;19.617331
0.020656;18.918579
0.020674;15.924289
0.020691;11.214659
0.020709;5.878216
0.020727;1.189555
0.020744;-1.768359
0.020762;-2.425380
0.020779;-0.893616
0.020797;2.065297
0.020814;5.265512
0.020832;7.448263
0.020849;7.655068
0.020867;5.512220
0.020885;1.342134
0.020902;-3.931607
0.020920;-9.057523
0.020937;-12.826957
0.020955;-14.432418
0.020972;-13.707262
0.020990;-11.175600
0.021007;-7.897413
0.021025;-5.154678
0.021042;-4.071410
0.021060;-5.280206
0.021078;-8.734232
0.021095;-13.720482
0.021113;-19.070566
0.021130;-23.506697
0.021148;-26.020378
0.021165;-26.171606
0.021183;-24.219719
0.021200;-21.047050
0.021218;-17.897778
0.021236;-16.009285
0.021253;-16.245239
0.021271;-18.839157
0.021288;-23.324593
0.021306;-28.672800
0.021323;-33.597237
0.021341;-36.934723
0.021358;-37.990383
0.021376;-36.743977
0.021393;-33.856411
0.021411;-30.474298
0.021429;-27.890352
0.021446;-27.160162
0.021464;-28.788998
0.021481;-32.581490
0.021499;-37.698944
0.021516;-42.907402
0.021534;-46.943127
0.021551;-48.887238
0.021569;-48.438324
0.021587;-46.002316
0.021604;-42.572613
0.021622;-39.436008
0.021639;-37.791359
0.021657;-38.394020
0.021674;-41.331478
0.021692;-45.996822
0.021709;-51.268085
0.021727;-55.840416
0.021744;-58.612755
0.021762;-59.014404
0.021780;-57.174606
0.021797;-53.884743
0.021815;-50.364216
0.021832;-47.899174
0.021850;-47.461208
0.021867;-49.419025
0.021885;-53.428562
0.021902;-58.534405
0.021920;-63.452499
0.021938;-66.950569
0.021955;-68.213448
0.021973;-67.085060
0.021990;-64.115204
0.022008;-60.397026
0.022025;-57.243347
0.022043;-55.797539
0.022060;-56.694412
0.022078;-59.871502
0.022095;-64.587021
0.022113;-69.639229
0.022131;-73.722260
0.022148;-75.813278
0.022166;-75.475792
0.022183;-72.989616
0.022201;-69.268356
0.022218;-65.589050
0.022236;-63.213799
0.022253;-63.015511
0.022271;-65.218796
0.022289;-69.332787
0.022306;-74.296120
0.022324;-78.791092
0.022341;-81.634125
0.022359;-82.126747
0.022376;-80.263046
0.022394;-76.731888
0.022411;-72.713272
0.022429;-69.528778
0.022446;-68.249855
0.022464;-69.379944
0.022482;-72.704727
0.022499;-77.355087
0.022517;-82.064270
0.022534;-85.543098
0.022552;-86.862152
0.022569;-85.727577
0.022587;-82.568718
0.022604;-78.411324
0.022622;-74.573898
0.022640;-72.276993
0.022657;-72.281242
0.022675;-74.661507
0.022692;-78.784065
0.022710;-83.494011
0.022727;-87.457176
0.022745;-89.555595
0.022762;-89.219040
0.022780;-86.594551
0.022797;-82.503372
0.022815;-78.197960
0.022833;-74.990974
0.022850;-73.866173
0.022868;-75.186455
0.022885;-78.585770
0.022903;-83.077148
0.022920;-87.344734
0.022938;-90.133736
0.022955;-90.622429
0.022973;-88.666161
0.022991;-84.840675
0.023008;-80.272041
0.023026;-76.303200
0.023043;-74.095924
0.023061;-74.286293
0.023078;-76.795692
0.023096;-80.853592
0.023113;-85.225410
0.023131;-88.578270
0.023148;-89.876045
0.023166;-88.686783
0.023184;-85.311234
0.023201;-80.694290
0.023219;-76.145233
0.023236;-72.949974
0.023254;-71.989723
0.023271;-73.479431
0.023289;-76.903595
0.023306;-81.168564
0.023324;-84.926300
0.023342;-86.973915
0.023359;-86.610420
0.023377;-83.844864
0.023394;-79.394333
0.023412;-74.471771
0.023429;-70.426826
0.023447;-68.345825
0.023464;-68.729492
0.023482;-71.344116
0.023499;-75.290276
0.023517;-79.269035
0.023535;-81.966759
0.023552;-82.444588
0.023570;-80.417099
0.023587;-76.337418
0.023605;-71.263451
0.023622;-66.544731
0.023640;-63.422558
0.023657;-62.661903
0.023675;-64.324303
0.023693;-67.749115
0.023710;-71.748894
0.023728;-74.961029
0.023745;-76.251671
0.023763;-75.052078
0.023780;-71.527634
0.023798;-66.529472
0.023815;-61.342594
0.023833;-57.305298
0.023850;-55.412472
0.023868;-56.020412
0.023886;-58.740746
0.023903;-62.555050
0.023921;-66.116409
0.023938;-68.148476
0.023956;-67.823997
0.023973;-65.010437
0.023991;-60.309792
0.024008;-54.880718
0.024026;-50.095486
0.024044;-47.133244
0.024061;-46.630455
0.024079;-48.491753
0.024096;-51.917759
0.024114;-55.641602
0.024131;-58.304211
0.024149;-58.857220
0.024166;-56.874039
0.024184;-52.676846
0.024201;-47.241642
0.024219;-41.909401
0.024237;-37.988850
0.024254;-36.368458
0.024272;-37.252792
0.024289;-40.101421
0.024307;-43.788631
0.024324;-46.936802
0.024342;-48.324715
0.024359;-47.249725
0.024377;-43.736572
0.024395;-38.530533
0.024412;-32.877132
0.024430;-28.153200
0.024447;-25.458885
0.024465;-25.291327
0.024482;-27.396889
0.024500;-30.845860
0.024517;-34.307655
0.024535;-36.445080
0.024552;-36.310795
0.024570;-33.628525
0.024588;-28.875490
0.024605;-23.141514
0.024623;-17.806435
0.024640;-14.131264
0.024658;-12.884310
0.024675;-14.113111
0.024693;-17.129873
0.024710;-20.714918
0.024728;-23.477961
0.024746;-24.270222
0.024763;-22.525232
0.024781;-18.427252
0.024798;-12.857230
0.024816;-7.132174
0.024833;-2.615071
0.024851;-0.310896
0.024868;-0.568462
0.024886;-2.976613
0.024903;-6.485636
0.024921;-9.718077
0.024939;-11.376944
0.024956;-10.630342
0.024974;-7.358482
0.024991;-2.189776
0.025009;3.684907
0.025026;8.864826
0.025044;12.154440
0.025061;12.917937
0.025079;11.268060
0.025097;8.033151
0.025114;4.512014
0.025132;2.089128
0.025149;1.824189
0.025167;4.137668
0.025184;8.685634
0.025202;14.461134
0.025219;20.092201
0.025237;24.248278
0.025254;26.034657
0.025272;25.257978
0.025290;22.483986
0.025307;18.870251
0.025325;15.823365
0.025342;14.582036
0.025360;15.849664
0.025377;19.585392
0.025395;25.015635
0.025412;30.862858
0.025430;35.723911
0.025448;38.485893
0.025465;38.656197
0.025483;36.508949
0.025500;33.004200
0.025518;29.503727
0.025535;27.367504
0.025553;27.550482
0.025570;30.319138
0.025588;35.171921
0.025605;40.987392
0.025623;46.356190
0.025641;49.998615
0.025658;51.144043
0.025676;49.759689
0.025693;46.560772
0.025711;42.798931
0.025728;39.891487
0.025746;39.001274
0.025763;40.691711
0.025781;44.759293
0.025799;50.293327
0.025816;55.945404
0.025834;60.328819
0.025851;62.429569
0.025869;61.907200
0.025886;59.196129
0.025904;55.377338
0.025921;51.858284
0.025939;49.955807
0.025956;50.505634
0.025974;53.614216
0.025992;58.626644
0.026009;64.320251
0.026027;69.266624
0.026044;72.254936
0.026062;72.650970
0.026079;70.585548
0.026097;66.916107
0.026114;62.973068
0.026132;60.165619
0.026150;59.563927
0.026167;61.581676
0.026185;65.852859
0.026202;71.339790
0.026220;76.640190
0.026237;80.402664
0.026255;81.727310
0.026272;80.432816
0.026290;77.110565
0.026307;72.949883
0.026325;69.385765
0.026343;67.673546
0.026360;68.516655
0.026378;71.857613
0.026395;76.894531
0.026413;82.318367
0.026430;86.700546
0.026448;88.916458
0.026465;88.478966
0.026483;85.683250
0.026501;81.519768
0.026518;77.381065
0.026536;74.649147
0.026553;74.285767
0.026571;76.546944
0.026588;80.906624
0.026606;86.212067
0.026623;91.025093
0.026641;94.048370
0.026658;94.509926
0.026676;92.392487
0.026694;88.438927
0.026711;83.932648
0.026729;80.317307
0.026746;78.769028
0.026764;79.847420
0.026781;83.329323
0.026799;88.274406
0.026816;93.303459
0.026834;97.006950
0.026852;98.362892
0.026869;97.040024
0.026887;93.496513
0.026904;88.844528
0.026922;84.521034
0.026939;81.861954
0.026957;81.706017
0.026974;84.145782
0.026992;88.499733
0.027009;93.513756
0.027027;97.732605
0.027045;99.931160
0.027062;99.477753
0.027080;96.521835
0.027097;91.950180
0.027115;87.124443
0.027132;83.477791
0.027150;82.090065
0.027167;83.367424
0.027185;86.921516
0.027203;91.684052
0.027220;96.223106
0.027238;99.167366
0.027255;99.612755
0.027273;97.390709
0.027290;93.118652
0.027308;88.017464
0.027325;83.549904
0.027343;80.987198
0.027360;81.031937
0.027378;83.609558
0.027396;87.889839
0.027413;92.532654
0.027431;96.084877
0.027448;97.411118
0.027466;96.030594
0.027483;92.260040
0.027501;87.120338
0.027518;82.034348
0.027536;78.405334
0.027554;77.201012
0.027571;78.666313
0.027589;82.250412
0.027606;86.769478
0.027624;90.757278
0.027641;92.899689
0.027659;92.424393
0.027676;89.330193
0.027694;84.387909
0.027711;78.912354
0.027729;74.372902
0.027747;71.958038
0.027764;72.222824
0.027782;74.924019
0.027799;79.091675
0.027817;83.316277
0.027834;86.166321
0.027852;86.612755
0.027869;84.334312
0.027887;79.813232
0.027905;74.192810
0.027922;68.938965
0.027940;65.405823
0.027957;64.434273
0.027975;66.102425
0.027992;69.701942
0.028010;73.947601
0.028027;77.358002
0.028045;78.694618
0.028062;77.329216
0.028080;73.430428
0.028098;67.914375
0.028115;62.173557
0.028133;57.664375
0.028150;55.475441
0.028168;56.004681
0.028185;58.840969
0.028203;62.885540
0.028220;66.677368
0.028238;68.826073
0.028256;68.424232
0.028273;65.316734
0.028291;60.147266
0.028308;54.168015
0.028326;48.868916
0.028343;45.536106
0.028361;44.870590
0.028378;46.780094
0.028396;50.405975
0.028413;54.377373
0.028431;57.217300
0.028449;57.780544
0.028466;55.593376
0.028484;50.994495
0.028501;45.035156
0.028519;39.168003
0.028536;34.816750
0.028554;32.954128
0.028571;33.813293
0.028589;36.818321
0.028607;40.754478
0.028624;44.128014
0.028642;45.608879
0.028659;44.425171
0.028677;40.592384
0.028694;34.909332
0.028712;28.721901
0.028729;23.524422
0.028747;20.516844
0.028764;20.248854
0.028782;22.456602
0.028800;26.140480
0.028817;29.861063
0.028835;32.165630
0.028852;32.018898
0.028870;29.110218
0.028887;23.946203
0.028905;17.701084
0.028922;11.869075
0.028940;7.821654
0.028958;6.400988
0.028975;7.669988
0.028993;10.893269
0.029010;14.754721
0.029028;17.747400
0.029045;18.620207
0.029063;16.749001
0.029080;12.322069
0.029098;6.284876
0.029115;0.060278
0.029133;-4.872923
0.029151;-7.418283
0.029168;-7.186922
0.029186;-4.613178
0.029203;-0.826274
0.029221;2.684093
0.029238;4.509223
0.029256;3.739143
0.029273;0.232731
0.029291;-5.339916
0.029309;-11.695586
0.029326;-17.317934
0.029344;-20.906797
0.029361;-21.763700
0.029379;-19.999226
0.029396;-16.500629
0.029414;-12.669230
0.029431;-10.005217
0.029449;-9.662911
0.029466;-12.108294
0.029484;-16.980385
0.029502;-23.197714
0.029519;-29.278408
0.029537;-33.779221
0.029554;-35.723324
0.029572;-34.890121
0.029589;-31.881020
0.029607;-27.941563
0.029624;-24.592527
0.029642;-23.179157
0.029660;-24.472212
0.029677;-28.439070
0.029695;-34.252853
0.029712;-40.537037
0.029730;-45.773132
0.029747;-48.750690
0.029765;-48.926273
0.029782;-46.584888
0.029800;-42.755924
0.029817;-38.908371
0.029835;-36.515514
0.029853;-36.618145
0.029870;-39.515697
0.029888;-44.676968
0.029905;-50.897057
0.029923;-56.654114
0.029940;-60.560242
0.029958;-61.772957
0.029975;-60.245213
0.029993;-56.739777
0.030011;-52.603474
0.030028;-49.368259
0.030046;-48.297092
0.030063;-50.009327
0.030081;-54.296650
0.030098;-60.184357
0.030116;-66.219727
0.030133;-70.902420
0.030151;-73.129128
0.030168;-72.520828
0.030186;-69.535583
0.030204;-65.333092
0.030221;-61.431286
0.030239;-59.256561
0.030256;-59.720699
0.030274;-62.950344
0.030291;-68.248856
0.030309;-74.302368
0.030326;-79.568848
0.030344;-82.735069
0.030362;-83.105995
0.030379;-80.811150
0.030397;-76.766624
0.030414;-72.403938
0.030432;-69.245911
0.030449;-68.455254
0.030467;-70.489563
0.030484;-74.965324
0.030502;-80.770996
0.030519;-86.396095
0.030537;-90.378716
0.030555;-91.738899
0.030572;-90.269348
0.030590;-86.597366
0.030607;-81.999229
0.030625;-78.022278
0.030642;-76.026253
0.030660;-76.780083
0.030677;-80.233589
0.030695;-85.531815
0.030713;-91.268013
0.030730;-95.900345
0.030748;-98.208786
0.030765;-97.657013
0.030783;-94.551765
0.030800;-89.952301
0.030818;-85.356850
0.030835;-82.258644
0.030853;-81.703262
0.030870;-83.978340
0.030888;-88.527901
0.030906;-94.116608
0.030923;-99.195648
0.030941;-102.361603
0.030958;-102.772575
0.030976;-100.398109
0.030993;-96.028587
0.031011;-91.041420
0.031028;-86.993019
0.031046;-85.157471
0.031064;-86.148712
0.031081;-89.738037
0.031099;-94.921532
0.031116;-100.217155
0.031134;-104.103798
0.031151;-105.472229
0.031169;-103.954109
0.031186;-100.031616
0.031204;-94.894936
0.031221;-90.089874
0.031239;-87.059776
0.031257;-86.717575
0.031274;-89.174850
0.031292;-93.708366
0.031309;-98.973854
0.031327;-103.404343
0.031344;-105.674408
0.031362;-105.093315
0.031379;-101.810112
0.031397;-96.769913
0.031415;-91.434166
0.031432;-87.347717
0.031450;-85.680885
0.031467;-86.882332
0.031485;-90.545616
0.031502;-95.529305
0.031520;-100.294807
0.031537;-103.362434
0.031555;-103.749916
0.031572;-101.264046
0.031590;-96.558289
0.031608;-90.939583
0.031625;-85.981308
0.031643;-83.056953
0.031660;-82.932945
0.031678;-85.541039
0.031695;-89.998146
0.031713;-94.867683
0.031730;-98.585152
0.031748;-99.921867
0.031766;-98.349396
0.031783;-94.196648
0.031801;-88.552849
0.031818;-82.945068
0.031836;-78.885811
0.031853;-77.424652
0.031871;-78.836876
0.031888;-82.541451
0.031906;-87.272812
0.031923;-91.455719
0.031941;-93.672096
0.031959;-93.081444
0.031976;-89.670479
0.031994;-84.257446
0.032011;-78.250084
0.032029;-73.228683
0.032046;-70.477707
0.032064;-70.604912
0.032081;-73.360809
0.032099;-77.712265
0.032117;-82.148285
0.032134;-85.127800
0.032152;-85.536446
0.032169;-83.017242
0.032187;-78.076881
0.032204;-71.935966
0.032222;-66.167671
0.032239;-62.231552
0.032257;-61.040897
0.032274;-62.691711
0.032292;-66.433853
0.032310;-70.892998
0.032327;-74.477760
0.032345;-75.851357
0.032362;-74.328117
0.032380;-70.077087
0.032397;-64.072487
0.032415;-57.805351
0.032432;-52.841862
0.032450;-50.359173
0.032468;-50.796238
0.032485;-53.723400
0.032503;-57.969296
0.032520;-61.967754
0.032538;-64.221947
0.032555;-63.748188
0.032573;-60.367851
0.032590;-54.760841
0.032608;-48.264565
0.032625;-42.477821
0.032643;-38.787106
0.032661;-37.955509
0.032678;-39.896202
0.032696;-43.697815
0.032713;-47.894196
0.032731;-50.898815
0.032748;-51.475075
0.032766;-49.103127
0.032783;-44.134438
0.032801;-37.688122
0.032818;-31.319651
0.032836;-26.560041
0.032854;-24.462057
0.032871;-25.287907
0.032889;-28.431177
0.032906;-32.596176
0.032924;-36.181751
0.032941;-37.755821
0.032959;-36.480076
0.032976;-32.358845
0.032994;-26.238359
0.033012;-19.556385
0.033029;-13.916391
0.033047;-10.612361
0.033064;-10.245116
0.033082;-12.543888
0.033099;-16.446196
0.033117;-20.412462
0.033134;-22.882214
0.033152;-22.736736
0.033170;-19.631008
0.033187;-14.096453
0.033205;-7.383942
0.033222;-1.093422
0.033240;3.300115
0.033257;4.883887
0.033275;3.578138
0.033292;0.160147
0.033310;-3.965802
0.033327;-7.184446
0.033345;-8.148340
0.033363;-6.177498
0.033380;-1.461396
0.033398;4.996674
0.033415;11.676519
0.033433;16.991365
0.033450;19.758123
0.033468;19.548269
0.033485;16.815180
0.033503;12.760150
0.033521;8.976590
0.033538;6.977806
0.033556;7.748284
0.033573;11.451509
0.033591;17.380991
0.033608;24.169182
0.033626;30.192459
0.033643;34.052223
0.033661;34.989571
0.033678;33.110504
0.033696;29.354912
0.033714;25.218296
0.033731;22.308689
0.033749;21.869932
0.033766;24.412708
0.033784;29.562696
0.033801;36.171013
0.033819;42.654320
0.033836;47.463898
0.033854;49.544708
0.033872;48.648312
0.033889;45.406921
0.033907;41.146317
0.033924;37.493179
0.033942;35.892929
0.033959;37.181103
0.033977;41.335285
0.033994;47.481243
0.034012;54.151577
0.034029;59.720356
0.034047;62.884960
0.034065;63.052338
0.034082;60.515110
0.034100;56.365219
0.034117;52.170593
0.034135;49.510521
0.034152;49.507450
0.034170;52.493912
0.034187;57.913551
0.034205;64.485466
0.034223;70.583511
0.034240;74.718147
0.034258;75.977974
0.034275;74.300171
0.034293;70.489471
0.034310;65.980034
0.034328;62.410519
0.034345;61.138435
0.034363;62.837448
0.034380;67.297348
0.034398;73.485809
0.034416;79.853966
0.034433;84.795219
0.034451;87.121460
0.034468;86.415375
0.034486;83.154533
0.034503;78.570236
0.034521;74.282806
0.034538;71.821465
0.034556;72.170822
0.034574;75.478798
0.034591;81.012192
0.034609;87.373634
0.034626;92.915359
0.034644;96.227531
0.034661;96.556290
0.034679;94.027428
0.034696;89.609581
0.034714;84.827454
0.034731;81.310051
0.034749;80.307808
0.034767;82.321724
0.034784;86.954323
0.034802;93.027115
0.034819;98.929451
0.034837;103.095703
0.034854;104.469437
0.034872;102.816727
0.034889;98.795967
0.034907;93.763031
0.034925;89.369682
0.034942;87.074112
0.034960;87.708443
0.034977;91.231781
0.034995;96.741859
0.035012;102.742043
0.035030;107.584633
0.035047;109.959259
0.035065;109.281456
0.035082;105.866219
0.035100;100.835106
0.035118;95.784103
0.035135;92.310799
0.035153;91.540665
0.035170;93.793297
0.035188;98.487160
0.035205;104.311546
0.035223;109.614731
0.035240;112.893433
0.035258;113.238495
0.035276;110.604660
0.035293;105.824425
0.035311;100.361694
0.035328;95.878067
0.035346;93.740448
0.035363;94.615631
0.035381;98.272270
0.035398;103.649078
0.035416;109.168915
0.035433;113.206169
0.035451;114.568489
0.035469;112.850555
0.035486;108.554558
0.035504;102.941833
0.035521;97.659279
0.035539;94.251350
0.035556;93.702209
0.035574;96.143677
0.035591;100.815758
0.035609;106.291466
0.035627;110.899551
0.035644;113.219795
0.035662;112.504105
0.035679;108.898666
0.035697;103.401062
0.035714;97.564896
0.035732;93.039673
0.035749;91.081749
0.035767;92.181786
0.035784;95.918930
0.035802;101.085136
0.035820;106.042900
0.035837;109.210480
0.035855;109.530830
0.035872;106.785225
0.035890;101.658524
0.035907;95.536621
0.035925;90.095970
0.035942;86.806786
0.035960;86.497162
0.035978;89.107277
0.035995;93.706726
0.036013;98.769936
0.036030;102.628128
0.036048;103.963974
0.036065;102.202271
0.036083;97.680885
0.036100;91.551025
0.036118;85.436447
0.036135;80.952339
0.036153;79.226593
0.036171;80.565224
0.036188;84.361259
0.036206;89.274376
0.036223;93.627716
0.036241;95.905052
0.036258;95.200172
0.036276;91.485992
0.036293;85.622955
0.036311;79.104515
0.036329;73.614662
0.036346;70.529007
0.036364;70.506737
0.036381;73.295036
0.036399;77.803558
0.036416;82.427299
0.036434;85.522194
0.036451;85.892471
0.036469;83.145424
0.036486;77.808235
0.036504;71.172173
0.036522;64.910255
0.036539;60.581558
0.036557;59.168991
0.036574;60.787781
0.036592;64.650848
0.036609;69.301842
0.036627;73.046532
0.036644;74.454979
0.036662;72.785629
0.036680;68.205490
0.036697;61.741123
0.036715;54.974831
0.036732;49.575871
0.036750;46.805790
0.036767;47.144287
0.036785;50.146706
0.036802;54.575462
0.036820;58.766594
0.036837;61.122879
0.036855;60.587368
0.036873;56.957069
0.036890;50.943558
0.036908;43.962540
0.036925;37.714600
0.036943;33.681274
0.036960;32.685852
0.036978;34.649040
0.036995;38.612148
0.037013;43.020885
0.037031;46.185921
0.037048;46.783638
0.037066;44.248756
0.037083;38.942307
0.037101;32.045139
0.037118;25.208323
0.037136;20.063993
0.037153;17.741615
0.037171;18.532974
0.037188;21.805378
0.037206;26.188829
0.037224;29.981861
0.037241;31.655823
0.037259;30.308182
0.037276;25.930424
0.037294;19.411077
0.037311;12.272802
0.037329;6.221407
0.037346;2.640340
0.037364;2.180510
0.037382;4.567061
0.037399;8.680489
0.037417;12.888172
0.037434;15.528170
0.037452;15.401936
0.037469;12.129892
0.037487;6.264415
0.037504;-0.873407
0.037522;-7.584950
0.037539;-12.297338
0.037557;-14.029671
0.037575;-12.684017
0.037592;-9.074770
0.037610;-4.687591
0.037627;-1.239251
0.037645;-0.168757
0.037662;-2.210582
0.037680;-7.176540
0.037697;-14.011062
0.037715;-21.103628
0.037733;-26.765858
0.037750;-29.731873
0.037768;-29.533680
0.037785;-26.640200
0.037803;-22.318623
0.037820;-18.259068
0.037838;-16.073708
0.037855;-16.818748
0.037873;-20.681019
0.037890;-26.922100
0.037908;-34.096722
0.037926;-40.480804
0.037943;-44.582287
0.037961;-45.583515
0.037978;-43.583832
0.037996;-39.570473
0.038013;-35.126282
0.038031;-31.960695
0.038048;-31.403011
0.038066;-34.008076
0.038084;-39.391399
0.038101;-46.342636
0.038119;-53.183887
0.038136;-58.266853
0.038154;-60.461330
0.038171;-59.490459
0.038189;-56.013092
0.038206;-51.428860
0.038224;-47.463566
0.038241;-45.657650
0.038259;-46.909443
0.038277;-51.208481
0.038294;-57.638157
0.038312;-64.646919
0.038329;-70.507874
0.038347;-73.830521
0.038364;-73.973083
0.038382;-71.232956
0.038399;-66.758995
0.038417;-62.211227
0.038435;-59.268986
0.038452;-59.133022
0.038470;-62.169285
0.038487;-67.800041
0.038505;-74.674583
0.038522;-81.069275
0.038540;-85.398224
0.038557;-86.683403
0.038575;-84.844803
0.038592;-80.724503
0.038610;-75.837395
0.038628;-71.922394
0.038645;-70.427025
0.038663;-72.078133
0.038680;-76.666046
0.038698;-83.106247
0.038715;-89.760429
0.038733;-94.921837
0.038750;-97.321091
0.038768;-96.502670
0.038786;-92.960220
0.038803;-87.990646
0.038821;-83.309975
0.038838;-80.544746
0.038856;-80.749924
0.038873;-84.095703
0.038891;-89.816727
0.038908;-96.438477
0.038926;-102.213966
0.038943;-105.641479
0.038961;-105.909775
0.038979;-103.138840
0.038996;-98.344734
0.039014;-93.138702
0.039031;-89.249840
0.039049;-88.012543
0.039066;-89.970703
0.039084;-94.716171
0.039101;-101.009178
0.039119;-107.145538
0.039137;-111.461533
0.039154;-112.827049
0.039172;-110.980858
0.039189;-106.608368
0.039207;-101.138840
0.039224;-96.322060
0.039242;-93.709717
0.039259;-94.195358
0.039277;-97.749191
0.039294;-103.426476
0.039312;-109.647133
0.039330;-114.663834
0.039347;-117.079880
0.039365;-116.263329
0.039382;-112.534698
0.039400;-107.072304
0.039417;-101.563377
0.039435;-97.704109
0.039452;-96.696884
0.039470;-98.893562
0.039488;-103.690811
0.039505;-109.708534
0.039523;-115.198616
0.039540;-118.562904
0.039558;-118.827057
0.039575;-115.929604
0.039593;-110.740593
0.039610;-104.804070
0.039628;-99.880676
0.039645;-97.425835
0.039663;-98.158226
0.039681;-101.846321
0.039698;-107.376717
0.039716;-113.083687
0.039733;-117.242798
0.039751;-118.581963
0.039768;-116.658852
0.039786;-111.992264
0.039803;-105.908829
0.039821;-100.150124
0.039839;-96.356598
0.039856;-95.581268
0.039874;-97.977272
0.039891;-102.752197
0.039909;-108.402466
0.039926;-113.158798
0.039944;-115.510536
0.039961;-114.653625
0.039979;-110.729248
0.039996;-104.782425
0.040014;-98.452606
0.040032;-93.488068
0.040049;-91.227661
0.040067;-92.203781
0.040084;-95.984276
0.040102;-101.300087
0.040119;-106.421112
0.040137;-109.668922
0.040154;-109.914268
0.040172;-106.912148
0.040190;-101.374825
0.040207;-94.761139
0.040225;-88.844437
0.040242;-85.187050
0.040260;-84.677109
0.040277;-87.265030
0.040295;-91.977852
0.040312;-97.207245
0.040330;-101.186043
0.040347;-102.512039
0.040365;-100.563873
0.040383;-95.685539
0.040400;-89.084900
0.040418;-82.476082
0.040435;-77.571587
0.040453;-75.574722
0.040470;-76.822678
0.040488;-80.686333
0.040505;-85.756271
0.040523;-90.260330
0.040541;-92.588829
0.040558;-91.771751
0.040576;-87.766724
0.040593;-81.471954
0.040611;-74.460434
0.040628;-68.514015
0.040646;-65.095375
0.040663;-64.914345
0.040681;-67.717186
0.040698;-72.361488
0.040716;-77.154457
0.040734;-80.354523
0.040751;-80.687637
0.040769;-77.725197
0.040786;-72.011444
0.040804;-64.902740
0.040821;-58.165817
0.040839;-53.454296
0.040856;-51.818592
0.040874;-53.394279
0.040892;-57.361584
0.040909;-62.188053
0.040927;-66.082565
0.040944;-67.526207
0.040962;-65.722717
0.040979;-60.834873
0.040997;-53.936733
0.041014;-46.695713
0.041032;-40.878609
0.041049;-37.828003
0.041067;-38.064171
0.041085;-41.130562
0.041102;-45.728779
0.041120;-50.103176
0.041137;-52.561165
0.041155;-51.974998
0.041172;-48.116417
0.041190;-41.724743
0.041207;-34.288216
0.041225;-27.603218
0.041243;-23.241985
0.041260;-22.086540
0.041278;-24.066994
0.041295;-28.181946
0.041313;-32.794991
0.041330;-36.119602
0.041348;-36.748722
0.041365;-34.072067
0.041383;-28.457455
0.041400;-21.142271
0.041418;-13.867101
0.041436;-8.360075
0.041453;-5.824662
0.041471;-6.582794
0.041488;-9.979125
0.041506;-14.574973
0.041523;-18.574503
0.041541;-20.357012
0.041558;-18.957474
0.041576;-14.352970
0.041594;-7.469946
0.041611;0.089927
0.041629;6.524172
0.041646;10.363648
0.041664;10.908102
0.041681;8.433991
0.041699;4.112870
0.041716;-0.335592
0.041734;-3.153208
0.041751;-3.064512
0.041769;0.344883
0.041787;6.505009
0.041804;14.030005
0.041822;21.128506
0.041839;26.134396
0.041857;28.000668
0.041874;26.609976
0.041892;22.809710
0.041909;18.161160
0.041927;14.476914
0.041945;13.283594
0.041962;15.369137
0.041980;20.548826
0.041997;27.719589
0.042015;35.186489
0.042032;41.164841
0.042050;44.309120
0.042067;44.111923
0.042085;41.054646
0.042102;36.465118
0.042120;32.124290
0.042138;29.738420
0.042155;30.433187
0.042173;34.419704
0.042190;40.931484
0.042208;48.451153
0.042225;55.159870
0.042243;59.476257
0.042260;60.525223
0.042278;58.397533
0.042296;54.123295
0.042313;49.366863
0.042331;45.933731
0.042348;45.235279
0.042366;47.870209
0.042383;53.446651
0.042401;60.697826
0.042418;67.857155
0.042436;73.181641
0.042453;75.468414
0.042471;74.411545
0.042489;70.692970
0.042506;65.780708
0.042524;61.493969
0.042541;59.463959
0.042559;60.650211
0.042576;65.055847
0.042594;71.726120
0.042611;79.031067
0.042629;85.148247
0.042647;88.602837
0.042664;88.704926
0.042682;85.754242
0.042699;80.951675
0.042717;76.043587
0.042734;72.804375
0.042752;72.510361
0.042769;75.561279
0.042787;81.361320
0.042804;88.495293
0.042822;95.147720
0.042840;99.640823
0.042857;100.931778
0.042875;98.922089
0.042892;94.487137
0.042910;89.217003
0.042927;84.945396
0.042945;83.206131
0.042962;84.778328
0.042980;89.455048
0.042998;96.104248
0.043015;103.003891
0.043033;108.352112
0.043050;110.801254
0.043068;109.857498
0.043085;106.027565
0.043103;100.668839
0.043120;95.587326
0.043138;92.502472
0.043155;92.537384
0.043173;95.885628
0.043191;101.753448
0.043208;108.594612
0.043226;114.568420
0.043243;118.085152
0.043261;118.277390
0.043278;115.257385
0.043296;110.084175
0.043313;104.450005
0.043331;100.178886
0.043349;98.686012
0.043366;100.557999
0.043384;105.378716
0.043401;111.852112
0.043419;118.186081
0.043436;122.623444
0.043454;123.962784
0.043471;121.914810
0.043489;117.188461
0.043506;111.281075
0.043524;106.034935
0.043542;103.091248
0.043559;103.403534
0.043577;106.954712
0.043594;112.761772
0.043612;119.166725
0.043629;124.327812
0.043647;126.765312
0.043664;125.800385
0.043682;121.756531
0.043700;115.864105
0.043717;109.895996
0.043735;105.642296
0.043752;104.379684
0.043770;106.492744
0.043787;111.359650
0.043805;117.536049
0.043822;123.182892
0.043840;126.611397
0.043857;126.783699
0.043875;123.620796
0.043893;118.026276
0.043910;111.618988
0.043928;106.253326
0.043945;103.469772
0.043963;104.038040
0.043980;107.728722
0.043998;113.380783
0.044015;119.245430
0.044033;123.504265
0.044051;124.808250
0.044068;122.677849
0.044086;117.645439
0.044103;111.098061
0.044121;104.866470
0.044138;100.682762
0.044156;99.666870
0.044173;101.994385
0.044191;106.844147
0.044208;112.641266
0.044226;117.523712
0.044244;119.894112
0.044261;118.893456
0.044279;114.655975
0.044296;108.269814
0.044314;101.454865
0.044331;96.053230
0.044349;93.483307
0.044366;94.319107
0.044384;98.119904
0.044402;103.560432
0.044419;108.823486
0.044437;112.138306
0.044454;112.305641
0.044472;109.053436
0.044489;103.117851
0.044507;96.025566
0.044524;89.641518
0.044542;85.616287
0.044559;84.896790
0.044577;87.445351
0.044595;92.250519
0.044612;97.626556
0.044630;101.712906
0.044647;103.025681
0.044665;100.897667
0.044682;95.676529
0.044700;88.622223
0.044717;81.533806
0.044735;76.216560
0.044753;73.946800
0.044770;75.093475
0.044788;79.008453
0.044805;84.218307
0.044823;88.860817
0.044840;91.236816
0.044858;90.314095
0.044875;86.033546
0.044893;79.327217
0.044910;71.842468
0.044928;65.453949
0.044946;61.708118
0.044963;61.364716
0.044981;64.171371
0.044998;68.937996
0.045016;73.889336
0.045033;77.190987
0.045051;77.493179
0.045068;74.331146
0.045086;68.263298
0.045104;60.706173
0.045121;53.514923
0.045139;48.433662
0.045156;46.578476
0.045174;48.106441
0.045191;52.168732
0.045209;57.161926
0.045226;61.203068
0.045244;62.687759
0.045261;60.765949
0.045279;55.594227
0.045297;48.289913
0.045314;40.600269
0.045332;34.384922
0.045349;31.064695
0.045367;31.200422
0.045384;34.326374
0.045402;39.088039
0.045419;43.643337
0.045437;46.208523
0.045455;45.587059
0.045472;41.524570
0.045490;34.784695
0.045507;26.923193
0.045525;19.827171
0.045542;15.155912
0.045560;13.849010
0.045577;15.847658
0.045595;20.111780
0.045612;24.928026
0.045630;28.417456
0.045648;29.092527
0.045665;26.298260
0.045683;20.406763
0.045700;12.707442
0.045718;5.025204
0.045735;-0.820194
0.045753;-3.553479
0.045770;-2.822010
0.045788;0.699423
0.045806;5.508300
0.045823;9.719517
0.045841;11.624100
0.045858;10.195933
0.045876;5.396257
0.045893;-1.814379
0.045911;-9.760385
0.045928;-16.547447
0.045946;-20.623886
0.045963;-21.240650
0.045981;-18.673576
0.045999;-14.141938
0.046016;-9.447311
0.046034;-6.439682
0.046051;-6.469024
0.046069;-9.984850
0.046086;-16.402569
0.046104;-24.276266
0.046121;-31.726923
0.046139;-36.999123
0.046157;-38.981384
0.046174;-37.535767
0.046192;-33.539085
0.046209;-28.623268
0.046227;-24.691856
0.046244;-23.355778
0.046262;-25.455639
0.046279;-30.812180
0.046297;-38.278957
0.046314;-46.081722
0.046332;-52.344009
0.046350;-55.643280
0.046367;-55.432652
0.046385;-52.203278
0.046402;-47.339073
0.046420;-42.706753
0.046437;-40.102619
0.046455;-40.719975
0.046472;-44.795143
0.046490;-51.536926
0.046508;-59.360722
0.046525;-66.357841
0.046543;-70.861061
0.046560;-71.938873
0.046578;-69.671791
0.046595;-65.128799
0.046613;-60.050789
0.046630;-56.334694
0.046648;-55.471207
0.046665;-58.102680
0.046683;-63.832329
0.046701;-71.341385
0.046718;-78.779602
0.046736;-84.313446
0.046753;-86.669464
0.046771;-85.512024
0.046788;-81.542961
0.046806;-76.293976
0.046823;-71.672760
0.046841;-69.397682
0.046859;-70.488220
0.046876;-74.962532
0.046894;-81.831528
0.046911;-89.391708
0.046929;-95.729774
0.046946;-99.289558
0.046964;-99.333473
0.046981;-96.161346
0.046999;-91.021851
0.047016;-85.742714
0.047034;-82.189125
0.047052;-81.710762
0.047069;-84.741486
0.047087;-90.670387
0.047104;-98.022369
0.047122;-104.895088
0.047139;-109.522537
0.047157;-110.798645
0.047174;-108.605232
0.047192;-103.847427
0.047210;-98.185646
0.047227;-93.543739
0.047245;-91.538658
0.047262;-93.001114
0.047280;-97.728920
0.047297;-104.546547
0.047315;-111.653168
0.047332;-117.156143
0.047350;-119.632019
0.047367;-118.548538
0.047385;-114.422775
0.047403;-108.668144
0.047420;-103.175797
0.047438;-99.754143
0.047455;-99.592758
0.047473;-102.909538
0.047490;-108.885674
0.047508;-115.907974
0.047525;-122.046692
0.047543;-125.627434
0.047561;-125.727562
0.047578;-122.449814
0.047596;-116.892380
0.047613;-110.823547
0.047631;-106.157906
0.047648;-104.388794
0.047666;-106.145462
0.047683;-111.006256
0.047701;-117.623146
0.047718;-124.121010
0.047736;-128.653152
0.047754;-129.948822
0.047771;-127.689919
0.047789;-122.605797
0.047806;-116.257286
0.047824;-110.574432
0.047841;-107.284485
0.047859;-107.399788
0.047876;-110.917526
0.047894;-116.820099
0.047912;-123.376381
0.047929;-128.654633
0.047947;-131.095001
0.047964;-129.972000
0.047982;-125.609932
0.047999;-119.287071
0.048017;-112.857109
0.048034;-108.199974
0.048052;-106.664490
0.048069;-108.668488
0.048087;-113.574478
0.048105;-119.878426
0.048122;-125.655037
0.048140;-129.128464
0.048157;-129.198776
0.048175;-125.768074
0.048192;-119.770103
0.048210;-112.893730
0.048227;-107.082642
0.048245;-103.959358
0.048263;-104.344139
0.048280;-108.011574
0.048298;-113.757034
0.048315;-119.753464
0.048333;-124.092659
0.048350;-125.350937
0.048368;-123.011322
0.048385;-117.617149
0.048403;-110.611404
0.048420;-103.909363
0.048438;-99.331062
0.048456;-98.061806
0.048473;-100.300583
0.048491;-105.200821
0.048508;-111.120934
0.048526;-116.110641
0.048543;-118.489052
0.048561;-117.342957
0.048578;-112.797913
0.048596;-105.981384
0.048614;-98.688942
0.048631;-92.852333
0.048649;-89.966942
0.048666;-90.648430
0.048684;-94.449951
0.048701;-99.994263
0.048719;-105.381691
0.048736;-108.753052
0.048754;-108.840843
0.048771;-105.345139
0.048789;-99.022995
0.048807;-91.464401
0.048824;-84.621284
0.048842;-80.229225
0.048859;-79.292885
0.048877;-81.788017
0.048894;-86.668320
0.048912;-92.175316
0.048929;-96.359329
0.048947;-97.657433
0.048965;-95.356873
0.048982;-89.806763
0.049000;-82.314987
0.049017;-74.760941
0.049035;-69.038719
0.049052;-66.495720
0.049070;-67.533134
0.049087;-71.486725
0.049105;-76.823433
0.049122;-81.595520
0.049140;-84.017830
0.049158;-82.997078
0.049175;-78.456238
0.049193;-71.357765
0.049210;-63.418743
0.049228;-56.602314
0.049245;-52.535854
0.049263;-52.028564
0.049280;-54.831398
0.049298;-59.710575
0.049316;-64.812958
0.049333;-68.215324
0.049351;-68.494316
0.049368;-65.148773
0.049386;-58.748566
0.049403;-50.766159
0.049421;-43.140564
0.049438;-37.702805
0.049456;-35.633213
0.049473;-37.111416
0.049491;-41.262779
0.049509;-46.417393
0.049526;-50.604843
0.049544;-52.138252
0.049561;-50.114471
0.049579;-44.682125
0.049596;-36.998039
0.049614;-28.884760
0.049631;-22.290623
0.049649;-18.712387
0.049667;-18.751459
0.049684;-21.935423
0.049702;-26.857742
0.049719;-31.594452
0.049737;-34.274345
0.049754;-33.633713
0.049772;-29.391266
0.049789;-22.331881
0.049807;-14.074466
0.049824;-6.592431
0.049842;-1.628962
0.049860;-0.180306
0.049877;-2.200294
0.049895;-6.613737
0.049912;-11.634855
0.049930;-15.296441
0.049947;-16.032997
0.049965;-13.144983
0.049982;-7.006584
0.050000;1.044764
0.050018;9.104380
0.050035;15.264629
0.050053;18.180300
0.050070;17.467445
0.050088;13.817459
0.050105;8.792413
0.050123;4.362267
0.050140;2.320995
0.050158;3.754680
0.050175;8.719244
0.050193;16.223438
0.050211;24.522196
0.050228;31.633574
0.050246;35.926044
0.050263;36.602146
0.050281;33.935093
0.050298;29.188032
0.050316;24.239958
0.050333;21.028816
0.050351;20.977043
0.050369;24.569656
0.050386;31.210085
0.050404;39.396530
0.050421;47.166752
0.050439;52.679432
0.050456;54.759941
0.050474;53.248680
0.050491;49.048649
0.050509;43.858063
0.050526;39.667202
0.050544;38.168438
0.050562;40.254452
0.050579;45.753246
0.050597;53.478699
0.050614;61.581680
0.050632;68.097893
0.050649;71.529991
0.050667;71.291489
0.050684;67.880867
0.050702;62.734081
0.050720;57.799206
0.050737;54.959072
0.050755;55.473087
0.050772;59.603642
0.050790;66.537880
0.050807;74.628250
0.050825;81.880463
0.050842;86.544456
0.050860;87.633125
0.050877;85.215149
0.050895;80.394890
0.050913;74.985382
0.050930;70.971016
0.050948;69.919388
0.050965;72.516457
0.050983;78.362740
0.051000;86.091415
0.051018;93.772942
0.051035;99.486855
0.051053;101.890877
0.051071;100.618996
0.051088;96.390167
0.051106;90.795540
0.051123;85.827087
0.051141;83.287155
0.051158;84.254189
0.051176;88.762688
0.051193;95.792641
0.051211;103.571327
0.051228;110.098587
0.051246;113.739532
0.051264;113.709160
0.051281;110.305382
0.051299;104.820900
0.051316;99.160477
0.051334;95.276375
0.051351;94.589699
0.051369;97.568886
0.051386;103.590576
0.051404;111.123833
0.051422;118.183693
0.051439;122.919235
0.051457;124.162354
0.051474;121.774033
0.051492;116.685982
0.051509;110.624786
0.051527;105.600212
0.051544;103.309746
0.051562;104.635132
0.051579;109.380760
0.051597;116.331245
0.051615;123.611290
0.051632;129.241302
0.051650;131.724045
0.051667;130.488708
0.051685;126.060226
0.051702;119.904121
0.051720;113.992401
0.051737;110.219093
0.051755;109.838837
0.051773;113.094757
0.051790;119.145958
0.051808;126.316498
0.051825;132.591721
0.051843;136.215424
0.051860;136.210419
0.051878;132.668381
0.051895;126.723129
0.051913;120.214836
0.051930;115.144730
0.051948;113.082069
0.051966;114.698723
0.051983;119.569771
0.052001;126.299026
0.052018;132.932587
0.052036;137.537796
0.052053;138.776062
0.052071;136.299911
0.052088;130.856186
0.052106;124.065208
0.052124;117.940605
0.052141;114.292702
0.052159;114.191811
0.052176;117.650658
0.052194;123.620399
0.052211;130.300995
0.052229;135.674652
0.052246;138.103760
0.052264;136.816513
0.052281;132.135895
0.052299;125.384399
0.052317;118.492340
0.052334;113.425842
0.052352;111.604195
0.052369;113.478851
0.052387;118.399422
0.052404;124.805992
0.052422;130.691315
0.052439;134.195587
0.052457;134.157776
0.052475;130.460114
0.052492;124.063278
0.052510;116.722015
0.052527;110.465363
0.052545;106.995316
0.052562;107.182190
0.052580;110.806473
0.052597;116.623489
0.052615;122.732094
0.052632;127.137939
0.052650;128.344635
0.052668;125.797569
0.052685;120.048531
0.052703;112.592659
0.052720;105.425552
0.052738;100.451973
0.052755;98.921234
0.052773;101.056770
0.052790;105.989502
0.052808;112.015213
0.052826;117.099411
0.052843;119.480331
0.052861;118.191315
0.052878;113.347496
0.052896;106.112312
0.052913;98.352867
0.052931;92.086792
0.052948;88.884399
0.052966;89.402992
0.052983;93.191864
0.053001;98.825531
0.053019;104.326035
0.053036;107.749054
0.053054;107.760338
0.053071;104.031403
0.053089;97.337349
0.053106;89.327477
0.053124;82.036743
0.053141;77.282875
0.053159;76.127396
0.053177;78.560959
0.053194;83.505638
0.053212;89.134308
0.053229;93.411980
0.053247;94.698967
0.053264;92.237114
0.053282;86.374939
0.053299;78.464653
0.053317;70.461845
0.053334;64.346024
0.053352;61.533962
0.053370;62.459641
0.053387;66.445320
0.053405;71.902184
0.053422;76.801033
0.053440;79.273666
0.053457;78.166817
0.053475;73.384232
0.053492;65.915718
0.053510;57.544067
0.053528;50.317047
0.053545;45.940521
0.053563;45.272800
0.053580;48.070026
0.053598;53.058144
0.053615;58.310326
0.053633;61.817924
0.053650;62.085976
0.053668;58.576492
0.053685;51.868385
0.053703;43.486290
0.053721;35.449039
0.053738;29.671474
0.053756;27.396955
0.053773;28.828648
0.053791;33.069035
0.053808;38.385712
0.053826;42.724659
0.053843;44.319088
0.053861;42.213306
0.053879;36.546345
0.053896;28.511171
0.053914;20.001547
0.053931;13.050961
0.053949;9.230054
0.053966;9.180962
0.053984;12.426779
0.054001;17.512642
0.054019;22.436729
0.054036;25.243542
0.054054;24.603624
0.054072;20.207933
0.054089;12.859863
0.054107;4.237541
0.054124;-3.603199
0.054142;-8.837993
0.054159;-10.414689
0.054177;-8.365387
0.054194;-3.797178
0.054212;1.435736
0.054230;5.281508
0.054247;6.098855
0.054265;3.143772
0.054282;-3.209550
0.054300;-11.579201
0.054317;-19.984737
0.054335;-26.433945
0.054352;-29.513243
0.054370;-28.806803
0.054387;-25.020023
0.054405;-19.770739
0.054423;-15.109848
0.054440;-12.913495
0.054458;-14.326788
0.054475;-19.424065
0.054493;-27.186424
0.054510;-35.803295
0.054528;-43.208790
0.054545;-47.693851
0.054563;-48.412914
0.054581;-45.634697
0.054598;-40.662811
0.054616;-35.449665
0.054633;-32.017803
0.054651;-31.860392
0.054668;-35.498333
0.054686;-42.325497
0.054703;-50.787922
0.054721;-58.844059
0.054738;-64.569641
0.054756;-66.728043
0.054774;-65.136948
0.054791;-60.722672
0.054809;-55.245819
0.054826;-50.779663
0.054844;-49.095585
0.054861;-51.137863
0.054879;-56.743427
0.054896;-64.689758
0.054914;-73.056831
0.054932;-79.795975
0.054949;-83.336929
0.054967;-83.053436
0.054984;-79.449066
0.055002;-74.008209
0.055019;-68.756386
0.055037;-65.659920
0.055054;-66.043015
0.055072;-70.194954
0.055089;-77.283989
0.055107;-85.603424
0.055125;-93.077141
0.055142;-97.874809
0.055160;-98.954460
0.055177;-96.371437
0.055195;-91.262360
0.055212;-85.508430
0.055230;-81.178032
0.055247;-79.913620
0.055265;-82.444702
0.055283;-88.371208
0.055300;-96.281685
0.055318;-104.171288
0.055335;-110.035759
0.055353;-112.465469
0.055370;-111.063385
0.055388;-106.563019
0.055405;-100.611282
0.055423;-95.280533
0.055440;-92.454514
0.055458;-93.269699
0.055476;-97.778297
0.055493;-104.932236
0.055511;-112.893570
0.055528;-119.578857
0.055546;-123.276619
0.055563;-123.154716
0.055581;-119.507233
0.055598;-113.667610
0.055616;-107.613655
0.055634;-103.381546
0.055651;-102.462112
0.055669;-105.358910
0.055686;-111.438416
0.055704;-119.117546
0.055721;-126.332542
0.055739;-131.150406
0.055756;-132.342010
0.055774;-129.746460
0.055791;-124.319183
0.055809;-117.849052
0.055827;-112.428268
0.055844;-109.832405
0.055862;-110.993912
0.055879;-115.725410
0.055897;-122.774918
0.055914;-130.196503
0.055932;-135.926941
0.055949;-138.397125
0.055967;-136.997284
0.055985;-132.258133
0.056002;-125.693703
0.056020;-119.353043
0.056037;-115.212852
0.056055;-114.591667
0.056072;-117.758682
0.056090;-123.853699
0.056107;-131.141693
0.056125;-137.526794
0.056142;-141.173447
0.056160;-141.050476
0.056178;-137.237076
0.056195;-130.899582
0.056213;-123.946136
0.056230;-118.461327
0.056248;-116.088318
0.056265;-117.541679
0.056283;-122.395248
0.056300;-129.208160
0.056318;-135.951508
0.056336;-140.609711
0.056353;-141.777756
0.056371;-139.078018
0.056388;-133.272430
0.056406;-126.037018
0.056423;-119.465401
0.056441;-115.448349
0.056458;-115.113319
0.056476;-118.489967
0.056493;-124.501137
0.056511;-131.281708
0.056529;-136.731201
0.056546;-139.136414
0.056564;-137.679306
0.056581;-132.679749
0.056599;-125.501091
0.056616;-118.146461
0.056634;-112.665131
0.056651;-110.545204
0.056669;-112.272377
0.056687;-117.185600
0.056704;-123.672813
0.056722;-129.648376
0.056739;-133.171326
0.056757;-133.020523
0.056774;-129.057114
0.056792;-122.265892
0.056809;-114.463814
0.056827;-107.761772
0.056844;-103.938934
0.056862;-103.915421
0.056880;-107.479263
0.056897;-113.348984
0.056915;-119.553070
0.056932;-124.014244
0.056950;-125.165154
0.056967;-122.413177
0.056985;-116.316391
0.057002;-108.418587
0.057020;-100.791992
0.057038;-95.423271
0.057055;-93.624641
0.057073;-95.644844
0.057090;-100.595047
0.057108;-106.712044
0.057125;-111.880661
0.057143;-114.260643
0.057160;-112.832306
0.057178;-107.699013
0.057195;-100.056992
0.057213;-91.841148
0.057231;-85.151772
0.057248;-81.632172
0.057266;-81.981476
0.057283;-85.747139
0.057301;-91.458832
0.057318;-97.063988
0.057336;-100.536102
0.057353;-100.475441
0.057371;-96.524239
0.057389;-89.473083
0.057406;-81.027000
0.057424;-73.300499
0.057441;-68.190819
0.057459;-66.815796
0.057476;-69.182152
0.057494;-74.183411
0.057511;-79.927452
0.057529;-84.297249
0.057546;-85.578430
0.057564;-82.967491
0.057582;-76.810432
0.057599;-68.500587
0.057617;-60.065994
0.057634;-53.568577
0.057652;-50.493042
0.057669;-51.306671
0.057687;-55.320637
0.057704;-60.893856
0.057722;-65.919235
0.057740;-68.448166
0.057757;-67.268204
0.057775;-62.262833
0.057792;-54.446289
0.057810;-45.663494
0.057827;-38.043449
0.057845;-33.368355
0.057862;-32.545383
0.057880;-35.337540
0.057897;-40.433689
0.057915;-45.836933
0.057933;-49.456360
0.057950;-49.726913
0.057968;-46.073494
0.057985;-39.081818
0.058003;-30.325264
0.058020;-21.898870
0.058038;-15.798601
0.058055;-13.329794
0.058073;-14.720103
0.058091;-19.051813
0.058108;-24.533567
0.058126;-29.031197
0.058143;-30.700260
0.058161;-28.532957
0.058178;-22.657167
0.058196;-14.298993
0.058213;-5.419749
0.058231;1.865077
0.058248;5.912735
0.058266;6.040192
0.058284;2.726777
0.058301;-2.527623
0.058319;-7.646932
0.058336;-10.594170
0.058354;-9.975327
0.058371;-5.452851
0.058389;2.153895
0.058406;11.111057
0.058424;19.283859
0.058442;24.769144
0.058459;26.459471
0.058477;24.371527
0.058494;19.641409
0.058512;14.188125
0.058529;10.144943
0.058547;9.227035
0.058564;12.222861
0.058582;18.760120
0.058599;27.415640
0.058617;36.136826
0.058635;42.849777
0.058652;46.073933
0.058670;45.360973
0.058687;41.427963
0.058705;35.945038
0.058722;31.040586
0.058740;28.670389
0.058757;30.037817
0.058775;35.236790
0.058793;43.223530
0.058810;52.125542
0.058828;59.796272
0.058845;64.451187
0.058863;65.196785
0.058880;62.295582
0.058898;57.088566
0.058915;51.597977
0.058933;47.927975
0.058950;47.640934
0.058968;51.294067
0.058986;58.273891
0.059003;66.977638
0.059021;75.287971
0.059038;81.200272
0.059056;83.416885
0.059073;81.731819
0.059091;77.092003
0.059108;71.316971
0.059126;66.559677
0.059144;64.668320
0.059161;66.638443
0.059179;72.317421
0.059196;80.449356
0.059214;89.046913
0.059231;95.980049
0.059249;99.607292
0.059266;99.262413
0.059284;95.451981
0.059301;89.705605
0.059319;84.122711
0.059337;80.750420
0.059354;80.976601
0.059372;85.118279
0.059389;92.327309
0.059407;100.841270
0.059424;108.505608
0.059442;113.412071
0.059459;114.464256
0.059477;111.702881
0.059495;106.293892
0.059512;100.183220
0.059530;95.520073
0.059547;94.019966
0.059565;96.456017
0.059582;102.429443
0.059600;110.487381
0.059617;118.553116
0.059635;124.541458
0.059652;126.976707
0.059670;125.430176
0.059688;120.647552
0.059705;114.328133
0.059723;108.621407
0.059740;105.489929
0.059758;106.127586
0.059775;110.605461
0.059793;117.850281
0.059810;125.962242
0.059828;132.777832
0.059846;136.510971
0.059863;136.282471
0.059881;132.380905
0.059898;126.177315
0.059916;119.719162
0.059933;115.123566
0.059951;113.949776
0.059968;116.736755
0.059986;122.843178
0.060003;130.637085
0.060021;137.979248
0.060039;142.857224
0.060056;143.981644
0.060074;141.168762
0.060091;135.395096
0.060109;128.508392
0.060126;122.680054
0.060144;119.761681
0.060161;120.736099
0.060179;125.425751
0.060197;132.544998
0.060214;140.080811
0.060232;145.889267
0.060249;148.330887
0.060267;146.756805
0.060284;141.701324
0.060302;134.723862
0.060319;127.947067
0.060337;123.427757
0.060354;122.547249
0.060372;125.601707
0.060390;131.714081
0.060407;139.093689
0.060425;145.566696
0.060442;149.220337
0.060460;148.970062
0.060477;144.881042
0.060495;138.149323
0.060512;130.747681
0.060530;124.840927
0.060548;122.144455
0.060565;123.415619
0.060583;128.228958
0.060600;135.102005
0.060618;141.934326
0.060635;146.630035
0.060653;147.718979
0.060670;144.792694
0.060688;138.625824
0.060705;130.946793
0.060723;123.925941
0.060741;119.532173
0.060758;118.949448
0.060776;122.225616
0.060793;128.257858
0.060811;135.119385
0.060828;140.630219
0.060846;143.003342
0.060863;141.374557
0.060881;136.058838
0.060899;128.457489
0.060916;120.642937
0.060934;114.744865
0.060951;112.318855
0.060969;113.885284
0.060986;118.774727
0.061004;125.326149
0.061021;131.378922
0.061039;134.913208
0.061056;134.648666
0.061074;130.424271
0.061092;123.246353
0.061109;114.990715
0.061127;107.846916
0.061144;103.669411
0.061162;103.427818
0.061179;106.919327
0.061197;112.828522
0.061214;119.116974
0.061232;123.627327
0.061250;124.722748
0.061267;121.772293
0.061285;115.338264
0.061302;107.009926
0.061320;98.932816
0.061337;93.172997
0.061355;91.104637
0.061372;93.002663
0.061390;97.960938
0.061407;104.160591
0.061425;109.408920
0.061443;111.789314
0.061460;110.229477
0.061478;104.819519
0.061495;96.785698
0.061513;88.127335
0.061530;81.024460
0.061548;77.191788
0.061565;77.370361
0.061583;81.107727
0.061601;86.891762
0.061618;92.598671
0.061636;96.122292
0.061653;95.998604
0.061671;91.839775
0.061688;84.449608
0.061706;75.585632
0.061723;67.438553
0.061741;61.983074
0.061758;60.392635
0.061776;62.691414
0.061794;67.746941
0.061811;73.605507
0.061829;78.071068
0.061846;79.356232
0.061864;76.612221
0.061881;70.180779
0.061899;61.493340
0.061916;52.647099
0.061934;45.783672
0.061952;42.454433
0.061969;43.160542
0.061987;47.204231
0.062004;52.895355
0.062022;58.052151
0.062039;60.647903
0.062057;59.411777
0.062074;54.205795
0.062092;46.066193
0.062109;36.896618
0.062127;28.904276
0.062145;23.945852
0.062162;22.977160
0.062180;25.769688
0.062197;30.978071
0.062215;36.538654
0.062232;40.281052
0.062250;40.571507
0.062267;36.797421
0.062285;29.549286
0.062303;20.446093
0.062320;11.655850
0.062338;5.253204
0.062355;2.604586
0.062373;3.963073
0.062390;8.393166
0.062408;14.047826
0.062425;18.715790
0.062443;20.476994
0.062460;18.271851
0.062478;12.215677
0.062496;3.564914
0.062513;-5.654860
0.062531;-13.249017
0.062548;-17.504230
0.062566;-17.696365
0.062583;-14.305286
0.062601;-8.872876
0.062618;-3.546216
0.062636;-0.441250
0.062654;-1.015510
0.062671;-5.635820
0.062689;-13.469156
0.062706;-22.729145
0.062724;-31.205181
0.062741;-36.917450
0.062759;-38.703732
0.062776;-36.564030
0.062794;-31.660770
0.062811;-25.974529
0.062829;-21.717089
0.062847;-20.675823
0.062864;-23.683720
0.062882;-30.372108
0.062899;-39.279491
0.062917;-48.284389
0.062934;-55.233829
0.062952;-58.581432
0.062969;-57.845825
0.062987;-53.753551
0.063005;-48.023949
0.063022;-42.859711
0.063040;-40.294060
0.063057;-41.587952
0.063075;-46.856018
0.063092;-55.032162
0.063110;-64.185165
0.063127;-72.090797
0.063145;-76.890846
0.063162;-77.644005
0.063180;-74.604988
0.063198;-69.149338
0.063215;-63.365841
0.063233;-59.437637
0.063250;-58.994957
0.063268;-62.631775
0.063285;-69.729294
0.063303;-78.639000
0.063320;-87.170937
0.063338;-93.242485
0.063356;-95.495781
0.063373;-93.700142
0.063391;-88.820793
0.063408;-82.732971
0.063426;-77.666290
0.063443;-75.543900
0.063461;-77.412262
0.063478;-83.130707
0.063496;-91.412697
0.063513;-100.206764
0.063531;-107.304321
0.063549;-110.994156
0.063566;-110.569710
0.063584;-106.538750
0.063601;-100.473091
0.063619;-94.542923
0.063636;-90.873711
0.063654;-90.916054
0.063671;-95.015488
0.063689;-102.309746
0.063707;-110.983902
0.063724;-118.807968
0.063742;-123.797760
0.063759;-124.802971
0.063777;-121.848343
0.063794;-116.126595
0.063812;-109.645088
0.063829;-104.631111
0.063847;-102.871620
0.063864;-105.183456
0.063882;-111.170898
0.063900;-119.342529
0.063917;-127.553009
0.063935;-133.638687
0.063952;-136.058899
0.063970;-134.352722
0.063987;-129.275818
0.064005;-122.576828
0.064022;-116.479233
0.064040;-113.022362
0.064058;-113.456894
0.064075;-117.873886
0.064093;-125.177391
0.064110;-133.408966
0.064128;-140.327881
0.064145;-144.075165
0.064163;-143.724670
0.064180;-139.557831
0.064198;-132.980545
0.064215;-126.106682
0.064233;-121.131760
0.064251;-119.682114
0.064268;-122.332741
0.064286;-128.436432
0.064303;-136.315369
0.064321;-143.758057
0.064338;-148.674683
0.064356;-149.716537
0.064373;-146.675964
0.064391;-140.548248
0.064409;-133.236786
0.064426;-126.989319
0.064444;-123.731636
0.064461;-124.496712
0.064479;-129.118286
0.064496;-136.279755
0.064514;-143.904175
0.064531;-149.769547
0.064549;-152.167465
0.064566;-150.409637
0.064584;-145.032089
0.064602;-137.636673
0.064619;-130.416519
0.064637;-125.506218
0.064654;-124.349007
0.064672;-127.268845
0.064689;-133.374100
0.064707;-140.821518
0.064724;-147.362228
0.064742;-151.008347
0.064760;-150.622131
0.064777;-146.253555
0.064795;-139.125778
0.064812;-131.272949
0.064830;-124.937469
0.064847;-121.905457
0.064865;-122.977188
0.064882;-127.729645
0.064900;-134.641602
0.064917;-141.544250
0.064935;-146.263824
0.064953;-147.266037
0.064970;-144.110931
0.064988;-137.583679
0.065005;-129.462204
0.065023;-121.990417
0.065040;-117.213379
0.065058;-116.371040
0.065075;-119.530502
0.065093;-125.565933
0.065111;-132.491898
0.065128;-138.051697
0.065146;-140.386185
0.065163;-138.584961
0.065181;-132.956589
0.065198;-124.937408
0.065216;-116.666206
0.065233;-110.350410
0.065251;-107.612015
0.065268;-109.006546
0.065286;-113.858238
0.065304;-120.460052
0.065321;-126.579369
0.065339;-130.119659
0.065356;-129.742050
0.065374;-125.262352
0.065391;-117.706032
0.065409;-109.004662
0.065426;-101.423645
0.065444;-96.890938
0.065462;-96.425529
0.065479;-99.835220
0.065497;-105.773331
0.065514;-112.137611
0.065532;-116.693230
0.065549;-117.735138
0.065567;-114.593750
0.065584;-107.833694
0.065602;-99.086823
0.065619;-90.568962
0.065637;-84.423256
0.065655;-82.085060
0.065672;-83.856300
0.065690;-88.815819
0.065707;-95.092110
0.065725;-100.417831
0.065742;-102.801880
0.065760;-101.119629
0.065777;-95.446663
0.065795;-87.036674
0.065813;-77.950340
0.065830;-70.444733
0.065848;-66.304535
0.065865;-66.312912
0.065883;-70.019295
0.065900;-75.872566
0.065918;-81.680679
0.065935;-85.260277
0.065953;-85.083916
0.065970;-80.733063
0.065988;-73.022522
0.066006;-63.759377
0.066023;-55.207645
0.066041;-49.417450
0.066058;-47.617424
0.066076;-49.850338
0.066093;-54.960236
0.066111;-60.934830
0.066128;-65.501778
0.066146;-66.802284
0.066164;-63.942177
0.066181;-57.257355
0.066199;-48.214600
0.066216;-38.977222
0.066234;-31.764128
0.066251;-28.192223
0.066269;-28.797091
0.066286;-32.874058
0.066304;-38.686813
0.066321;-43.981884
0.066339;-46.656521
0.066357;-45.382088
0.066374;-39.998184
0.066392;-31.560572
0.066409;-22.028677
0.066427;-13.685141
0.066444;-8.459413
0.066462;-7.355857
0.066479;-10.155915
0.066497;-15.482656
0.066515;-21.208691
0.066532;-25.086636
0.066550;-25.415300
0.066567;-21.544180
0.066585;-14.066625
0.066602;-4.644407
0.066620;4.484465
0.066637;11.168842
0.066655;13.981972
0.066672;12.644475
0.066690;8.107373
0.066708;2.270422
0.066725;-2.580832
0.066743;-4.452478
0.066760;-2.233428
0.066778;3.974937
0.066795;12.888389
0.066813;22.420099
0.066830;30.298872
0.066848;34.742184
0.066866;34.984554
0.066883;31.504631
0.066901;25.883503
0.066918;20.336296
0.066936;17.055656
0.066953;17.561743
0.066971;22.251373
0.066988;30.280025
0.067006;39.811729
0.067023;48.562881
0.067041;54.478951
0.067059;56.343330
0.067076;54.138134
0.067094;49.049706
0.067111;43.117161
0.067129;38.628181
0.067146;37.440861
0.067164;40.432800
0.067181;47.240589
0.067199;56.367149
0.067217;65.625046
0.067234;72.784615
0.067252;76.234695
0.067269;75.460297
0.067287;71.195404
0.067304;65.205673
0.067322;59.765274
0.067339;56.982853
0.067357;58.176418
0.067374;63.482330
0.067392;71.814568
0.067410;81.186165
0.067427;89.297844
0.067445;94.219383
0.067462;94.961700
0.067480;91.770271
0.067497;86.052475
0.067515;79.960808
0.067532;75.754875
0.067550;75.131660
0.067568;78.722275
0.067585;85.904541
0.067603;94.987038
0.067620;103.710022
0.067638;109.915047
0.067655;112.184677
0.067673;110.262703
0.067690;105.130363
0.067708;98.715675
0.067725;93.322205
0.067743;90.946312
0.067761;92.685204
0.067778;98.411499
0.067796;106.810562
0.067813;115.769768
0.067831;123.004456
0.067848;126.734985
0.067866;126.214256
0.067883;121.949371
0.067901;115.551636
0.067919;109.259132
0.067936;105.273438
0.067954;105.107071
0.067971;109.134888
0.067989;116.482620
0.068006;125.285667
0.068024;133.241394
0.068041;138.291565
0.068059;139.232300
0.068076;136.071182
0.068094;130.025177
0.068112;123.160263
0.068129;117.779175
0.068147;115.738937
0.068164;117.900238
0.068182;123.872017
0.068199;132.127045
0.068217;140.454239
0.068234;146.613800
0.068252;149.001022
0.068270;147.122131
0.068287;141.740829
0.068305;134.652222
0.068322;128.150970
0.068340;124.351265
0.068357;124.560089
0.068375;128.889542
0.068392;136.223389
0.068410;144.547409
0.068427;151.546265
0.068445;155.289658
0.068463;154.804504
0.068480;150.363586
0.068498;143.405029
0.068515;136.106277
0.068533;130.738861
0.068550;128.995132
0.068568;131.486542
0.068585;137.561935
0.068603;145.500397
0.068621;153.020981
0.068638;157.958572
0.068656;158.905731
0.068673;155.629990
0.068691;149.143066
0.068708;141.401291
0.068726;134.725983
0.068743;131.115494
0.068761;131.652817
0.068778;136.184326
0.068796;143.365021
0.068814;151.056839
0.068831;156.962234
0.068849;159.305099
0.068866;157.357330
0.068884;151.654907
0.068901;143.839447
0.068919;136.171738
0.068936;130.862015
0.068954;129.414627
0.068971;132.182159
0.068989;138.260544
0.069007;145.756729
0.069024;152.349579
0.069042;155.977722
0.069059;155.450699
0.069077;150.801941
0.069094;143.279327
0.069112;134.975540
0.069129;128.208069
0.069147;124.832367
0.069165;125.691818
0.069182;130.367538
0.069200;137.302185
0.069217;144.261353
0.069235;148.995682
0.069252;149.907608
0.069270;146.525070
0.069287;139.641754
0.069305;131.082214
0.069323;123.161316
0.069340;117.998383
0.069358;116.888863
0.069375;119.920280
0.069393;125.946083
0.069410;132.925034
0.069428;138.526245
0.069445;140.819901
0.069463;138.849487
0.069480;132.915482
0.069498;124.486794
0.069516;115.765617
0.069533;109.035019
0.069551;105.982231
0.069568;107.198463
0.069586;112.003540
0.069603;118.647087
0.069621;124.827301
0.069638;128.372925
0.069656;127.887093
0.069674;123.161514
0.069691;115.238586
0.069709;106.102760
0.069726;98.092796
0.069744;93.208504
0.069761;92.518127
0.069779;95.841484
0.069796;101.803139
0.069814;108.239830
0.069831;112.841568
0.069849;113.836319
0.069867;110.515450
0.069884;103.444122
0.069902;94.294167
0.069919;85.348854
0.069937;78.826431
0.069954;76.222641
0.069972;77.867310
0.069989;82.826347
0.070007;89.178360
0.070025;94.584015
0.070042;96.979393
0.070060;95.187859
0.070077;89.269127
0.070095;80.501976
0.070112;71.005569
0.070130;63.111668
0.070147;58.673595
0.070165;58.516884
0.070182;62.194439
0.070200;68.118805
0.070218;74.032486
0.070235;77.676987
0.070253;77.462349
0.070270;72.938629
0.070288;64.929665
0.070305;55.289280
0.070323;46.352188
0.070340;40.242134
0.070358;38.242523
0.070376;40.415852
0.070393;45.584995
0.070411;51.681873
0.070428;56.360317
0.070446;57.691509
0.070463;54.735844
0.070481;47.821804
0.070498;38.449009
0.070516;28.844090
0.070533;21.301016
0.070551;17.501257
0.070569;18.015352
0.070586;22.133619
0.070604;28.076279
0.070621;33.520817
0.070639;36.290340
0.070656;34.998951
0.070674;29.462811
0.070691;20.755028
0.070709;10.888012
0.070727;2.217312
0.070744;-3.256372
0.070762;-4.480193
0.070779;-1.661352
0.070797;3.794098
0.070814;9.697815
0.070832;13.727696
0.070849;14.116219
0.070867;10.174568
0.070884;2.497175
0.070902;-7.214058
0.070920;-16.653830
0.070937;-23.596476
0.070955;-26.555574
0.070972;-25.224617
0.070990;-20.568031
0.071007;-14.535557
0.071025;-9.484469
0.071042;-7.480898
0.071060;-9.687239
0.071078;-16.017315
0.071095;-25.161493
0.071113;-34.974476
0.071130;-43.110836
0.071148;-47.720093
0.071165;-47.995171
0.071183;-44.411823
0.071200;-38.587791
0.071218;-32.803520
0.071235;-29.326307
0.071253;-29.738134
0.071271;-34.466541
0.071288;-42.657513
0.071306;-52.428177
0.071323;-61.424564
0.071341;-67.519112
0.071358;-69.441193
0.071376;-67.153923
0.071393;-61.865215
0.071411;-55.670033
0.071429;-50.929535
0.071446;-49.571224
0.071464;-52.517391
0.071481;-59.411476
0.071499;-68.723289
0.071516;-78.202217
0.071534;-85.543999
0.071551;-89.073654
0.071569;-88.241989
0.071586;-83.788551
0.071604;-77.522667
0.071622;-71.787361
0.071639;-68.764870
0.071657;-69.829765
0.071674;-75.141212
0.071692;-83.595398
0.071709;-93.152382
0.071727;-101.440292
0.071744;-106.458328
0.071762;-107.169731
0.071780;-103.809204
0.071797;-97.813667
0.071815;-91.396492
0.071832;-86.891594
0.071850;-86.061676
0.071867;-89.575409
0.071885;-96.809044
0.071902;-106.030800
0.071920;-114.913864
0.071937;-121.225845
0.071955;-123.490372
0.071973;-121.424835
0.071990;-116.024353
0.072008;-109.267052
0.072025;-103.528008
0.072043;-100.875153
0.072060;-102.456337
0.072078;-108.158745
0.072095;-116.642006
0.072113;-125.735069
0.072131;-133.079468
0.072148;-136.828293
0.072166;-136.193604
0.072183;-131.680222
0.072201;-124.936394
0.072218;-118.265388
0.072236;-113.942970
0.072253;-113.542793
0.072271;-117.469765
0.072288;-124.839638
0.072306;-133.740829
0.072324;-141.800568
0.072341;-146.888229
0.072359;-147.746658
0.072376;-144.365128
0.072394;-137.982590
0.072411;-130.720917
0.072429;-124.955978
0.072446;-122.613564
0.072464;-124.598412
0.072482;-130.525665
0.072499;-138.834778
0.072517;-147.251526
0.072534;-153.462067
0.072552;-155.798599
0.072569;-153.733841
0.072587;-148.037628
0.072604;-140.548920
0.072622;-133.631027
0.072639;-129.471237
0.072657;-129.432388
0.072675;-133.648727
0.072692;-140.985779
0.072710;-149.376358
0.072727;-156.432892
0.072745;-160.155136
0.072762;-159.522980
0.072780;-154.799255
0.072797;-147.451828
0.072815;-139.719025
0.072833;-133.946320
0.072850;-131.891068
0.072868;-134.201599
0.072885;-140.224655
0.072903;-148.198822
0.072920;-155.776184
0.072938;-160.718277
0.072955;-161.559433
0.072973;-158.041473
0.072990;-151.190536
0.073008;-143.013153
0.073026;-135.901825
0.073043;-131.925980
0.073061;-132.218475
0.073078;-136.639664
0.073096;-143.818451
0.073113;-151.558411
0.073131;-157.488556
0.073148;-159.766220
0.073166;-157.623154
0.073184;-151.593704
0.073201;-143.356628
0.073219;-135.237854
0.073236;-129.521240
0.073254;-127.771660
0.073271;-130.371017
0.073289;-136.404816
0.073306;-143.932892
0.073324;-150.564209
0.073341;-154.165634
0.073359;-153.494141
0.073377;-148.565491
0.073394;-140.649994
0.073412;-131.896255
0.073429;-124.694534
0.073447;-120.968422
0.073464;-121.604637
0.073482;-126.189926
0.073499;-133.133331
0.073517;-140.137451
0.073535;-144.879333
0.073552;-145.698944
0.073570;-142.091522
0.073587;-134.857330
0.073605;-125.865021
0.073622;-117.497925
0.073640;-111.947823
0.073657;-110.565376
0.073675;-113.459587
0.073692;-119.465263
0.073710;-126.488121
0.073728;-132.125366
0.073745;-134.377853
0.073763;-132.242767
0.073780;-126.011223
0.073798;-117.182259
0.073815;-108.018906
0.073833;-100.877670
0.073850;-97.510147
0.073868;-98.543785
0.073886;-103.295685
0.073903;-109.974777
0.073921;-116.212479
0.073938;-119.764709
0.073956;-119.177063
0.073973;-114.216217
0.073991;-105.939400
0.074008;-96.381454
0.074026;-87.951942
0.074043;-82.721199
0.074061;-81.806641
0.074079;-85.041389
0.074096;-91.023567
0.074114;-97.531540
0.074131;-102.182327
0.074149;-103.137909
0.074166;-99.650299
0.074184;-92.283478
0.074201;-82.746719
0.074219;-73.388275
0.074237;-66.499573
0.074254;-63.636143
0.074272;-65.156448
0.074289;-70.115463
0.074307;-76.544540
0.074324;-82.034737
0.074342;-84.450859
0.074359;-82.564438
0.074377;-76.418152
0.074394;-67.313591
0.074412;-57.425846
0.074430;-49.159092
0.074447;-44.434155
0.074465;-44.119171
0.074482;-47.772099
0.074500;-53.771538
0.074517;-59.797100
0.074535;-63.517136
0.074552;-63.279892
0.074570;-58.603363
0.074588;-50.318508
0.074605;-40.323402
0.074623;-31.020950
0.074640;-24.606901
0.074658;-22.419096
0.074675;-24.540833
0.074693;-29.775940
0.074710;-36.003174
0.074728;-40.804794
0.074745;-42.183216
0.074763;-39.153305
0.074781;-32.034687
0.074798;-22.357441
0.074816;-12.408944
0.074833;-4.556198
0.074851;-0.544370
0.074868;-0.979476
0.074886;-5.148602
0.074903;-11.231000
0.074921;-16.837597
0.074939;-19.719080
0.074956;-18.432730
0.074974;-12.770329
0.074991;-3.820258
0.075009;6.354668
0.075026;15.328304
0.075044;21.030085
0.075061;22.358711
0.075079;19.508703
0.075096;13.912947
0.075114;7.818161
0.075132;3.619085
0.075149;3.148586
0.075167;7.134191
0.075184;14.982073
0.075202;24.952656
0.075219;34.675842
0.075237;41.853271
0.075254;44.939453
0.075272;43.599907
0.075290;38.810513
0.075307;32.568451
0.075325;27.300365
0.075342;25.143129
0.075360;27.310305
0.075377;33.732124
0.075395;43.075779
0.075412;53.140068
0.075430;61.507496
0.075447;66.260719
0.075465;66.550812
0.075483;62.849064
0.075500;56.807484
0.075518;50.769329
0.075535;47.074642
0.075553;47.366547
0.075570;52.103981
0.075588;60.425335
0.075605;70.403351
0.075623;79.616089
0.075641;85.864532
0.075658;87.824333
0.075676;85.438492
0.075693;79.934402
0.075711;73.460297
0.075728;68.448608
0.075746;66.895027
0.075763;69.766716
0.075781;76.715385
0.075798;86.180107
0.075816;95.849586
0.075834;103.346977
0.075851;106.934288
0.075869;106.027542
0.075886;101.370087
0.075904;94.812469
0.075921;88.764122
0.075939;85.479225
0.075956;86.388519
0.075974;91.674911
0.075992;100.218903
0.076009;109.930038
0.076027;118.366226
0.076044;123.457344
0.076062;124.118919
0.076079;120.573624
0.076097;114.285576
0.076114;107.526566
0.076132;102.702774
0.076149;101.641617
0.076167;105.049858
0.076185;112.303802
0.076202;121.633759
0.076220;130.648315
0.076237;137.042862
0.076255;139.282623
0.076272;137.057770
0.076290;131.375320
0.076307;124.261093
0.076325;118.159210
0.076343;115.207901
0.076360;116.605476
0.076378;122.254951
0.076395;130.792389
0.076413;139.990845
0.076430;147.420197
0.076448;151.167267
0.076465;150.403015
0.076483;145.628372
0.076500;138.526169
0.076518;131.462402
0.076536;126.785194
0.076553;126.128723
0.076571;129.928589
0.076588;137.292526
0.076606;146.264343
0.076623;154.403625
0.076641;159.508789
0.076658;160.269669
0.076676;156.656052
0.076694;149.926865
0.076711;142.257309
0.076729;136.094254
0.076746;133.431122
0.076764;135.216797
0.076781;141.074203
0.076799;149.411667
0.076816;157.894470
0.076834;164.136490
0.076851;166.407654
0.076869;164.146622
0.076887;158.127518
0.076904;150.230759
0.076922;142.885971
0.076939;138.351883
0.076957;138.046814
0.076974;142.128174
0.076992;149.445358
0.077009;157.880600
0.077027;164.976318
0.077045;168.663620
0.077062;167.875427
0.077080;162.863007
0.077097;155.121964
0.077115;146.948959
0.077132;140.761337
0.077150;138.380707
0.077167;140.492645
0.077185;146.443542
0.077202;154.433792
0.077220;162.051071
0.077238;166.985092
0.077255;167.712555
0.077273;163.948685
0.077290;156.732025
0.077308;148.116898
0.077325;140.564713
0.077343;136.214615
0.077360;136.249268
0.077378;140.544250
0.077396;147.704529
0.077413;155.477783
0.077431;161.421707
0.077448;163.627991
0.077466;161.287979
0.077483;154.932693
0.077501;146.275787
0.077518;137.705841
0.077536;131.578629
0.077553;129.518906
0.077571;131.938690
0.077589;137.914871
0.077606;145.462570
0.077624;152.123306
0.077641;155.693497
0.077659;154.877762
0.077676;149.673141
0.077694;141.370255
0.077711;132.171051
0.077729;124.536591
0.077747;120.457451
0.077764;120.863907
0.077782;125.349800
0.077799;132.292801
0.077817;139.335037
0.077834;144.081726
0.077852;144.811188
0.077869;140.985229
0.077887;133.409012
0.077904;123.992805
0.077922;115.186058
0.077940;109.251572
0.077957;107.594826
0.077975;110.347321
0.077992;116.327271
0.078010;123.389755
0.078027;129.062241
0.078045;131.277466
0.078062;128.986328
0.078080;122.469048
0.078098;113.252640
0.078115;103.658501
0.078133;96.114731
0.078150;92.436394
0.078168;93.287651
0.078185;97.984619
0.078203;104.697845
0.078220;110.994392
0.078238;114.558861
0.078255;113.879883
0.078273;108.698135
0.078291;100.083778
0.078308;90.119522
0.078326;81.283623
0.078343;75.715591
0.078361;74.581963
0.078378;77.730453
0.078396;83.734894
0.078413;90.317696
0.078431;95.024887
0.078449;95.953423
0.078466;92.315514
0.078484;84.672485
0.078501;74.768677
0.078519;65.014931
0.078536;57.774155
0.078554;54.661102
0.078571;56.063663
0.078589;61.027729
0.078606;67.539764
0.078624;73.123497
0.078642;75.573845
0.078659;73.610649
0.078677;67.258423
0.078694;57.839493
0.078712;47.582390
0.078729;38.961697
0.078747;33.964691
0.078764;33.502331
0.078782;37.139122
0.078800;43.221962
0.078817;49.369984
0.078835;53.180149
0.078852;52.939606
0.078870;48.133617
0.078887;39.598515
0.078905;29.274199
0.078922;19.629513
0.078940;12.930712
0.078957;10.569806
0.078975;12.651887
0.078993;17.963791
0.079010;24.333494
0.079028;29.273783
0.079045;30.719482
0.079063;27.639780
0.079080;20.344070
0.079098;10.390675
0.079115;0.125326
0.079133;-8.013805
0.079151;-12.218657
0.079168;-11.847208
0.079186;-7.613927
0.079203;-1.378197
0.079221;4.406647
0.079238;7.420455
0.079256;6.164076
0.079273;0.403998
0.079291;-8.758061
0.079308;-19.211296
0.079326;-28.461115
0.079344;-34.368343
0.079361;-35.783230
0.079379;-32.886356
0.079396;-27.135294
0.079414;-20.832750
0.079431;-16.444164
0.079449;-15.866861
0.079466;-19.867493
0.079484;-27.854422
0.079502;-38.052689
0.079519;-48.029751
0.079537;-55.416191
0.079554;-58.607975
0.079572;-57.241875
0.079589;-52.303371
0.079607;-45.834694
0.079624;-40.329681
0.079642;-37.994610
0.079659;-40.094078
0.079677;-46.575909
0.079695;-56.086182
0.079712;-66.370186
0.079730;-74.940384
0.079747;-79.813560
0.079765;-80.098663
0.079782;-76.261032
0.079800;-69.984711
0.079817;-63.673412
0.079835;-59.738197
0.079853;-59.882717
0.079870;-64.598007
0.079888;-73.016586
0.079905;-83.169197
0.079923;-92.568138
0.079940;-98.944405
0.079958;-100.920174
0.079975;-98.417259
0.079993;-92.680565
0.080010;-85.909187
0.080028;-80.604813
0.080046;-78.830200
0.080063;-81.597572
0.080081;-88.568283
0.080098;-98.152847
0.080116;-107.981674
0.080133;-115.607117
0.080151;-119.228935
0.080168;-118.227829
0.080186;-113.349266
0.080204;-106.482666
0.080221;-100.101654
0.080239;-96.530846
0.080256;-97.256783
0.080274;-102.487038
0.080291;-111.088356
0.080309;-120.922226
0.080326;-129.478287
0.080344;-134.618408
0.080361;-135.210327
0.080379;-131.463455
0.080397;-124.866936
0.080414;-117.748611
0.080432;-112.585106
0.080449;-111.267708
0.080467;-114.541664
0.080484;-121.784912
0.080502;-131.192230
0.080519;-140.309784
0.080537;-146.762360
0.080555;-148.957336
0.080572;-146.556778
0.080590;-140.577835
0.080607;-133.091522
0.080625;-126.609047
0.080642;-123.337524
0.080660;-124.525726
0.080677;-130.093597
0.080695;-138.655807
0.080712;-147.931824
0.080730;-155.421738
0.080748;-159.147171
0.080765;-158.237579
0.080783;-153.188599
0.080800;-145.715378
0.080818;-138.244385
0.080835;-133.194382
0.080853;-132.259460
0.080870;-135.906723
0.080888;-143.237518
0.080906;-152.253540
0.080923;-160.448700
0.080941;-165.551987
0.080958;-166.200394
0.080976;-162.343201
0.080993;-155.257263
0.081011;-147.168762
0.081028;-140.593628
0.081046;-137.591797
0.081063;-139.156555
0.081081;-144.919952
0.081099;-153.261444
0.081116;-161.787994
0.081134;-168.043152
0.081151;-170.235107
0.081169;-167.767883
0.081186;-161.418335
0.081204;-153.105988
0.081221;-145.324554
0.081239;-140.402725
0.081257;-139.814087
0.081274;-143.740036
0.081292;-151.015839
0.081309;-159.475433
0.081327;-166.593384
0.081344;-170.233215
0.081362;-169.280731
0.081379;-163.974625
0.081397;-155.835800
0.081414;-147.217117
0.081432;-140.606003
0.081450;-137.887329
0.081467;-139.784622
0.081485;-145.645340
0.081502;-153.634033
0.081520;-161.276047
0.081537;-166.191055
0.081555;-166.798416
0.081572;-162.785934
0.081590;-155.202774
0.081608;-146.148651
0.081625;-138.151871
0.081643;-133.419983
0.081660;-133.185486
0.081678;-137.340302
0.081695;-144.467575
0.081713;-152.261337
0.081730;-158.209915
0.081748;-160.340210
0.081765;-157.802841
0.081783;-151.124069
0.081801;-142.050156
0.081818;-133.030106
0.081836;-126.490021
0.081853;-124.113945
0.081871;-126.344704
0.081888;-132.252396
0.081906;-139.809769
0.081923;-146.492859
0.081941;-150.029114
0.081959;-149.070969
0.081976;-143.595566
0.081994;-134.911880
0.082011;-125.272995
0.082029;-117.208679
0.082046;-112.775581
0.082064;-112.947678
0.082081;-117.327385
0.082099;-124.263184
0.082116;-131.338867
0.082134;-136.089676
0.082152;-136.732803
0.082169;-132.696106
0.082187;-124.787903
0.082204;-114.957878
0.082222;-105.719414
0.082239;-99.404900
0.082257;-97.474380
0.082274;-100.082756
0.082292;-106.033623
0.082310;-113.133713
0.082327;-118.842758
0.082345;-121.026482
0.082362;-118.589310
0.082380;-111.799408
0.082397;-102.209564
0.082415;-92.197319
0.082432;-84.260490
0.082450;-80.276962
0.082467;-80.948067
0.082485;-85.590515
0.082503;-92.338684
0.082520;-98.697472
0.082538;-102.281761
0.082555;-101.523407
0.082573;-96.136414
0.082590;-87.201935
0.082608;-76.848289
0.082625;-67.620407
0.082643;-61.725723
0.082661;-60.379929
0.082678;-63.446510
0.082696;-69.477028
0.082713;-76.140236
0.082731;-80.912987
0.082748;-81.828087
0.082766;-78.057610
0.082783;-70.158607
0.082801;-59.908413
0.082818;-49.778206
0.082836;-42.200779
0.082854;-38.849609
0.082871;-40.142746
0.082889;-45.118778
0.082906;-51.721550
0.082924;-57.409504
0.082941;-59.908974
0.082959;-57.888248
0.082976;-51.352573
0.082994;-41.642990
0.083012;-31.039263
0.083029;-22.084433
0.083047;-16.831272
0.083064;-16.233826
0.083082;-19.864531
0.083099;-26.040749
0.083117;-32.323334
0.083134;-36.239513
0.083152;-36.015945
0.083169;-31.104534
0.083187;-22.345276
0.083205;-11.717690
0.083222;-1.754431
0.083240;5.209132
0.083257;7.727057
0.083275;5.671467
0.083292;0.270627
0.083310;-6.254931
0.083327;-11.350465
0.083345;-12.884264
0.083363;-9.779686
0.083380;-2.334589
0.083398;7.866549
0.083415;18.421883
0.083433;26.823809
0.083450;31.202078
0.083468;30.878159
0.083485;26.566481
0.083503;20.162870
0.083520;14.182778
0.083538;11.015740
0.083556;12.216990
0.083573;18.046215
0.083591;27.390205
0.083608;38.092411
0.083626;47.591805
0.083643;53.681751
0.083661;55.164036
0.083678;52.204082
0.083696;46.282135
0.083714;39.754646
0.083731;35.155975
0.083749;34.447090
0.083766;38.434177
0.083784;46.529289
0.083801;56.924252
0.083819;67.126236
0.083836;74.696358
0.083854;77.972450
0.083871;76.561813
0.083889;71.457726
0.083907;64.745285
0.083924;58.983475
0.083942;56.446728
0.083959;58.450619
0.083977;64.961647
0.083994;74.606766
0.084012;85.079994
0.084029;93.825607
0.084047;98.795433
0.084065;99.056015
0.084082;95.065338
0.084100;88.537338
0.084117;81.934052
0.084135;77.735939
0.084152;77.706604
0.084170;82.369812
0.084187;90.853943
0.084205;101.149925
0.084222;110.706375
0.084240;117.185654
0.084258;119.156616
0.084275;116.518974
0.084293;110.533173
0.084310;103.446983
0.084328;97.829430
0.084345;95.809341
0.084363;98.444130
0.084380;105.406181
0.084398;115.079521
0.084416;125.038406
0.084433;132.766144
0.084451;136.400879
0.084468;135.287460
0.084486;130.171844
0.084503;122.980263
0.084521;116.248344
0.084538;112.369720
0.084556;112.886467
0.084573;118.031708
0.084591;126.660309
0.084609;136.587799
0.084626;145.237671
0.084644;150.404800
0.084661;150.909119
0.084679;146.945496
0.084696;140.026154
0.084714;132.532806
0.084731;127.010681
0.084749;125.414246
0.084767;128.527634
0.084784;135.732025
0.084802;145.188629
0.084819;154.383438
0.084837;160.872192
0.084854;163.004700
0.084872;160.414185
0.084889;154.126190
0.084907;146.254791
0.084924;139.376175
0.084942;135.765259
0.084960;136.721115
0.084977;142.181854
0.084995;150.742584
0.085012;160.071472
0.085030;167.600677
0.085047;171.287399
0.085065;170.219345
0.085082;164.885406
0.085100;157.030960
0.085118;149.140793
0.085135;143.702759
0.085153;142.470367
0.085170;145.942810
0.085188;153.216873
0.085205;162.254166
0.085223;170.485123
0.085240;175.570419
0.085258;176.094482
0.085275;171.985077
0.085293;164.535034
0.085311;156.019394
0.085328;149.021210
0.085346;145.666000
0.085363;146.991714
0.085381;152.640778
0.085398;160.965820
0.085416;169.517746
0.085433;175.771271
0.085451;177.873627
0.085469;175.193604
0.085486;168.509109
0.085504;159.776703
0.085521;151.552063
0.085539;146.232559
0.085556;145.346695
0.085574;149.100845
0.085591;156.317871
0.085609;164.785751
0.085626;171.912979
0.085644;175.496582
0.085662;174.375244
0.085679;168.773651
0.085697;160.236298
0.085714;151.169846
0.085732;144.130173
0.085749;141.064774
0.085767;142.735428
0.085784;148.492279
0.085802;156.466080
0.085820;164.122101
0.085837;169.011200
0.085855;169.495865
0.085872;165.235733
0.085890;157.288773
0.085907;147.797943
0.085925;139.356476
0.085942;134.239227
0.085960;133.728439
0.085977;137.733551
0.085995;144.817810
0.086013;152.623825
0.086030;158.572220
0.086048;160.626068
0.086065;157.894806
0.086083;150.898514
0.086100;141.414047
0.086118;131.948730
0.086135;124.997360
0.086153;122.302887
0.086171;124.339645
0.086188;130.172577
0.086206;137.734192
0.086223;144.437134
0.086241;147.941010
0.086258;146.846237
0.086276;141.109039
0.086293;132.054840
0.086311;121.985710
0.086328;113.498306
0.086346;108.714424
0.086364;108.652000
0.086381;112.923325
0.086399;119.849655
0.086416;126.958725
0.086434;131.717255
0.086451;132.282013
0.086469;128.046188
0.086486;119.819786
0.086504;109.589684
0.086522;99.931236
0.086539;93.245010
0.086557;91.045441
0.086574;93.511787
0.086592;99.434807
0.086609;106.575020
0.086627;112.326309
0.086644;114.488426
0.086662;111.919159
0.086679;104.873375
0.086697;94.927704
0.086715;84.513611
0.086732;76.197044
0.086750;71.917999
0.086767;72.415451
0.086785;77.008194
0.086802;83.796593
0.086820;90.225380
0.086837;93.841072
0.086855;93.019226
0.086873;87.446205
0.086890;78.212502
0.086908;67.489845
0.086925;57.887932
0.086943;51.681026
0.086960;50.133976
0.086978;53.127163
0.086995;59.191853
0.087013;65.945259
0.087030;70.796753
0.087048;71.715790
0.087066;67.833908
0.087083;59.702507
0.087101;49.129803
0.087118;38.645256
0.087136;30.750071
0.087153;27.175993
0.087171;28.371960
0.087188;33.370892
0.087206;40.076164
0.087224;45.882889
0.087241;48.450008
0.087259;46.394314
0.087276;39.700760
0.087294;29.727243
0.087311;18.802586
0.087329;9.536536
0.087346;4.046457
0.087364;3.329757
0.087381;6.968145
0.087399;13.251437
0.087417;19.684299
0.087434;23.725796
0.087452;23.542604
0.087469;18.552666
0.087487;9.598049
0.087504;-1.304226
0.087522;-11.559673
0.087539;-18.765100
0.087557;-21.420832
0.087575;-19.375263
0.087592;-13.869957
0.087610;-7.171824
0.087627;-1.901317
0.087645;-0.255707
0.087662;-3.357629
0.087680;-10.922020
0.087697;-21.340204
0.087715;-32.156342
0.087732;-40.795010
0.087750;-45.324425
0.087768;-45.029049
0.087785;-40.621735
0.087803;-34.032711
0.087820;-27.837524
0.087838;-24.493738
0.087855;-25.612377
0.087873;-31.480146
0.087890;-40.974094
0.087908;-51.894047
0.087926;-61.614407
0.087943;-67.862183
0.087961;-69.390594
0.087978;-66.348816
0.087996;-60.237808
0.088013;-53.465706
0.088031;-48.634075
0.088048;-47.766819
0.088066;-51.710030
0.088083;-59.880917
0.088101;-70.440132
0.088119;-80.836601
0.088136;-88.563377
0.088154;-91.900627
0.088171;-90.425385
0.088189;-85.137108
0.088206;-78.161659
0.088224;-72.121231
0.088241;-69.357292
0.088259;-71.236313
0.088277;-77.744553
0.088294;-87.491707
0.088312;-98.122635
0.088329;-107.015144
0.088347;-112.056984
0.088364;-112.271957
0.088382;-108.109383
0.088399;-101.311127
0.088417;-94.395439
0.088434;-89.910683
0.088452;-89.679924
0.088470;-94.260338
0.088487;-102.777733
0.088505;-113.185295
0.088522;-122.869934
0.088540;-129.426575
0.088557;-131.370972
0.088575;-128.579727
0.088592;-122.327072
0.088610;-114.907326
0.088628;-108.955109
0.088645;-106.664345
0.088663;-109.137871
0.088680;-116.060349
0.088698;-125.791229
0.088715;-135.850754
0.088733;-143.654724
0.088750;-147.280273
0.088768;-146.035904
0.088785;-140.666565
0.088803;-133.133148
0.088821;-126.031433
0.088838;-121.822701
0.088856;-122.104301
0.088873;-127.135788
0.088891;-135.761841
0.088908;-145.754227
0.088926;-154.472000
0.088943;-159.644165
0.088961;-160.042740
0.088979;-155.846848
0.088996;-148.589981
0.089014;-140.705566
0.089031;-134.805862
0.089049;-132.907776
0.089066;-135.834824
0.089084;-142.972733
0.089101;-152.451309
0.089119;-161.698318
0.089136;-168.201782
0.089154;-170.254440
0.089172;-167.459885
0.089189;-160.850327
0.089207;-152.580841
0.089224;-145.290787
0.089242;-141.321686
0.089259;-142.022995
0.089277;-147.352005
0.089294;-155.886093
0.089312;-165.244278
0.089330;-172.792419
0.089347;-176.424088
0.089365;-175.185013
0.089382;-169.555862
0.089400;-161.310379
0.089417;-152.989594
0.089435;-147.149002
0.089452;-145.601044
0.089470;-148.877747
0.089487;-156.072815
0.089505;-165.109879
0.089523;-173.357788
0.089540;-178.410217
0.089558;-178.799026
0.089575;-174.429474
0.089593;-166.608719
0.089610;-157.658447
0.089628;-150.227158
0.089645;-146.505112
0.089663;-147.574982
0.089681;-153.090988
0.089698;-161.380875
0.089716;-169.941406
0.089733;-176.180130
0.089751;-178.183746
0.089768;-175.285370
0.089786;-168.262421
0.089803;-159.106445
0.089821;-150.433182
0.089838;-144.707367
0.089856;-143.512192
0.089874;-147.079910
0.089891;-154.222733
0.089909;-162.684677
0.089926;-169.809998
0.089944;-173.330261
0.089961;-172.036835
0.089979;-166.139313
0.089996;-157.203720
0.090014;-147.688690
0.090032;-140.216827
0.090049;-136.797577
0.090067;-138.231522
0.090084;-143.872864
0.090102;-151.820602
0.090119;-159.481796
0.090137;-164.339951
0.090154;-164.701004
0.090172;-160.195587
0.090189;-151.888809
0.090207;-141.964935
0.090225;-133.080185
0.090242;-127.575623
0.090260;-126.783340
0.090277;-130.631332
0.090295;-137.664764
0.090312;-145.476929
0.090330;-151.422333
0.090347;-153.401001
0.090365;-150.480881
0.090383;-143.174469
0.090400;-133.287292
0.090418;-123.382950
0.090435;-116.023590
0.090453;-113.010567
0.090470;-114.850410
0.090488;-120.604538
0.090505;-128.167221
0.090523;-134.889557
0.090540;-138.364532
0.090558;-137.140594
0.090576;-131.152084
0.090593;-121.739067
0.090611;-111.250549
0.090628;-102.348412
0.090646;-97.218681
0.090663;-96.923531
0.090681;-101.086372
0.090698;-108.003273
0.090716;-115.147751
0.090734;-119.919579
0.090751;-120.415588
0.090769;-115.993820
0.090786;-107.464317
0.090804;-96.849228
0.090821;-86.783897
0.090839;-79.735947
0.090856;-77.273903
0.090874;-79.602303
0.090891;-85.500786
0.090909;-92.685707
0.090927;-98.486877
0.090944;-100.638931
0.090962;-97.952995
0.090979;-90.669380
0.090997;-80.386635
0.091014;-69.588226
0.091032;-60.906658
0.091049;-56.343349
0.091067;-56.675415
0.091085;-61.225227
0.091102;-68.061028
0.091120;-74.569374
0.091137;-78.229736
0.091155;-77.361626
0.091172;-71.622993
0.091190;-62.111958
0.091207;-51.041706
0.091225;-41.084831
0.091242;-34.581436
0.091260;-32.845543
0.091278;-35.775562
0.091295;-41.884216
0.091313;-48.739239
0.091330;-53.684143
0.091348;-54.625721
0.091365;-50.654613
0.091383;-42.315205
0.091400;-31.444639
0.091418;-20.628695
0.091436;-12.435603
0.091453;-8.654981
0.091471;-9.767344
0.091488;-14.801559
0.091506;-21.622505
0.091523;-27.563808
0.091541;-30.218128
0.091558;-28.150843
0.091576;-21.325567
0.091593;-11.115305
0.091611;0.104109
0.091629;9.657877
0.091646;15.364861
0.091664;16.184029
0.091681;12.523123
0.091699;6.117959
0.091716;-0.481906
0.091734;-4.668807
0.091751;-4.549956
0.091769;0.491292
0.091787;9.612318
0.091804;20.760588
0.091822;31.281664
0.091839;38.705727
0.091857;41.479530
0.091874;39.426838
0.091892;33.800804
0.091909;26.912701
0.091927;21.446980
0.091944;19.665575
0.091962;22.737291
0.091980;30.391054
0.091997;40.995869
0.092015;52.043877
0.092032;60.893356
0.092050;65.551605
0.092067;65.265549
0.092085;60.745064
0.092102;53.952778
0.092120;47.522469
0.092138;43.978462
0.092155;44.987293
0.092173;50.863525
0.092190;60.476112
0.092208;71.583282
0.092225;81.496620
0.092243;87.877762
0.092260;89.431335
0.092278;86.289101
0.092295;79.970978
0.092313;72.934753
0.092331;67.847687
0.092348;66.795883
0.092366;70.665771
0.092383;78.881088
0.092401;89.573235
0.092418;100.134827
0.092436;107.992195
0.092453;111.368210
0.092471;109.808937
0.092489;104.318443
0.092506;97.061295
0.092524;90.721184
0.092541;87.705490
0.092559;89.431580
0.092576;95.906502
0.092594;105.724434
0.092611;116.483109
0.092629;125.495445
0.092646;130.585938
0.092664;130.735367
0.092682;126.383080
0.092699;119.296959
0.092717;112.049561
0.092734;107.255768
0.092752;106.797607
0.092769;111.266304
0.092787;119.786613
0.092804;130.275986
0.092822;140.061417
0.092840;146.671616
0.092857;148.569336
0.092875;145.607117
0.092892;139.071304
0.092910;131.300781
0.092927;124.994064
0.092945;122.409332
0.092962;124.695084
0.092980;131.549393
0.092997;141.309036
0.093015;151.442200
0.093033;159.298660
0.093050;162.895081
0.093068;161.503067
0.093085;155.865204
0.093103;147.975052
0.093120;140.486633
0.093138;135.927750
0.093155;135.950714
0.093173;140.842422
0.093191;149.438950
0.093208;159.470322
0.093226;168.232895
0.093243;173.390717
0.093261;173.667801
0.093278;169.226517
0.093296;161.619659
0.093313;153.330505
0.093331;147.036789
0.093348;144.817245
0.093366;147.535110
0.093384;154.582153
0.093401;164.058624
0.093419;173.335953
0.093436;179.835785
0.093454;181.794067
0.093471;178.784103
0.093489;171.843124
0.093506;163.165253
0.093524;155.451279
0.093542;151.108292
0.093559;151.536102
0.093577;156.712204
0.093594;165.198135
0.093612;174.565521
0.093629;182.115692
0.093647;185.679321
0.093664;184.259689
0.093682;178.328156
0.093699;169.684769
0.093717;160.925018
0.093735;154.670609
0.093752;152.792496
0.093770;155.856186
0.093787;162.953827
0.093805;171.973099
0.093822;180.222946
0.093840;185.231232
0.093857;185.477310
0.093875;180.843079
0.093893;172.648148
0.093910;163.259109
0.093928;155.388138
0.093945;151.289352
0.093963;152.090576
0.093980;157.458862
0.093998;165.698929
0.094015;174.255402
0.094033;180.470032
0.094050;182.369598
0.094068;179.250931
0.094086;171.889450
0.094103;162.309875
0.094121;153.186142
0.094138;147.049149
0.094156;145.536591
0.094173;148.907425
0.094191;155.964905
0.094208;164.410995
0.094226;171.527435
0.094244;174.981216
0.094261;173.516266
0.094279;167.325974
0.094296;157.996170
0.094314;148.035385
0.094331;140.131531
0.094349;136.355423
0.094366;137.546814
0.094384;143.065384
0.094401;150.980255
0.094419;158.642166
0.094437;163.468536
0.094454;163.709030
0.094472;158.964508
0.094489;150.305679
0.094507;139.956100
0.094524;130.633270
0.094542;124.743538
0.094559;123.668755
0.094577;127.356598
0.094595;134.335907
0.094612;142.152481
0.094630;148.096436
0.094647;150.005325
0.094665;146.905273
0.094682;139.299973
0.094700;129.021637
0.094717;118.688316
0.094735;110.928192
0.094752;107.600616
0.094770;109.244965
0.094788;114.920670
0.094805;122.485680
0.094823;129.231323
0.094840;132.685043
0.094858;131.343338
0.094875;125.117760
0.094893;115.361336
0.094910;104.468010
0.094928;95.163307
0.094946;89.696678
0.094963;89.174812
0.094981;93.233459
0.094998;100.145271
0.095016;107.331497
0.095033;112.126373
0.095051;112.567207
0.095068;107.976387
0.095086;99.162483
0.095103;88.181053
0.095121;77.725647
0.095139;70.329720
0.095156;67.615784
0.095174;69.814445
0.095191;75.695938
0.095209;82.934372
0.095226;88.797081
0.095244;90.954521
0.095261;88.170959
0.095279;80.670990
0.095297;70.073387
0.095314;58.911629
0.095332;49.883316
0.095349;45.050728
0.095367;45.229603
0.095384;49.747211
0.095402;56.641613
0.095419;63.242996
0.095437;66.964973
0.095454;66.071320
0.095472;60.190777
0.095490;50.427521
0.095507;39.034225
0.095525;28.744736
0.095542;21.963991
0.095560;20.055256
0.095577;22.935993
0.095595;29.102167
0.095612;36.073902
0.095630;41.130394
0.095648;42.116421
0.095665;38.081356
0.095683;29.561256
0.095700;18.420338
0.095718;7.298847
0.095735;-1.169253
0.095753;-5.136849
0.095770;-4.091165
0.095788;0.994121
0.095805;7.947316
0.095823;14.042272
0.095841;16.806408
0.095858;14.753724
0.095876;7.825537
0.095893;-2.591758
0.095911;-14.077210
0.095928;-23.892561
0.095946;-29.793653
0.095963;-30.695568
0.095981;-26.994263
0.095999;-20.449381
0.096016;-13.662835
0.096034;-9.307664
0.096051;-9.335671
0.096069;-14.398678
0.096086;-23.654972
0.096104;-35.018402
0.096121;-45.776348
0.096139;-53.393482
0.096156;-56.263138
0.096174;-54.183567
0.096192;-48.417881
0.096209;-41.319817
0.096227;-35.636196
0.096244;-33.692783
0.096262;-36.704731
0.096279;-44.416119
0.096297;-55.175407
0.096314;-66.424606
0.096332;-75.457123
0.096350;-80.219879
0.096367;-79.921783
0.096385;-75.268349
0.096402;-68.252762
0.096420;-61.565224
0.096437;-57.795612
0.096455;-58.665798
0.096472;-64.518951
0.096490;-74.217552
0.096507;-85.480103
0.096525;-95.557068
0.096543;-102.045601
0.096560;-103.601700
0.096578;-100.338631
0.096595;-93.793564
0.096613;-86.472038
0.096630;-81.105515
0.096648;-79.841682
0.096665;-83.607727
0.096683;-91.835197
0.096701;-102.628113
0.096718;-113.324585
0.096736;-121.285500
0.096753;-124.676743
0.096771;-123.012749
0.096788;-117.300629
0.096806;-109.741837
0.096823;-103.079819
0.096841;-99.786865
0.096858;-101.331276
0.096876;-107.741806
0.096894;-117.598854
0.096911;-128.454865
0.096929;-137.559525
0.096946;-142.674667
0.096964;-142.737823
0.096981;-138.177124
0.096999;-130.784698
0.097016;-123.185532
0.097034;-118.059692
0.097052;-117.347832
0.097069;-121.675735
0.097087;-130.168640
0.097104;-140.710068
0.097122;-150.568924
0.097139;-157.208694
0.097157;-159.039276
0.097174;-155.888351
0.097192;-149.052643
0.097209;-140.913742
0.097227;-134.232468
0.097245;-131.330505
0.097262;-133.402145
0.097280;-140.160065
0.097297;-149.920166
0.097315;-160.100433
0.097332;-167.985916
0.097350;-171.533447
0.097367;-169.977219
0.097385;-164.055954
0.097403;-155.794174
0.097420;-147.902283
0.097438;-142.973480
0.097455;-142.714874
0.097473;-147.441452
0.097490;-155.982330
0.097508;-166.027634
0.097525;-174.812683
0.097543;-179.937439
0.097560;-180.077820
0.097578;-175.378311
0.097596;-167.409424
0.097613;-158.702271
0.097631;-151.998749
0.097648;-149.438705
0.097666;-151.925598
0.097683;-158.858521
0.097701;-168.310013
0.097718;-177.596954
0.097736;-184.075851
0.097754;-185.926178
0.097771;-182.690125
0.097789;-175.408569
0.097806;-166.312759
0.097824;-158.163239
0.097841;-153.431686
0.097859;-153.568314
0.097876;-158.571823
0.097894;-166.989517
0.097911;-176.347641
0.097929;-183.884293
0.097947;-187.368103
0.097964;-185.759567
0.097982;-179.519394
0.097999;-170.472305
0.098017;-161.266281
0.098034;-154.588028
0.098052;-152.366653
0.098069;-155.201721
0.098087;-162.185318
0.098105;-171.170944
0.098122;-179.409454
0.098140;-184.363846
0.098157;-184.461151
0.098175;-179.558899
0.098192;-170.987686
0.098210;-161.156937
0.098227;-152.841110
0.098245;-148.357346
0.098262;-148.878815
0.098280;-154.086639
0.098298;-162.264252
0.098315;-170.805954
0.098333;-176.989044
0.098350;-178.780899
0.098368;-175.441422
0.098385;-167.742859
0.098403;-157.741058
0.098420;-148.166504
0.098438;-141.615128
0.098456;-139.778976
0.098473;-142.944534
0.098491;-149.907593
0.098508;-158.330048
0.098526;-165.432617
0.098543;-168.818619
0.098561;-167.184433
0.098578;-160.706131
0.098596;-150.987579
0.098613;-140.585419
0.098631;-132.251511
0.098649;-128.117371
0.098666;-129.062424
0.098684;-134.453110
0.098701;-142.330551
0.098719;-149.990875
0.098736;-154.786575
0.098754;-154.911346
0.098771;-149.935562
0.098789;-140.934006
0.098807;-130.167603
0.098824;-120.413628
0.098842;-114.142654
0.098859;-112.786415
0.098877;-116.313217
0.098894;-123.237251
0.098912;-131.058731
0.098929;-137.004745
0.098947;-138.851105
0.098964;-135.581802
0.098982;-127.690331
0.099000;-117.033936
0.099017;-106.283333
0.099035;-98.131393
0.099052;-94.495155
0.099070;-95.947495
0.099087;-101.547272
0.099105;-109.118004
0.099122;-115.892876
0.099140;-119.334801
0.099158;-117.888435
0.099175;-111.441566
0.099193;-101.358551
0.099210;-90.076447
0.099228;-80.382896
0.099245;-74.590057
0.099263;-73.849358
0.099280;-77.810066
0.099298;-84.723129
0.099315;-91.959389
0.099333;-96.788795
0.099351;-97.189667
0.099368;-92.448067
0.099386;-83.369812
0.099403;-72.041977
0.099421;-61.214634
0.099438;-53.485970
0.099456;-50.532322
0.099473;-52.611267
0.099491;-58.485123
0.099509;-65.787621
0.099526;-71.725174
0.099544;-73.904915
0.099561;-71.044029
0.099579;-63.350357
0.099596;-52.461136
0.099614;-40.958065
0.099631;-31.602449
0.099649;-26.516909
0.099666;-26.556244
0.099684;-31.053967
0.099702;-38.019718
0.099719;-44.729050
0.099737;-48.530899
0.099754;-47.633492
0.099772;-41.635643
0.099789;-31.646051
0.099807;-19.955057
0.099824;-9.356142
0.099842;-2.318171
0.099860;-0.253711
0.099877;-3.100302
0.099895;-9.338805
0.099912;-16.443546
0.099930;-21.630829
0.099947;-22.684061
0.099965;-18.610960
0.099982;-9.937981
0.100000;1.445337
0.100017;12.846039
0.100035;21.565668
0.100053;25.699938
0.100070;24.703163
0.100088;19.550102
0.100105;12.447219
0.100123;6.178789
0.100140;3.281656
0.100158;5.293184
0.100175;12.295294
0.100193;22.889812
0.100211;34.612511
0.100228;44.663139
0.100246;50.735268
0.100263;51.699776
0.100281;47.939682
0.100298;41.236732
0.100316;34.243416
0.100333;29.696867
0.100351;29.607492
0.100368;34.662865
0.100386;44.023567
0.100404;55.571655
0.100421;66.537994
0.100439;74.322815
0.100456;77.266144
0.100474;75.139877
0.100491;69.215523
0.100509;61.887447
0.100526;55.963360
0.100544;53.832035
0.100562;56.755180
0.100579;64.493111
0.100597;75.375481
0.100614;86.795937
0.100632;95.984367
0.100649;100.827820
0.100667;100.496735
0.100684;95.690933
0.100702;88.432365
0.100719;81.465958
0.100737;77.446075
0.100755;78.149628
0.100772;83.949242
0.100790;93.702393
0.100807;105.089691
0.100825;115.302048
0.100842;121.873055
0.100860;123.409950
0.100877;120.006500
0.100895;113.215431
0.100913;105.588303
0.100930;99.919342
0.100948;98.417267
0.100965;102.050369
0.100983;110.259338
0.101000;121.122513
0.101018;131.925201
0.101035;139.964172
0.101053;143.348526
0.101070;141.560394
0.101088;135.608490
0.101106;127.729393
0.101123;120.724655
0.101141;117.130600
0.101158;118.466354
0.101176;124.783417
0.101193;134.649994
0.101211;145.575089
0.101228;154.746506
0.101246;159.864243
0.101264;159.822144
0.101281;155.036072
0.101299;147.320526
0.101316;139.351349
0.101334;133.872452
0.101351;132.882690
0.101369;137.043121
0.101386;145.480743
0.101404;156.047043
0.101421;165.954407
0.101439;172.602188
0.101457;174.347473
0.101474;170.992188
0.101492;163.841934
0.101509;155.319229
0.101527;148.245682
0.101544;145.005676
0.101562;146.839554
0.101579;153.475739
0.101597;163.210922
0.101615;173.414597
0.101632;181.308548
0.101650;184.790131
0.101667;183.055634
0.101685;176.838608
0.101702;168.192764
0.101720;159.883316
0.101737;154.567657
0.101755;154.007523
0.101772;158.546783
0.101790;167.009186
0.101808;177.046646
0.101825;185.835037
0.101843;190.911118
0.101860;190.902527
0.101878;185.934906
0.101895;177.594681
0.101913;168.459259
0.101930;161.333160
0.101948;158.416870
0.101966;160.654449
0.101983;167.453598
0.102001;176.860825
0.102018;186.140289
0.102036;192.584396
0.102053;194.316452
0.102071;190.846939
0.102088;183.218765
0.102106;173.698654
0.102123;165.105255
0.102141;159.973923
0.102159;159.805359
0.102176;164.620361
0.102194;172.953674
0.102211;182.287857
0.102229;189.799316
0.102246;193.195175
0.102264;191.392883
0.102281;184.841293
0.102299;175.388016
0.102317;165.731918
0.102334;158.623474
0.102352;156.049530
0.102369;158.644302
0.102387;165.501282
0.102404;174.441528
0.102422;182.659470
0.102439;187.554153
0.102457;187.500366
0.102474;182.330490
0.102492;173.384399
0.102510;163.112671
0.102527;154.350494
0.102545;149.477463
0.102562;149.712204
0.102580;154.751022
0.102597;162.857803
0.102615;171.378235
0.102632;177.526459
0.102650;179.210815
0.102668;175.653931
0.102685;167.623367
0.102703;157.204468
0.102720;147.182556
0.102738;140.217590
0.102755;138.055756
0.102773;141.011856
0.102790;147.875839
0.102808;156.271164
0.102825;163.359131
0.102843;166.680145
0.102861;164.882935
0.102878;158.125153
0.102896;148.027130
0.102913;137.191849
0.102931;128.433716
0.102948;123.944496
0.102966;124.643661
0.102983;129.905746
0.103001;137.745514
0.103019;145.406189
0.103036;150.176529
0.103054;150.194412
0.103071;144.999054
0.103089;135.667831
0.103106;124.497330
0.103124;114.322968
0.103141;107.678726
0.103159;106.046196
0.103176;109.415344
0.103194;116.287315
0.103212;124.118462
0.103229;130.074234
0.103247;131.869354
0.103264;128.445206
0.103282;120.284065
0.103299;109.266388
0.103317;98.113869
0.103334;89.582916
0.103352;85.647919
0.103370;86.915863
0.103387;92.446434
0.103405;100.030449
0.103422;106.844566
0.103440;110.288116
0.103457;108.753952
0.103475;102.105156
0.103492;91.715919
0.103510;80.064659
0.103527;69.999634
0.103545;63.895046
0.103563;62.947296
0.103580;66.820320
0.103598;73.745033
0.103615;81.043549
0.103633;85.922798
0.103650;86.302505
0.103668;81.431908
0.103685;72.112701
0.103703;60.461731
0.103721;49.283947
0.103738;41.241291
0.103756;38.063778
0.103773;40.036751
0.103791;45.916103
0.103808;53.296967
0.103826;59.326324
0.103843;61.548691
0.103861;58.634087
0.103878;50.772491
0.103896;39.617958
0.103914;27.798697
0.103931;18.138418
0.103949;12.819548
0.103966;12.736404
0.103984;17.230030
0.104001;24.283354
0.104019;31.118923
0.104036;35.022099
0.104054;34.145775
0.104072;28.058096
0.104089;17.870834
0.104107;5.910233
0.104124;-4.972122
0.104142;-12.244282
0.104159;-14.444299
0.104177;-11.613596
0.104194;-5.284815
0.104212;1.972308
0.104229;7.312525
0.104247;8.458457
0.104265;4.375800
0.104282;-4.419799
0.104300;-16.015179
0.104317;-27.666351
0.104335;-36.611534
0.104352;-40.889561
0.104370;-39.921196
0.104387;-34.680904
0.104405;-27.408165
0.104423;-20.943830
0.104440;-17.888096
0.104458;-19.829674
0.104475;-26.874628
0.104493;-37.614578
0.104510;-49.543732
0.104528;-59.801304
0.104545;-66.019203
0.104563;-67.023895
0.104580;-63.184292
0.104598;-56.302586
0.104616;-49.080166
0.104633;-44.317051
0.104651;-44.081860
0.104668;-49.098484
0.104686;-58.531166
0.104703;-70.231850
0.104721;-81.376534
0.104738;-89.301956
0.104756;-92.294991
0.104774;-90.100342
0.104791;-83.996384
0.104809;-76.416428
0.104826;-70.227577
0.104844;-67.880913
0.104861;-70.684875
0.104879;-78.417091
0.104896;-89.390030
0.104914;-100.950676
0.104931;-110.266716
0.104949;-115.165794
0.104967;-114.779366
0.104984;-109.800308
0.105002;-102.277657
0.105019;-95.009445
0.105037;-90.713432
0.105054;-91.221451
0.105072;-96.936249
0.105089;-106.711815
0.105107;-118.192574
0.105125;-128.511429
0.105142;-135.139160
0.105160;-136.634201
0.105177;-133.069824
0.105195;-126.012749
0.105212;-118.058784
0.105230;-112.063667
0.105247;-110.296532
0.105265;-113.767242
0.105282;-121.926750
0.105300;-132.829437
0.105318;-143.709579
0.105335;-151.800735
0.105353;-155.155640
0.105370;-153.223434
0.105388;-147.013107
0.105405;-138.794525
0.105423;-131.425888
0.105440;-127.506599
0.105458;-128.606735
0.105476;-134.801392
0.105493;-144.648132
0.105511;-155.614258
0.105528;-164.827087
0.105546;-169.925354
0.105563;-169.759064
0.105581;-164.730438
0.105598;-156.674973
0.105616;-148.317459
0.105633;-142.464661
0.105651;-141.173172
0.105669;-145.139908
0.105686;-153.495026
0.105704;-164.059647
0.105721;-173.991211
0.105739;-180.625900
0.105756;-182.268112
0.105774;-178.693161
0.105791;-171.214020
0.105809;-162.292404
0.105827;-154.809311
0.105844;-151.211121
0.105862;-152.784439
0.105879;-159.274490
0.105897;-168.960388
0.105914;-179.164856
0.105932;-187.047577
0.105949;-190.446960
0.105967;-188.520844
0.105984;-181.996399
0.106002;-172.954788
0.106020;-164.214386
0.106037;-158.495834
0.106055;-157.615341
0.106072;-161.946411
0.106090;-170.308807
0.106107;-180.318039
0.106125;-189.091965
0.106142;-194.104904
0.106160;-193.936188
0.106178;-188.691483
0.106195;-179.971725
0.106213;-170.398743
0.106230;-162.838501
0.106248;-159.551498
0.106265;-161.522934
0.106283;-168.170227
0.106300;-177.515640
0.106318;-186.772079
0.106335;-193.169113
0.106353;-194.774033
0.106371;-191.064880
0.106388;-183.085373
0.106406;-173.135818
0.106423;-164.091583
0.106441;-158.550842
0.106458;-158.064728
0.106476;-162.677155
0.106493;-170.911774
0.106511;-180.209244
0.106529;-187.685608
0.106546;-190.987045
0.106564;-188.987640
0.106581;-182.123322
0.106599;-172.262878
0.106616;-162.154465
0.106634;-154.611115
0.106651;-151.677078
0.106669;-154.021912
0.106686;-160.741745
0.106704;-169.626999
0.106722;-177.817078
0.106739;-182.648132
0.106757;-182.442734
0.106774;-177.007187
0.106792;-167.689224
0.106809;-156.978882
0.106827;-147.770676
0.106844;-142.505905
0.106862;-142.448914
0.106880;-147.312363
0.106897;-155.342087
0.106915;-163.836868
0.106932;-169.948914
0.106950;-171.527954
0.106967;-167.758774
0.106985;-159.403000
0.107002;-148.573807
0.107020;-138.109787
0.107037;-130.733841
0.107055;-128.246277
0.107073;-130.990921
0.107090;-137.753311
0.107108;-146.120239
0.107125;-153.194977
0.107143;-156.455811
0.107160;-154.503586
0.107178;-147.476608
0.107195;-137.010071
0.107213;-125.751602
0.107231;-116.576920
0.107248;-111.737503
0.107266;-112.193344
0.107283;-117.328255
0.107301;-125.132309
0.107318;-132.797440
0.107336;-137.549667
0.107353;-137.471344
0.107371;-132.069809
0.107388;-122.423630
0.107406;-110.863380
0.107424;-100.281097
0.107441;-93.273346
0.107459;-91.371696
0.107476;-94.588661
0.107494;-101.413834
0.107511;-109.261421
0.107529;-115.236610
0.107546;-116.993484
0.107564;-113.430626
0.107582;-105.017815
0.107599;-93.657150
0.107617;-82.119637
0.107634;-73.224144
0.107652;-69.002037
0.107669;-70.095070
0.107687;-75.565063
0.107704;-83.171844
0.107722;-90.037056
0.107739;-93.497314
0.107757;-91.893700
0.107775;-85.063766
0.107792;-74.389999
0.107810;-62.390461
0.107827;-51.972744
0.107845;-45.572369
0.107862;-44.430984
0.107880;-48.228268
0.107897;-55.176731
0.107915;-62.551353
0.107933;-67.497269
0.107950;-67.875946
0.107968;-62.899315
0.107985;-53.363621
0.108003;-41.413826
0.108020;-29.908234
0.108038;-21.571522
0.108055;-18.187296
0.108073;-20.069414
0.108090;-25.968857
0.108108;-33.443760
0.108126;-39.583122
0.108143;-41.869591
0.108161;-38.925789
0.108178;-30.922852
0.108196;-19.530066
0.108213;-7.420503
0.108231;2.520980
0.108248;8.052609
0.108266;8.240108
0.108284;3.733695
0.108301;-3.424495
0.108319;-10.405581
0.108336;-14.432371
0.108354;-13.602619
0.108371;-7.453094
0.108389;2.902766
0.108406;15.104486
0.108424;26.243843
0.108441;33.726612
0.108459;36.041382
0.108477;33.207596
0.108494;26.769869
0.108512;19.340351
0.108529;13.824543
0.108547;12.560064
0.108564;16.623623
0.108582;25.511526
0.108599;37.288631
0.108617;49.161518
0.108635;58.306160
0.108652;62.704830
0.108670;61.744102
0.108687;56.396801
0.108705;48.933765
0.108722;42.250946
0.108740;39.011009
0.108757;40.854008
0.108775;47.911060
0.108792;58.765049
0.108810;70.870308
0.108828;81.306824
0.108845;87.645515
0.108863;88.668152
0.108880;84.728439
0.108898;77.647423
0.108915;70.173813
0.108933;65.169312
0.108950;64.760429
0.108968;69.707909
0.108986;79.180931
0.109003;91.003052
0.109021;102.296822
0.109038;110.336555
0.109056;113.355972
0.109073;111.071815
0.109091;104.767906
0.109108;96.914841
0.109126;90.437714
0.109143;87.849205
0.109161;90.504707
0.109179;98.200203
0.109196;109.232483
0.109214;120.903587
0.109231;130.320175
0.109249;135.250900
0.109266;134.787857
0.109284;129.615692
0.109301;121.808922
0.109319;114.217125
0.109337;109.620445
0.109354;109.905495
0.109372;115.505890
0.109389;125.273460
0.109407;136.818192
0.109424;147.216339
0.109442;153.876724
0.109459;155.308807
0.109477;151.564453
0.109494;144.222809
0.109512;135.922363
0.109530;129.579025
0.109547;127.521919
0.109565;130.802780
0.109582;138.884033
0.109600;149.797775
0.109617;160.728699
0.109635;168.848312
0.109652;172.153259
0.109670;170.059036
0.109688;163.573471
0.109705;154.998184
0.109723;147.246536
0.109740;142.980179
0.109758;143.820099
0.109775;149.865936
0.109793;159.666122
0.109810;170.647827
0.109828;179.879272
0.109845;184.938522
0.109863;184.631378
0.109881;179.345474
0.109898;170.935532
0.109916;162.173889
0.109933;155.928833
0.109951;154.314545
0.109968;158.064255
0.109986;166.312622
0.110003;176.852020
0.110021;186.786453
0.110039;193.389877
0.110056;194.914032
0.110074;191.106827
0.110091;183.287155
0.110109;173.954300
0.110126;166.047256
0.110144;162.073776
0.110161;163.366928
0.110179;169.689774
0.110196;179.305405
0.110214;189.491348
0.110232;197.346451
0.110249;200.650513
0.110267;198.522568
0.110284;191.682053
0.110302;182.235977
0.110319;173.054443
0.110337;166.920258
0.110354;165.704010
0.110372;169.809570
0.110390;178.054092
0.110407;188.018372
0.110425;196.763657
0.110442;201.702530
0.110460;201.365875
0.110477;195.838531
0.110495;186.734268
0.110512;176.717850
0.110530;168.715317
0.110547;165.046890
0.110565;166.739120
0.110583;173.220413
0.110600;182.490341
0.110618;191.712143
0.110635;198.053543
0.110653;199.526077
0.110670;195.574799
0.110688;187.242722
0.110705;176.862213
0.110723;167.363800
0.110741;161.407806
0.110758;160.595718
0.110776;164.995544
0.110793;173.121338
0.110811;182.373413
0.110828;189.808746
0.110846;193.013199
0.110863;190.817169
0.110881;183.642487
0.110898;173.377640
0.110916;162.818390
0.110934;154.839264
0.110951;151.541702
0.110969;153.631042
0.110986;160.207458
0.111004;169.032242
0.111021;177.191345
0.111039;181.958908
0.111056;181.605286
0.111074;175.909897
0.111092;166.226883
0.111109;155.084091
0.111127;145.434082
0.111144;139.779144
0.111162;139.429657
0.111179;144.115601
0.111197;152.066360
0.111214;160.535370
0.111232;166.614059
0.111249;168.093979
0.111267;164.121521
0.111285;155.451172
0.111302;144.222305
0.111320;133.325272
0.111337;125.545052
0.111355;122.735794
0.111372;125.271248
0.111390;131.933823
0.111407;140.275314
0.111425;147.342361
0.111443;150.551819
0.111460;148.456528
0.111478;141.174469
0.111495;130.354126
0.111513;118.686234
0.111530;109.106560
0.111548;103.925873
0.111565;104.145065
0.111583;109.158409
0.111600;116.932892
0.111618;124.610672
0.111636;129.356079
0.111653;129.196136
0.111671;123.605537
0.111688;113.662819
0.111706;101.730804
0.111723;90.756805
0.111741;83.399193
0.111758;81.239510
0.111776;84.313751
0.111794;91.101456
0.111811;98.976318
0.111829;104.984421
0.111846;106.719872
0.111864;103.038025
0.111881;94.395065
0.111899;82.713173
0.111916;70.811127
0.111934;61.569141
0.111951;57.075302
0.111969;58.006691
0.111987;63.428612
0.112004;71.071449
0.112022;78.003304
0.112039;81.498940
0.112057;79.847679
0.112074;72.860703
0.112092;61.927338
0.112109;49.603710
0.112127;38.855373
0.112145;32.178593
0.112162;30.860504
0.112180;34.597569
0.112197;41.585419
0.112215;49.053509
0.112232;54.086258
0.112250;54.487297
0.112267;49.430653
0.112285;39.705917
0.112302;27.484571
0.112320;15.676768
0.112338;7.069007
0.112355;3.498372
0.112373;5.308019
0.112390;11.245363
0.112408;18.833208
0.112425;25.103870
0.112443;27.478840
0.112460;24.533167
0.112478;16.418133
0.112496;4.816772
0.112513;-7.554591
0.112531;-17.751135
0.112548;-23.472185
0.112566;-23.743074
0.112583;-19.204103
0.112601;-11.920889
0.112618;-4.772240
0.112636;-0.596921
0.112653;-1.352137
0.112671;-7.533194
0.112689;-18.026339
0.112706;-30.438480
0.112724;-41.806145
0.112741;-49.473598
0.112759;-51.879906
0.112776;-49.021580
0.112794;-42.453770
0.112811;-34.829433
0.112829;-29.113098
0.112847;-27.702116
0.112864;-31.715944
0.112882;-40.663994
0.112899;-52.590691
0.112917;-64.654709
0.112934;-73.970871
0.112952;-78.465103
0.112969;-77.489204
0.112987;-72.013054
0.113004;-64.337296
0.113022;-57.411495
0.113040;-53.960003
0.113057;-55.674244
0.113075;-62.711178
0.113092;-73.646439
0.113110;-85.896080
0.113127;-96.482162
0.113145;-102.915207
0.113162;-103.931969
0.113180;-99.869949
0.113198;-92.567505
0.113215;-84.819084
0.113233;-79.547035
0.113250;-78.935379
0.113268;-83.782280
0.113285;-93.263100
0.113303;-105.174538
0.113320;-116.587280
0.113338;-124.713997
0.113355;-127.735413
0.113373;-125.339500
0.113391;-118.814186
0.113408;-110.665672
0.113426;-103.875778
0.113443;-101.018143
0.113461;-103.495262
0.113478;-111.122482
0.113496;-122.182495
0.113513;-133.933868
0.113531;-143.423416
0.113549;-148.361267
0.113566;-147.799667
0.113584;-142.413864
0.113601;-134.302292
0.113619;-126.364571
0.113636;-121.442322
0.113654;-121.476692
0.113671;-126.932961
0.113689;-136.662125
0.113706;-148.241333
0.113724;-158.691544
0.113742;-165.360397
0.113759;-166.708237
0.113777;-162.764603
0.113794;-155.119629
0.113812;-146.452896
0.113829;-139.739304
0.113847;-137.367401
0.113864;-140.431244
0.113882;-148.405884
0.113900;-159.302582
0.113917;-170.258041
0.113935;-178.382782
0.113952;-181.617493
0.113970;-179.343491
0.113987;-172.566116
0.114005;-163.617142
0.114022;-155.463684
0.114040;-150.828873
0.114057;-151.384644
0.114075;-157.256042
0.114093;-166.983734
0.114110;-177.956451
0.114128;-187.184494
0.114145;-192.185883
0.114163;-191.721893
0.114180;-186.164505
0.114198;-177.386169
0.114215;-168.205170
0.114233;-161.550369
0.114251;-159.593109
0.114268;-163.103577
0.114286;-171.222122
0.114303;-181.713974
0.114321;-191.631149
0.114338;-198.186203
0.114356;-199.578339
0.114373;-195.527206
0.114391;-187.356277
0.114408;-177.600830
0.114426;-169.256561
0.114444;-164.891891
0.114461;-165.886597
0.114479;-172.022629
0.114496;-181.548492
0.114514;-191.698181
0.114531;-199.510696
0.114549;-202.707733
0.114566;-200.368942
0.114584;-193.204941
0.114602;-183.346985
0.114619;-173.715424
0.114637;-167.154327
0.114654;-165.588516
0.114672;-169.452957
0.114689;-177.563553
0.114707;-187.467941
0.114724;-196.172089
0.114742;-201.027634
0.114759;-200.516830
0.114777;-194.702698
0.114795;-185.210510
0.114812;-174.746246
0.114830;-166.295029
0.114847;-162.236130
0.114865;-163.637970
0.114882;-169.941071
0.114900;-179.123825
0.114917;-188.301361
0.114935;-194.580460
0.114953;-195.917236
0.114970;-191.722931
0.114988;-183.038696
0.115005;-172.227341
0.115023;-162.273239
0.115040;-155.897964
0.115058;-154.753555
0.115075;-158.932831
0.115093;-166.941772
0.115110;-176.141891
0.115128;-183.532318
0.115146;-186.639191
0.115163;-184.248810
0.115181;-176.767929
0.115198;-166.103165
0.115216;-155.096420
0.115233;-146.682617
0.115251;-143.020096
0.115268;-144.850586
0.115286;-151.279465
0.115304;-160.040588
0.115321;-168.167786
0.115339;-172.874039
0.115356;-172.377502
0.115374;-166.429947
0.115391;-156.390518
0.115409;-144.823288
0.115426;-134.737579
0.115444;-128.696091
0.115461;-128.055466
0.115479;-132.563995
0.115497;-140.436081
0.115514;-148.881378
0.115532;-154.931671
0.115549;-156.320618
0.115567;-152.155746
0.115584;-143.183273
0.115602;-131.567139
0.115619;-120.248055
0.115637;-112.072113
0.115655;-108.947296
0.115672;-111.277893
0.115690;-117.844650
0.115707;-126.165833
0.115725;-133.232773
0.115742;-136.401627
0.115760;-134.177048
0.115777;-126.655708
0.115795;-115.497971
0.115812;-103.436150
0.115830;-93.464851
0.115848;-87.953712
0.115865;-87.944916
0.115883;-92.844353
0.115900;-100.597450
0.115918;-108.298058
0.115935;-113.049767
0.115953;-112.824417
0.115970;-107.063560
0.115988;-96.844193
0.116006;-84.559975
0.116023;-73.212074
0.116041;-65.519882
0.116058;-63.115044
0.116076;-66.057869
0.116093;-72.819313
0.116111;-80.734047
0.116128;-86.790298
0.116146;-88.522675
0.116163;-84.742989
0.116181;-75.892769
0.116199;-63.912724
0.116216;-51.667927
0.116234;-42.098896
0.116251;-37.350182
0.116269;-38.134785
0.116286;-43.522709
0.116304;-51.216488
0.116321;-58.232018
0.116339;-61.783073
0.116357;-60.107178
0.116374;-52.988346
0.116392;-41.821354
0.116409;-29.198835
0.116427;-18.143053
0.116444;-11.210402
0.116462;-9.733775
0.116479;-13.427435
0.116497;-20.471609
0.116514;-28.051718
0.116532;-33.192574
0.116550;-33.640274
0.116567;-28.530464
0.116585;-18.644852
0.116602;-6.179921
0.116620;5.903772
0.116637;14.758790
0.116655;18.494658
0.116672;16.738184
0.116690;10.744172
0.116708;3.023622
0.116725;-3.400423
0.116743;-5.888920
0.116760;-2.969187
0.116778;5.228306
0.116795;17.008255
0.116813;29.612593
0.116830;40.037685
0.116848;45.924366
0.116865;46.257164
0.116883;41.665318
0.116901;34.236404
0.116918;26.897732
0.116936;22.548676
0.116953;23.201256
0.116971;29.383522
0.116988;39.982712
0.117006;52.574669
0.117023;64.142021
0.117041;71.968254
0.117059;74.442802
0.117076;71.538368
0.117094;64.819229
0.117111;56.977615
0.117129;51.035904
0.117146;49.450691
0.117164;53.384541
0.117181;62.361065
0.117199;74.405754
0.117216;86.630859
0.117234;96.091049
0.117252;100.656174
0.117269;99.642624
0.117287;94.016151
0.117304;86.105583
0.117322;78.912819
0.117339;75.223038
0.117357;76.779083
0.117374;83.764618
0.117392;94.749367
0.117410;107.112648
0.117427;117.819862
0.117445;124.321678
0.117462;125.309593
0.117480;121.103859
0.117497;113.558678
0.117515;105.512749
0.117532;99.948013
0.117550;99.105690
0.117567;103.821869
0.117585;113.279327
0.117603;125.249481
0.117620;136.752472
0.117638;144.940247
0.117655;147.940552
0.117673;145.411926
0.117690;138.644974
0.117708;130.180008
0.117725;123.054314
0.117743;119.901817
0.117761;122.172356
0.117778;129.701599
0.117796;140.759583
0.117813;152.562927
0.117831;162.099731
0.117848;167.021973
0.117866;166.341583
0.117883;160.723312
0.117901;152.287933
0.117918;143.983826
0.117936;138.712997
0.117954;138.471146
0.117971;143.755798
0.117989;153.418488
0.118006;165.004990
0.118024;175.482391
0.118041;182.137726
0.118059;183.382233
0.118076;179.222183
0.118094;171.257248
0.118112;162.206619
0.118129;155.103012
0.118147;152.394012
0.118164;155.216278
0.118182;163.058594
0.118199;173.912949
0.118217;184.869461
0.118234;192.978638
0.118252;196.125488
0.118269;193.656433
0.118287;186.573181
0.118305;177.236115
0.118322;168.664764
0.118340;163.642914
0.118357;163.893555
0.118375;169.567886
0.118392;179.200333
0.118410;190.142578
0.118427;199.348297
0.118445;204.275940
0.118463;203.642075
0.118480;197.801849
0.118498;188.644104
0.118515;179.031570
0.118533;171.952606
0.118550;169.635483
0.118568;172.887802
0.118585;180.856903
0.118603;191.282318
0.118620;201.165543
0.118638;207.658524
0.118656;208.907898
0.118673;204.604401
0.118691;196.074738
0.118708;185.888565
0.118726;177.097092
0.118743;172.328842
0.118761;173.010468
0.118778;178.943756
0.118796;188.364151
0.118814;198.463501
0.118831;206.222137
0.118849;209.303986
0.118866;206.748886
0.118884;199.257431
0.118901;188.983673
0.118919;178.896713
0.118936;171.901108
0.118954;169.975739
0.118971;173.587311
0.118989;181.551880
0.119007;191.385422
0.119024;200.039871
0.119042;204.806595
0.119059;204.119171
0.119077;198.017807
0.119094;188.137833
0.119112;177.225128
0.119129;168.322525
0.119147;163.868103
0.119165;164.972412
0.119182;171.089249
0.119200;180.177307
0.119217;189.304962
0.119235;195.519135
0.119252;196.720627
0.119270;192.286270
0.119287;183.254089
0.119305;172.015854
0.119322;161.608414
0.119340;154.813812
0.119358;153.334763
0.119375;157.289795
0.119393;165.178040
0.119410;174.323822
0.119428;181.669662
0.119445;184.682312
0.119463;182.103882
0.119480;174.324799
0.119498;163.268478
0.119516;151.821442
0.119533;142.978073
0.119551;138.953217
0.119568;140.525696
0.119586;146.807220
0.119603;155.505676
0.119621;163.604218
0.119638;168.255386
0.119656;167.625259
0.119673;161.437057
0.119691;151.053680
0.119709;139.073914
0.119726;128.562561
0.119744;122.142197
0.119761;121.215889
0.119779;125.551239
0.119796;133.349182
0.119814;141.777023
0.119831;147.807846
0.119849;149.117920
0.119867;144.775421
0.119884;135.517014
0.119902;123.529785
0.119919;111.803429
0.119937;103.244278
0.119954;99.814003
0.119972;101.948204
0.119989;108.427162
0.120007;116.737221
0.120024;123.815651
0.120042;126.958511
0.120060;124.622162
0.120077;116.881042
0.120095;105.405975
0.120112;92.969299
0.120130;82.623444
0.120147;76.796440
0.120165;76.572212
0.120182;81.369301
0.120200;89.113098
0.120218;96.850533
0.120235;101.625374
0.120253;101.354523
0.120270;95.445610
0.120288;84.972977
0.120305;72.359497
0.120323;60.658958
0.120340;52.651009
0.120358;50.017490
0.120375;52.843906
0.120393;59.593952
0.120411;67.564758
0.120428;73.687897
0.120446;75.438957
0.120463;71.585861
0.120481;62.554424
0.120498;50.302433
0.120516;37.739830
0.120533;27.866426
0.120551;22.883015
0.120569;23.539038
0.120586;28.910433
0.120604;36.673351
0.120621;43.792866
0.120639;47.422489
0.120656;45.747986
0.120674;38.525364
0.120691;27.153555
0.120709;14.260155
0.120726;2.922950
0.120744;-4.242092
0.120762;-5.856093
0.120779;-2.185994
0.120797;4.934453
0.120814;12.648087
0.120832;17.921137
0.120849;18.442495
0.120867;13.308918
0.120884;3.293092
0.120902;-9.385029
0.120920;-21.715826
0.120937;-30.791786
0.120955;-34.669121
0.120972;-32.943886
0.120990;-26.871803
0.121007;-18.996191
0.121025;-12.394213
0.121042;-9.764806
0.121060;-12.628576
0.121077;-20.876804
0.121095;-32.803307
0.121113;-45.609756
0.121130;-56.234795
0.121148;-62.261177
0.121165;-62.632198
0.121183;-57.964931
0.121200;-50.367477
0.121218;-42.814209
0.121235;-38.264236
0.121253;-38.784248
0.121271;-44.935699
0.121288;-55.608074
0.121306;-68.347649
0.121323;-80.084442
0.121341;-88.041862
0.121358;-90.559593
0.121376;-87.585732
0.121393;-80.692253
0.121411;-72.609222
0.121428;-66.415703
0.121446;-64.627113
0.121464;-68.449432
0.121481;-77.421555
0.121499;-89.551491
0.121516;-101.906494
0.121534;-111.482033
0.121551;-116.092087
0.121569;-115.017159
0.121586;-109.217529
0.121604;-101.048836
0.121622;-93.563934
0.121639;-89.608131
0.121657;-90.975670
0.121674;-97.877731
0.121692;-108.879486
0.121709;-121.325027
0.121727;-132.124237
0.121744;-138.668457
0.121762;-139.603714
0.121779;-135.232010
0.121797;-127.421951
0.121815;-119.055069
0.121832;-113.171883
0.121850;-112.070518
0.121867;-116.625488
0.121885;-126.028214
0.121902;-138.026199
0.121920;-149.590500
0.121937;-157.813126
0.121955;-160.768906
0.121973;-158.086182
0.121990;-151.056946
0.122008;-142.254211
0.122025;-134.769455
0.122043;-131.296310
0.122060;-133.332123
0.122078;-140.733887
0.122095;-151.760284
0.122113;-163.587540
0.122130;-173.146027
0.122148;-178.030029
0.122166;-177.210709
0.122183;-171.341187
0.122201;-162.563171
0.122218;-153.872299
0.122236;-148.230240
0.122253;-147.687027
0.122271;-152.773102
0.122288;-162.341873
0.122306;-173.909195
0.122324;-184.389450
0.122341;-191.009903
0.122359;-192.132462
0.122376;-187.739273
0.122394;-179.438248
0.122411;-169.986664
0.122429;-162.473969
0.122446;-159.406281
0.122464;-161.963348
0.122481;-169.648666
0.122499;-180.436401
0.122517;-191.371521
0.122534;-199.445435
0.122552;-202.487656
0.122569;-199.809174
0.122587;-192.406860
0.122604;-182.668167
0.122622;-173.663773
0.122639;-168.237381
0.122657;-168.163101
0.122675;-173.619125
0.122692;-183.134903
0.122710;-194.026596
0.122727;-203.192413
0.122745;-208.031738
0.122762;-207.216080
0.122780;-201.082947
0.122797;-191.535934
0.122815;-181.480896
0.122832;-173.964722
0.122850;-171.272293
0.122868;-174.249222
0.122885;-182.050888
0.122903;-192.392731
0.122920;-202.226898
0.122938;-208.645630
0.122955;-209.743103
0.122973;-205.180298
0.122990;-196.285797
0.123008;-185.662277
0.123026;-176.415222
0.123043;-171.232697
0.123061;-171.588379
0.123078;-177.304932
0.123096;-186.606064
0.123113;-196.642914
0.123131;-204.338287
0.123148;-207.298553
0.123166;-204.523331
0.123183;-196.702133
0.123201;-186.010269
0.123219;-175.464371
0.123236;-168.028488
0.123254;-165.735474
0.123271;-169.084579
0.123289;-176.893127
0.123306;-186.646912
0.123324;-195.245148
0.123341;-199.919586
0.123359;-199.054886
0.123377;-192.667725
0.123394;-182.401978
0.123412;-171.041977
0.123429;-161.687332
0.123447;-156.834320
0.123464;-157.636139
0.123482;-163.560822
0.123499;-172.548843
0.123517;-181.623245
0.123534;-187.771988
0.123552;-188.840652
0.123570;-184.171158
0.123587;-174.797165
0.123605;-163.137894
0.123622;-152.281418
0.123640;-145.069595
0.123657;-143.255768
0.123675;-146.985046
0.123692;-154.751083
0.123710;-163.842438
0.123728;-171.146088
0.123745;-174.070038
0.123763;-171.311737
0.123780;-163.244446
0.123798;-151.806808
0.123815;-139.928650
0.123833;-130.662811
0.123850;-126.280487
0.123868;-127.597931
0.123885;-133.734528
0.123903;-142.373581
0.123921;-150.448868
0.123938;-155.053299
0.123956;-154.300812
0.123973;-147.885452
0.123991;-137.172455
0.124008;-124.793907
0.124026;-113.868896
0.124043;-107.079300
0.124061;-105.874855
0.124079;-110.043480
0.124096;-117.773949
0.124114;-126.192604
0.124131;-132.215012
0.124149;-133.460220
0.124166;-128.956619
0.124184;-119.430222
0.124201;-107.089851
0.124219;-94.972763
0.124236;-86.044708
0.124254;-82.321007
0.124272;-84.269196
0.124289;-90.670425
0.124307;-98.980507
0.124324;-106.083893
0.124342;-109.217171
0.124359;-106.788231
0.124377;-98.848381
0.124394;-87.077553
0.124412;-74.286697
0.124430;-63.584976
0.124447;-57.458382
0.124465;-57.032982
0.124482;-61.741093
0.124500;-69.489418
0.124517;-77.279350
0.124535;-82.095772
0.124552;-81.800728
0.124570;-75.767372
0.124587;-65.066093
0.124605;-52.147621
0.124623;-40.117012
0.124640;-31.813524
0.124658;-28.969252
0.124675;-31.695721
0.124693;-38.450706
0.124710;-46.495232
0.124728;-52.705345
0.124745;-54.498051
0.124763;-50.597069
0.124781;-41.411465
0.124798;-28.914724
0.124816;-16.060230
0.124833;-5.906171
0.124851;-0.709310
0.124868;-1.256115
0.124886;-6.629601
0.124903;-14.480996
0.124921;-21.725815
0.124938;-25.458078
0.124956;-23.811760
0.124974;-16.514120
0.124991;-4.966908
0.125009;8.168739
0.125026;19.760691
0.125044;27.133951
0.125061;28.863403
0.125079;25.196245
0.125096;17.978817
0.125114;10.109472
0.125132;4.679564
0.125149;4.057108
0.125167;9.184711
0.125184;19.299864
0.125202;32.160561
0.125219;44.709450
0.125237;53.979771
0.125254;57.974476
0.125272;56.258175
0.125289;50.086269
0.125307;42.032944
0.125325;35.228275
0.125342;32.430511
0.125360;35.208351
0.125377;43.475735
0.125395;55.516968
0.125412;68.494888
0.125430;79.291466
0.125447;85.431747
0.125465;85.817398
0.125482;81.052254
0.125500;73.263504
0.125518;65.471268
0.125535;60.693542
0.125553;61.051514
0.125570;67.140701
0.125588;77.854034
0.125605;90.709717
0.125623;102.586334
0.125640;110.647957
0.125658;113.184418
0.125676;110.118324
0.125693;103.028053
0.125711;94.680077
0.125728;88.209068
0.125746;86.188805
0.125763;89.869057
0.125781;98.804977
0.125798;110.988541
0.125816;123.443382
0.125834;133.106674
0.125851;137.736786
0.125869;136.577682
0.125886;130.583115
0.125904;122.134010
0.125921;114.332993
0.125939;110.084686
0.125956;111.234818
0.125974;118.022850
0.125991;129.010727
0.126009;141.508713
0.126027;152.372314
0.126044;158.934128
0.126062;159.794418
0.126079;155.235931
0.126097;147.140366
0.126114;138.430679
0.126132;132.204956
0.126149;130.817993
0.126167;135.183258
0.126185;144.501831
0.126202;156.498871
0.126220;168.097534
0.126237;176.330780
0.126255;179.220566
0.126272;176.364243
0.126290;169.054047
0.126307;159.894226
0.126325;152.029205
0.126342;148.211807
0.126360;149.987106
0.126378;157.234253
0.126395;168.202042
0.126413;180.027603
0.126430;189.584702
0.126448;194.410217
0.126465;193.434158
0.126483;187.296936
0.126500;178.159760
0.126518;169.064240
0.126536;163.030853
0.126553;162.163849
0.126571;167.027252
0.126588;176.477463
0.126606;188.001968
0.126623;198.463699
0.126641;205.030670
0.126658;206.015427
0.126676;201.375137
0.126693;192.724594
0.126711;182.857773
0.126729;174.919830
0.126746;171.474930
0.126764;173.746262
0.126781;181.253113
0.126799;191.953201
0.126816;202.847687
0.126834;210.869812
0.126851;213.793793
0.126869;210.894592
0.126887;203.163055
0.126904;193.012314
0.126922;183.562897
0.126939;177.717834
0.126957;177.302261
0.126974;182.522202
0.126992;191.903458
0.127009;202.728088
0.127027;211.839905
0.127044;216.579773
0.127062;215.573883
0.127080;209.141022
0.127097;199.198303
0.127115;188.693253
0.127132;180.730347
0.127150;177.650833
0.127167;180.338776
0.127185;187.958908
0.127202;198.203766
0.127220;207.977631
0.127237;214.313736
0.127255;215.253754
0.127273;210.428238
0.127290;201.166443
0.127308;190.102600
0.127325;180.395325
0.127343;174.791550
0.127360;174.812408
0.127378;180.302185
0.127395;189.474274
0.127413;199.440506
0.127431;207.067062
0.127448;209.903244
0.127466;206.907898
0.127483;198.758423
0.127501;187.649994
0.127518;176.645416
0.127536;168.767380
0.127553;166.102737
0.127571;169.183807
0.127589;176.830475
0.127606;186.499741
0.127624;195.039368
0.127641;199.622040
0.127659;198.583389
0.127676;191.915634
0.127694;181.270050
0.127711;169.467880
0.127729;159.664429
0.127746;154.413864
0.127764;154.912338
0.127782;160.643234
0.127799;169.530106
0.127817;178.552048
0.127834;184.638870
0.127852;185.581207
0.127869;180.685455
0.127887;170.979630
0.127904;158.909088
0.127922;147.611847
0.127940;139.988907
0.127957;137.844315
0.127975;141.350510
0.127992;148.997025
0.128010;158.038025
0.128027;165.306030
0.128045;168.150757
0.128062;165.224777
0.128080;156.883072
0.128097;145.078247
0.128115;132.782043
0.128133;123.104828
0.128150;118.373833
0.128168;119.443375
0.128185;125.441566
0.128203;134.028595
0.128220;142.090042
0.128238;146.660065
0.128255;145.800369
0.128273;139.175079
0.128291;128.150528
0.128308;115.390678
0.128326;104.067818
0.128343;96.922516
0.128361;95.451477
0.128378;99.463760
0.128396;107.137398
0.128413;115.559135
0.128431;121.587967
0.128448;122.786049
0.128466;118.141525
0.128484;108.368683
0.128501;95.696640
0.128519;83.208961
0.128536;73.930000
0.128554;69.928596
0.128571;71.704971
0.128589;78.042297
0.128606;86.367271
0.128624;93.512726
0.128642;96.656380
0.128659;94.157471
0.128677;86.043320
0.128694;74.001633
0.128712;60.880600
0.128729;49.845051
0.128747;43.438591
0.128764;42.829784
0.128782;47.465759
0.128799;55.235928
0.128817;63.097485
0.128835;67.977226
0.128852;67.682510
0.128870;61.551399
0.128887;50.649170
0.128905;37.452969
0.128922;25.117899
0.128940;16.542179
0.128957;13.508248
0.128975;16.154427
0.128993;22.933865
0.129010;31.072899
0.129028;37.393063
0.129045;39.253265
0.129063;35.332699
0.129080;26.022705
0.129098;13.311069
0.129115;0.193291
0.129133;-10.214994
0.129150;-15.601272
0.129168;-15.141523
0.129186;-9.744510
0.129203;-1.782539
0.129221;5.611593
0.129238;9.473138
0.129256;7.884255
0.129273;0.542708
0.129291;-11.148203
0.129308;-24.495193
0.129326;-36.312920
0.129344;-43.867874
0.129361;-45.688469
0.129379;-42.001217
0.129396;-34.663723
0.129414;-26.614178
0.129431;-21.000547
0.129449;-20.247480
0.129466;-25.337421
0.129484;-35.519123
0.129501;-48.529934
0.129519;-61.266056
0.129537;-70.702255
0.129554;-74.788300
0.129572;-73.056679
0.129589;-66.761246
0.129607;-58.505630
0.129624;-51.471725
0.129642;-48.476479
0.129659;-51.136879
0.129677;-59.390385
0.129695;-71.513138
0.129712;-84.630493
0.129730;-95.568764
0.129747;-101.795662
0.129765;-102.170845
0.129782;-97.283867
0.129800;-89.279617
0.129817;-81.222694
0.129835;-76.189079
0.129852;-76.354408
0.129870;-82.348839
0.129888;-93.069977
0.129905;-106.009293
0.129923;-117.995239
0.129940;-126.133095
0.129958;-128.662796
0.129975;-125.480621
0.129993;-118.170082
0.130010;-109.532684
0.130028;-102.757675
0.130046;-100.476723
0.130063;-103.983749
0.130081;-112.851196
0.130098;-125.056305
0.130116;-137.580460
0.130133;-147.303406
0.130151;-151.928162
0.130168;-150.661560
0.130186;-144.449692
0.130203;-135.697418
0.130221;-127.555840
0.130239;-122.988258
0.130256;-123.891899
0.130274;-130.535309
0.130291;-141.478378
0.130309;-153.998978
0.130326;-164.899399
0.130344;-171.453964
0.130361;-172.216827
0.130379;-167.450668
0.130397;-159.048843
0.130414;-149.974472
0.130432;-143.382233
0.130449;-141.683365
0.130467;-145.830688
0.130484;-155.036163
0.130502;-167.003876
0.130519;-178.610474
0.130537;-186.830490
0.130554;-189.633133
0.130572;-186.584122
0.130590;-178.974625
0.130607;-169.438690
0.130625;-161.172745
0.130642;-156.988113
0.130660;-158.477798
0.130677;-165.544037
0.130695;-176.426987
0.130712;-188.226120
0.130730;-197.759598
0.130748;-202.507156
0.130765;-201.357254
0.130783;-194.936630
0.130800;-185.424576
0.130818;-175.907333
0.130835;-169.463470
0.130853;-168.251266
0.130870;-172.869003
0.130888;-182.177322
0.130905;-193.636627
0.130923;-204.059601
0.130941;-210.555695
0.130958;-211.387894
0.130976;-206.487625
0.130993;-197.475281
0.131011;-187.180099
0.131028;-178.801941
0.131046;-174.962692
0.131063;-176.929214
0.131081;-184.237656
0.131099;-194.830643
0.131116;-205.666840
0.131134;-213.622162
0.131151;-216.415741
0.131169;-213.285950
0.131186;-205.216400
0.131204;-194.644608
0.131221;-184.739746
0.131239;-178.463440
0.131256;-177.691879
0.131274;-182.659821
0.131292;-191.890533
0.131309;-202.633408
0.131327;-211.678940
0.131344;-216.309998
0.131362;-215.107056
0.131379;-208.369339
0.131397;-198.026108
0.131414;-187.065292
0.131432;-178.647919
0.131450;-175.171402
0.131467;-177.558884
0.131485;-184.985306
0.131502;-195.121918
0.131520;-204.826233
0.131537;-211.073242
0.131555;-211.852158
0.131572;-206.762436
0.131590;-197.132721
0.131607;-185.627441
0.131625;-175.457199
0.131643;-169.427368
0.131660;-169.106583
0.131678;-174.361755
0.131695;-183.397232
0.131713;-193.286880
0.131730;-200.841293
0.131748;-203.552887
0.131765;-200.339493
0.131783;-191.865128
0.131801;-180.343628
0.131818;-168.882629
0.131836;-160.562744
0.131853;-157.524643
0.131871;-160.334381
0.131888;-167.815598
0.131906;-177.397934
0.131923;-185.878769
0.131941;-190.372299
0.131958;-189.165115
0.131976;-182.224091
0.131994;-171.206528
0.132011;-158.969360
0.132029;-148.722458
0.132046;-143.077591
0.132064;-143.274170
0.132081;-148.811874
0.132099;-157.598816
0.132116;-166.571335
0.132134;-172.601990
0.132151;-173.426605
0.132169;-168.315460
0.132187;-158.289841
0.132204;-145.819778
0.132222;-134.092133
0.132239;-126.066299
0.132257;-123.597153
0.132274;-126.885208
0.132292;-134.417130
0.132309;-143.414017
0.132327;-150.655090
0.132345;-153.432190
0.132362;-150.352631
0.132380;-141.752274
0.132397;-129.596298
0.132415;-116.897057
0.132432;-106.821510
0.132450;-101.752747
0.132467;-102.583618
0.132485;-108.452087
0.132503;-116.996552
0.132520;-125.055717
0.132538;-129.605545
0.132555;-128.655640
0.132573;-121.839432
0.132590;-110.523163
0.132608;-97.401283
0.132625;-85.698143
0.132643;-78.212547
0.132660;-76.488297
0.132678;-80.356613
0.132696;-87.985970
0.132713;-96.424927
0.132731;-102.476799
0.132748;-103.647194
0.132766;-98.883530
0.132783;-88.887321
0.132801;-75.906616
0.132818;-63.070026
0.132836;-53.459709
0.132854;-49.198025
0.132871;-50.818432
0.132889;-57.107361
0.132906;-65.463768
0.132924;-72.669975
0.132941;-75.845413
0.132959;-73.300514
0.132976;-65.037773
0.132994;-52.751385
0.133011;-39.325413
0.133029;-27.979347
0.133047;-21.314064
0.133064;-20.540995
0.133082;-25.123068
0.133099;-32.933762
0.133117;-40.887310
0.133134;-45.853275
0.133152;-45.584484
0.133169;-39.383293
0.133187;-28.308729
0.133205;-14.862939
0.133222;-2.249954
0.133240;6.573719
0.133257;9.775236
0.133275;7.188668
0.133292;0.364250
0.133310;-7.890991
0.133327;-14.345161
0.133345;-16.299459
0.133362;-12.388264
0.133380;-2.984191
0.133398;9.911971
0.133415;23.263916
0.133433;33.899452
0.133450;39.450523
0.133468;39.055050
0.133485;33.612461
0.133503;25.517246
0.133520;17.949310
0.133538;13.931474
0.133556;15.433414
0.133573;22.787594
0.133591;34.590393
0.133608;48.117729
0.133626;60.132156
0.133643;67.842140
0.133661;69.729378
0.133678;65.998825
0.133696;58.518021
0.133713;50.263699
0.133731;44.439518
0.133749;43.526455
0.133766;48.547287
0.133784;58.763088
0.133801;71.891914
0.133819;84.784767
0.133836;94.358681
0.133854;98.510315
0.133871;96.739395
0.133889;90.296982
0.133907;81.814896
0.133924;74.525635
0.133942;71.304344
0.133959;73.816444
0.133977;82.023811
0.133994;94.195663
0.134012;107.421234
0.134029;118.472183
0.134047;124.759224
0.134064;125.099579
0.134082;120.067535
0.134100;111.824364
0.134117;103.477859
0.134135;98.161247
0.134152;98.104416
0.134170;103.972809
0.134187;114.669846
0.134205;127.661644
0.134222;139.727692
0.134240;147.915054
0.134258;150.413712
0.134275;147.092834
0.134293;139.539795
0.134310;130.589828
0.134328;123.485695
0.134345;120.916557
0.134363;124.220840
0.134380;132.989243
0.134398;145.185593
0.134415;157.750259
0.134433;167.506546
0.134451;172.102173
0.134468;170.706451
0.134486;164.256577
0.134503;155.180099
0.134521;146.675323
0.134538;141.763641
0.134556;142.393784
0.134573;148.864044
0.134591;159.733612
0.134609;172.249268
0.134626;183.161133
0.134644;189.685684
0.134661;190.330856
0.134679;185.338196
0.134696;176.611542
0.134714;167.152832
0.134731;160.172440
0.134749;158.137726
0.134766;162.041489
0.134784;171.107483
0.134802;183.020172
0.134819;194.610840
0.134837;202.796402
0.134854;205.493301
0.134872;202.234970
0.134889;194.310364
0.134907;184.382019
0.134924;175.697098
0.134942;171.125031
0.134960;172.306870
0.134977;179.168869
0.134995;189.943848
0.135012;201.694855
0.135030;211.185364
0.135047;215.838455
0.135065;214.500626
0.135082;207.783722
0.135100;197.883957
0.135117;187.931015
0.135135;181.060593
0.135153;179.485062
0.135170;183.837463
0.135188;192.983856
0.135205;204.358948
0.135223;214.726303
0.135240;221.137405
0.135258;221.805573
0.135275;216.635666
0.135293;207.252411
0.135311;196.519119
0.135328;187.689178
0.135346;183.441849
0.135363;185.088120
0.135381;192.181870
0.135398;202.651947
0.135416;213.415817
0.135433;221.292908
0.135451;223.947464
0.135468;220.580704
0.135486;212.167923
0.135504;201.169632
0.135521;190.802475
0.135539;184.085999
0.135556;182.947647
0.135574;187.651459
0.135591;196.719528
0.135609;207.369827
0.135626;216.340668
0.135644;220.857254
0.135662;219.454269
0.135679;212.410248
0.135697;201.665436
0.135714;190.246796
0.135732;181.371140
0.135749;177.491699
0.135767;179.571152
0.135784;186.795837
0.135802;196.816971
0.135819;206.446503
0.135837;212.601959
0.135855;213.220078
0.135872;207.868439
0.135890;197.874054
0.135907;185.930099
0.135925;175.298126
0.135942;168.841400
0.135960;168.176285
0.135977;173.193161
0.135995;182.088623
0.136013;191.899902
0.136030;199.382843
0.136048;201.973450
0.136065;198.547928
0.136083;189.756073
0.136100;177.828903
0.136118;165.917725
0.136135;157.160324
0.136153;153.751038
0.136170;156.290344
0.136188;163.606750
0.136206;173.103897
0.136223;181.529861
0.136241;185.941025
0.136258;184.574707
0.136276;177.371613
0.136293;165.993912
0.136311;153.332809
0.136328;142.651886
0.136346;136.619980
0.136364;136.520218
0.136381;141.869553
0.136399;150.561905
0.136416;159.492157
0.136434;165.476440
0.136451;166.195892
0.136469;160.884109
0.136486;150.554565
0.136504;137.700623
0.136521;125.556786
0.136539;117.140236
0.136557;114.356728
0.136574;117.435638
0.136592;124.861938
0.136609;133.825058
0.136627;141.051819
0.136644;143.776703
0.136662;140.561493
0.136679;131.721954
0.136697;119.234573
0.136715;106.151001
0.136732;95.693962
0.136750;90.302139
0.136767;90.907433
0.136785;96.658737
0.136802;105.173988
0.136820;113.246155
0.136837;117.793739
0.136855;116.774223
0.136872;109.789673
0.136890;98.205017
0.136908;84.743858
0.136925;72.681549
0.136943;64.874619
0.136960;62.914230
0.136978;66.654541
0.136995;74.255836
0.137013;82.729721
0.137030;88.824745
0.137048;89.990265
0.137066;85.132553
0.137083;74.939278
0.137101;61.676128
0.137118;48.515533
0.137136;38.596729
0.137153;34.095455
0.137171;35.579105
0.137188;41.838497
0.137206;50.246159
0.137223;57.535015
0.137241;60.766754
0.137259;58.202862
0.137276;49.820171
0.137294;37.318100
0.137311;23.615313
0.137329;11.984982
0.137346;5.084875
0.137364;4.169667
0.137381;8.719069
0.137399;16.591917
0.137417;24.660727
0.137434;29.738632
0.137452;29.524035
0.137469;23.283031
0.137487;12.067249
0.137504;-1.597456
0.137522;-14.459299
0.137539;-23.504103
0.137557;-26.848532
0.137574;-24.298292
0.137592;-17.405790
0.137610;-9.010105
0.137627;-2.395566
0.137645;-0.318250
0.137662;-4.188925
0.137680;-13.654614
0.137697;-26.702835
0.137715;-40.257736
0.137732;-51.091427
0.137750;-56.780537
0.137768;-56.424370
0.137785;-50.911995
0.137803;-42.658752
0.137820;-34.890480
0.137838;-30.687428
0.137855;-32.071102
0.137873;-39.404930
0.137890;-51.286140
0.137908;-64.961189
0.137925;-77.141579
0.137943;-84.978233
0.137961;-86.905914
0.137978;-83.107124
0.137996;-75.458099
0.138013;-66.972809
0.138031;-60.909733
0.138048;-59.805920
0.138066;-64.724907
0.138083;-74.941147
0.138101;-88.154709
0.138119;-101.172592
0.138136;-110.854858
0.138154;-115.045105
0.138171;-113.209618
0.138189;-106.595604
0.138206;-97.861656
0.138224;-90.289864
0.138241;-86.812981
0.138259;-89.145096
0.138276;-97.273285
0.138294;-109.461136
0.138312;-122.763008
0.138329;-133.896851
0.138347;-140.216782
0.138364;-140.497192
0.138382;-135.296097
0.138399;-126.789879
0.138417;-118.128296
0.138434;-112.501007
0.138452;-112.192085
0.138470;-117.902840
0.138487;-128.543640
0.138505;-141.556564
0.138522;-153.673172
0.138540;-161.883102
0.138557;-164.326141
0.138575;-160.843628
0.138592;-153.025604
0.138610;-143.739670
0.138627;-136.281158
0.138645;-133.396362
0.138663;-136.468506
0.138680;-145.107452
0.138698;-157.264954
0.138715;-169.841614
0.138733;-179.605087
0.138750;-184.148026
0.138768;-182.601669
0.138785;-175.893311
0.138803;-166.471756
0.138821;-157.581528
0.138838;-152.301300
0.138856;-152.631409
0.138873;-158.900665
0.138891;-169.668671
0.138908;-182.152451
0.138926;-193.050980
0.138943;-199.523438
0.138961;-200.031174
0.138978;-194.793839
0.138996;-185.724411
0.139014;-175.862366
0.139031;-168.472946
0.139049;-166.079407
0.139066;-169.714890
0.139084;-178.616074
0.139101;-190.449097
0.139119;-202.001038
0.139136;-210.131973
0.139154;-212.705536
0.139172;-209.222275
0.139189;-200.967712
0.139207;-190.631592
0.139224;-181.510803
0.139242;-176.532303
0.139259;-177.385483
0.139277;-184.021271
0.139294;-194.666519
0.139312;-206.349121
0.139329;-215.778809
0.139347;-220.322266
0.139365;-218.783630
0.139382;-211.759003
0.139400;-201.460068
0.139417;-191.058807
0.139435;-183.747314
0.139452;-181.791824
0.139470;-185.860931
0.139487;-194.827118
0.139505;-206.100723
0.139523;-216.397308
0.139540;-222.710938
0.139558;-223.205246
0.139575;-217.757660
0.139593;-207.996048
0.139610;-196.816467
0.139628;-187.524963
0.139645;-182.857742
0.139663;-184.170151
0.139680;-191.034897
0.139698;-201.368256
0.139716;-212.047745
0.139733;-219.837158
0.139751;-222.345932
0.139768;-218.737656
0.139786;-209.978241
0.139803;-198.549866
0.139821;-187.715530
0.139838;-180.552032
0.139856;-179.038116
0.139874;-183.467834
0.139891;-192.363327
0.139909;-202.912430
0.139926;-211.802277
0.139944;-216.200897
0.139961;-214.596802
0.139979;-207.247101
0.139996;-196.101639
0.140014;-184.225189
0.140031;-174.889465
0.140049;-170.603424
0.140067;-172.369553
0.140084;-179.386749
0.140102;-189.287491
0.140119;-198.839325
0.140137;-204.902939
0.140154;-205.362640
0.140172;-199.753616
0.140189;-189.399826
0.140207;-177.022110
0.140225;-165.931808
0.140242;-159.049576
0.140260;-158.039764
0.140277;-162.817017
0.140295;-171.571442
0.140312;-181.304855
0.140330;-188.719360
0.140347;-191.194687
0.140365;-187.565201
0.140382;-178.465317
0.140400;-166.142044
0.140418;-153.789108
0.140435;-144.600708
0.140453;-140.824814
0.140470;-143.096893
0.140488;-150.251511
0.140505;-159.667496
0.140523;-168.044830
0.140540;-172.382584
0.140558;-170.868622
0.140576;-163.416779
0.140593;-151.692795
0.140611;-138.620941
0.140628;-127.517502
0.140646;-121.108040
0.140663;-120.719711
0.140681;-125.887756
0.140698;-134.493134
0.140716;-143.390457
0.140733;-149.340286
0.140751;-149.969177
0.140769;-144.473511
0.140786;-133.857834
0.140804;-120.637589
0.140821;-108.093742
0.140839;-99.300690
0.140856;-96.215096
0.140874;-99.095963
0.140891;-106.427734
0.140909;-115.369415
0.140927;-122.596542
0.140944;-125.286507
0.140962;-121.955360
0.140979;-112.897888
0.140997;-100.100555
0.141014;-86.653145
0.141032;-75.833237
0.141049;-70.134911
0.141067;-70.529633
0.141084;-76.178200
0.141102;-84.679398
0.141120;-92.781647
0.141137;-97.346649
0.141155;-96.279739
0.141172;-89.150940
0.141190;-77.322693
0.141207;-63.546505
0.141225;-51.147652
0.141242;-43.039913
0.141260;-40.862003
0.141278;-44.491905
0.141295;-52.082920
0.141313;-60.610931
0.141330;-66.770683
0.141348;-67.955490
0.141365;-63.030052
0.141383;-52.667225
0.141400;-39.149017
0.141418;-25.690508
0.141435;-15.487269
0.141453;-10.768364
0.141471;-12.135724
0.141488;-18.385677
0.141506;-26.865614
0.141523;-34.260136
0.141541;-37.573727
0.141558;-35.018768
0.141576;-26.545618
0.141593;-13.857711
0.141611;0.092968
0.141629;11.980497
0.141646;19.090574
0.141664;20.124914
0.141681;15.586081
0.141699;7.628608
0.141716;-0.579498
0.141734;-5.795714
0.141751;-5.664155
0.141769;0.585928
0.141786;11.911380
0.141804;25.763941
0.141822;38.845188
0.141839;48.083870
0.141857;51.546082
0.141874;49.008434
0.141892;42.024311
0.141909;33.463577
0.141927;26.662020
0.141944;24.432600
0.141962;28.231531
0.141980;37.726379
0.141997;50.894238
0.142015;64.620934
0.142032;75.623726
0.142050;81.424080
0.142067;81.082268
0.142085;75.475906
0.142102;67.039894
0.142120;59.044922
0.142137;54.627964
0.142155;55.862408
0.142173;63.143311
0.142190;75.069962
0.142208;88.860611
0.142225;101.176727
0.142243;109.112190
0.142260;111.054581
0.142278;107.163071
0.142295;99.321388
0.142313;90.579544
0.142331;84.249901
0.142348;82.925354
0.142366;87.710648
0.142383;97.894615
0.142401;111.160622
0.142418;124.272827
0.142436;134.035049
0.142453;138.237885
0.142471;136.313538
0.142488;129.504227
0.142506;120.494064
0.142524;112.613647
0.142541;108.852882
0.142559;110.974609
0.142576;118.992012
0.142594;131.164154
0.142611;144.511887
0.142629;155.700363
0.142646;162.027374
0.142664;162.224121
0.142682;156.831421
0.142699;148.039474
0.142717;139.038849
0.142734;133.074860
0.142752;132.485687
0.142769;138.009033
0.142787;148.563339
0.142804;161.567917
0.142822;173.707565
0.142839;181.914993
0.142857;184.279709
0.142875;180.614517
0.142892;172.510895
0.142910;162.867630
0.142927;155.031555
0.142945;151.805817
0.142962;154.618683
0.142980;163.100082
0.142997;175.191025
0.143015;187.753540
0.143033;197.500381
0.143050;201.969421
0.143068;200.253220
0.143085;193.268204
0.143103;183.483124
0.143120;174.187546
0.143138;168.516922
0.143155;168.523117
0.143173;174.566193
0.143190;185.207367
0.143208;197.635147
0.143226;208.498398
0.143243;214.899384
0.143261;215.252731
0.143278;209.755203
0.143296;200.327759
0.143313;190.046219
0.143331;182.229843
0.143348;179.457443
0.143366;182.803040
0.143384;191.517258
0.143401;203.249146
0.143419;214.742737
0.143436;222.801926
0.143454;225.237671
0.143471;221.516922
0.143489;212.920670
0.143506;202.164597
0.143524;192.594269
0.143541;187.193665
0.143559;187.700638
0.143577;194.091797
0.143594;204.589020
0.143612;216.186417
0.143629;225.540878
0.143647;229.962982
0.143664;228.214096
0.143682;220.873581
0.143699;210.167480
0.143717;199.308731
0.143734;191.545166
0.143752;189.196854
0.143770;192.968384
0.143787;201.739838
0.143805;212.898453
0.143822;223.112839
0.143840;229.320312
0.143857;229.634537
0.143875;223.904846
0.143892;213.761078
0.143910;202.130753
0.143928;192.371597
0.143945;187.276459
0.143963;188.245407
0.143980;194.870728
0.143998;205.057587
0.144015;215.644592
0.144033;223.340759
0.144050;225.700897
0.144068;221.850403
0.144086;212.744751
0.144103;200.886566
0.144121;189.583984
0.144138;181.970581
0.144156;180.076340
0.144173;184.226151
0.144191;192.943222
0.144208;203.386642
0.144226;212.193253
0.144243;216.474380
0.144261;214.672104
0.144279;207.021255
0.144296;195.479996
0.144314;183.149765
0.144331;173.356293
0.144349;168.663925
0.144366;170.115692
0.144384;176.923859
0.144401;186.703430
0.144419;196.178726
0.144437;202.154327
0.144454;202.462112
0.144472;196.604080
0.144489;185.900253
0.144507;173.097610
0.144524;161.556396
0.144542;154.254166
0.144559;152.903412
0.144577;157.443893
0.144594;166.060455
0.144612;175.720688
0.144630;183.073807
0.144647;185.443726
0.144665;181.622314
0.144682;172.227814
0.144700;159.521881
0.144717;146.739594
0.144735;137.130737
0.144752;132.996887
0.144770;135.009079
0.144788;142.009018
0.144805;151.352036
0.144823;159.690933
0.144840;163.968201
0.144858;162.322006
0.144875;154.638596
0.144893;142.586044
0.144910;129.120468
0.144928;117.609848
0.144945;110.836250
0.144963;110.171135
0.144981;115.168922
0.144998;123.698883
0.145016;132.576569
0.145033;138.507645
0.145051;139.064362
0.145068;133.405258
0.145086;122.524918
0.145103;108.959564
0.145121;96.035591
0.145139;86.883942
0.145156;83.512314
0.145174;86.209976
0.145191;93.462059
0.145209;102.398399
0.145226;109.644150
0.145244;112.320122
0.145261;108.896255
0.145279;99.645500
0.145296;86.563103
0.145314;72.775742
0.145332;61.615021
0.145349;55.630245
0.145367;55.832851
0.145384;61.396610
0.145402;69.902428
0.145419;78.055237
0.145437;82.660622
0.145454;81.571762
0.145472;74.325935
0.145490;62.282040
0.145507;48.218151
0.145525;35.508495
0.145542;27.123611
0.145560;24.749992
0.145577;28.290253
0.145595;35.891918
0.145612;44.496384
0.145630;50.745403
0.145647;51.976566
0.145665;47.012566
0.145683;36.510468
0.145700;22.767328
0.145718;9.039743
0.145735;-1.421109
0.145753;-6.332894
0.145770;-5.058549
0.145788;1.204859
0.145805;9.780836
0.145823;17.306692
0.145841;20.730246
0.145858;18.214603
0.145876;9.682877
0.145893;-3.158670
0.145911;-17.325974
0.145928;-29.441286
0.145946;-36.734100
0.145963;-37.862179
0.145981;-33.309429
0.145998;-25.242519
0.146016;-16.868816
0.146034;-11.485743
0.146051;-11.503351
0.146069;-17.729792
0.146086;-29.131441
0.146104;-43.138901
0.146121;-56.408180
0.146139;-65.811577
0.146156;-69.364517
0.146174;-66.813766
0.146192;-59.712582
0.146209;-50.960350
0.146227;-43.943378
0.146244;-41.531109
0.146262;-45.225506
0.146279;-54.715569
0.146297;-67.969208
0.146314;-81.835098
0.146332;-92.976463
0.146349;-98.859856
0.146367;-98.505959
0.146385;-92.779922
0.146402;-84.135033
0.146420;-75.885658
0.146437;-71.224869
0.146455;-72.278000
0.146472;-79.472412
0.146490;-91.410530
0.146507;-105.283707
0.146525;-117.704346
0.146543;-125.709763
0.146560;-127.640121
0.146578;-123.630463
0.146595;-115.570770
0.146613;-106.545891
0.146630;-99.921234
0.146648;-98.345291
0.146665;-102.964447
0.146683;-113.082924
0.146700;-126.368584
0.146718;-139.543945
0.146736;-149.357254
0.146753;-153.546127
0.146771;-151.508102
0.146788;-144.479309
0.146806;-135.168167
0.146823;-126.952736
0.146841;-122.879517
0.146858;-124.760384
0.146876;-132.635254
0.146894;-144.760056
0.146911;-158.123184
0.146929;-169.337997
0.146946;-175.646225
0.146964;-175.735565
0.146981;-170.128662
0.146999;-161.028320
0.147016;-151.664795
0.147034;-145.338318
0.147051;-144.440979
0.147069;-149.747543
0.147087;-160.185547
0.147104;-173.152786
0.147122;-185.288391
0.147139;-193.468628
0.147157;-195.732803
0.147174;-191.864258
0.147192;-183.454910
0.147209;-173.433380
0.147227;-165.197220
0.147245;-161.605881
0.147262;-164.133057
0.147280;-172.429718
0.147297;-184.427277
0.147315;-196.950333
0.147332;-206.657669
0.147350;-211.032425
0.147367;-209.128036
0.147385;-201.848984
0.147402;-191.682816
0.147420;-181.963013
0.147438;-175.881134
0.147455;-175.540726
0.147473;-181.333694
0.147490;-191.824020
0.147508;-204.172943
0.147525;-214.980179
0.147543;-221.291595
0.147560;-221.474747
0.147578;-215.702774
0.147596;-205.903351
0.147613;-195.187485
0.147631;-186.927521
0.147648;-183.757721
0.147666;-186.793396
0.147683;-195.300049
0.147701;-206.910934
0.147718;-218.328171
0.147736;-226.300125
0.147753;-228.585114
0.147771;-224.615829
0.147789;-215.667694
0.147806;-204.481064
0.147824;-194.449188
0.147841;-188.612534
0.147859;-188.757675
0.147876;-194.887589
0.147894;-205.220444
0.147911;-216.717712
0.147929;-225.984421
0.147947;-230.275269
0.147964;-228.308487
0.147982;-220.645828
0.147999;-209.526337
0.148017;-198.202835
0.148034;-189.978165
0.148052;-187.226151
0.148069;-190.687927
0.148087;-199.252258
0.148104;-210.284485
0.148122;-220.407425
0.148140;-226.502014
0.148157;-226.631989
0.148175;-220.617813
0.148192;-210.090073
0.148210;-198.006622
0.148227;-187.775894
0.148245;-182.246994
0.148262;-182.865051
0.148280;-189.242950
0.148298;-199.275757
0.148315;-209.764496
0.148333;-217.364059
0.148350;-219.574875
0.148368;-215.483597
0.148385;-206.034271
0.148403;-193.748611
0.148420;-181.979050
0.148438;-173.915085
0.148455;-171.638153
0.148473;-175.504562
0.148491;-184.039810
0.148508;-194.375412
0.148526;-203.098877
0.148543;-207.265274
0.148561;-205.270020
0.148578;-197.324707
0.148596;-185.394699
0.148613;-172.616928
0.148631;-162.370300
0.148649;-157.274384
0.148666;-158.413025
0.148684;-165.013031
0.148701;-174.673080
0.148719;-184.075455
0.148736;-189.969177
0.148754;-190.133728
0.148771;-184.037354
0.148789;-172.994873
0.148806;-159.778427
0.148824;-147.796005
0.148842;-140.081573
0.148859;-138.395981
0.148877;-142.704941
0.148894;-151.189133
0.148912;-160.783188
0.148929;-168.084320
0.148947;-170.360794
0.148964;-166.361710
0.148982;-156.688095
0.149000;-143.615112
0.149017;-130.417953
0.149035;-120.401367
0.149052;-115.920418
0.149070;-117.682350
0.149087;-124.536934
0.149105;-133.817337
0.149122;-142.130310
0.149140;-146.362030
0.149157;-144.601059
0.149175;-136.705154
0.149193;-124.343727
0.149210;-110.503349
0.149228;-98.602951
0.149245;-91.480637
0.149263;-90.552551
0.149280;-95.393196
0.149298;-103.861336
0.149315;-112.734642
0.149333;-118.664673
0.149351;-119.169365
0.149368;-113.369041
0.149386;-102.247231
0.149403;-88.359695
0.149421;-75.077187
0.149438;-65.586662
0.149456;-61.946804
0.149473;-64.477959
0.149491;-71.667007
0.149508;-80.615822
0.149526;-87.900154
0.149544;-90.584595
0.149561;-87.092773
0.149579;-77.674835
0.149596;-64.333679
0.149614;-50.231689
0.149631;-38.753696
0.149649;-32.503983
0.149666;-32.534462
0.149684;-38.032856
0.149702;-46.563385
0.149719;-54.788609
0.149737;-59.458633
0.149754;-58.374466
0.149772;-51.040028
0.149789;-38.809479
0.149807;-24.486315
0.149824;-11.492697
0.149842;-2.855452
0.149859;-0.309063
0.149877;-3.781593
0.149895;-11.415949
0.149912;-20.120209
0.149930;-26.484030
0.149947;-27.789488
0.149965;-22.816872
0.149982;-12.206485
0.150000;1.730754
0.150017;15.697892
0.150035;26.388823
0.150053;31.468004
0.150070;30.262665
0.150088;23.962200
0.150105;15.265764
0.150123;7.582323
0.150140;4.020223
0.150158;6.465770
0.150175;15.023874
0.150193;27.986599
0.150210;42.339005
0.150228;54.652424
0.150246;62.100460
0.150263;63.296585
0.150281;58.705147
0.150298;50.503754
0.150316;41.937996
0.150333;36.359447
0.150351;36.232227
0.150368;42.402416
0.150386;53.846962
0.150404;67.976555
0.150421;81.402725
0.150439;90.941833
0.150456;94.558601
0.150474;91.969269
0.150491;84.725769
0.150509;75.755875
0.150526;68.495445
0.150544;65.870049
0.150561;69.427673
0.150579;78.879662
0.150597;92.185867
0.150614;106.159042
0.150632;117.409164
0.150649;123.347992
0.150667;122.956223
0.150684;117.085541
0.150702;108.206383
0.150719;99.675697
0.150737;94.742111
0.150755;95.582840
0.150772;102.658257
0.150790;114.575020
0.150807;128.498795
0.150825;140.993973
0.150842;149.041626
0.150860;150.934341
0.150877;146.782242
0.150895;138.480377
0.150912;129.147202
0.150930;122.200455
0.150948;120.343925
0.150965;124.766068
0.150983;134.787415
0.151000;148.061600
0.151018;161.270599
0.151035;171.107742
0.151053;175.257706
0.151070;173.082840
0.151088;165.812027
0.151106;156.176819
0.151123;147.601730
0.151141;143.189423
0.151158;144.800873
0.151176;152.503601
0.151193;164.551453
0.151211;177.901672
0.151228;189.116608
0.151246;195.382278
0.151263;195.342545
0.151281;189.500946
0.151299;180.071747
0.151316;170.323608
0.151334;163.611084
0.151351;162.380096
0.151369;167.442978
0.151386;177.737366
0.151404;190.640839
0.151421;202.747818
0.151439;210.878799
0.151457;213.022629
0.151474;208.932632
0.151492;200.199936
0.151509;189.781845
0.151527;181.125702
0.151544;177.146881
0.151562;179.364883
0.151579;187.452530
0.151597;199.332809
0.151614;211.794083
0.151632;221.441895
0.151650;225.704865
0.151667;223.596863
0.151685;216.009354
0.151702;205.447464
0.151720;195.287598
0.151737;188.776749
0.151755;188.070175
0.151772;193.592392
0.151790;203.911163
0.151808;216.161682
0.151825;226.895508
0.151843;233.102478
0.151860;233.102905
0.151878;227.045456
0.151895;216.863358
0.151913;205.701599
0.151930;196.984879
0.151948;193.402634
0.151965;196.111877
0.151983;204.394028
0.152001;215.867645
0.152018;227.194107
0.152036;235.066925
0.152053;237.191757
0.152071;232.966431
0.152088;223.659775
0.152106;212.035553
0.152123;201.533737
0.152141;195.250824
0.152159;195.022247
0.152176;200.878113
0.152194;211.034164
0.152211;222.420334
0.152229;231.590530
0.152246;235.743988
0.152264;233.555450
0.152281;225.568085
0.152299;214.032730
0.152316;202.241089
0.152334;193.550201
0.152352;190.387527
0.152369;193.531403
0.152387;201.880234
0.152404;212.778793
0.152422;222.804962
0.152439;228.783981
0.152457;228.729477
0.152474;222.432281
0.152492;211.522720
0.152510;198.987656
0.152527;188.285446
0.152545;182.320999
0.152562;182.584930
0.152580;188.711456
0.152597;198.586853
0.152615;208.975601
0.152632;216.479385
0.152650;218.544205
0.152667;214.217636
0.152685;204.431122
0.152703;191.724472
0.152720;179.493134
0.152738;170.982101
0.152755;168.324203
0.152773;171.907959
0.152790;180.262177
0.152808;190.491959
0.152825;199.136536
0.152843;203.195053
0.152861;201.016022
0.152878;192.786957
0.152896;180.479340
0.152913;167.264282
0.152931;156.573120
0.152948;151.080444
0.152966;151.911469
0.152983;158.308350
0.153001;167.854721
0.153018;177.191788
0.153036;183.013840
0.153054;183.047882
0.153071;176.727707
0.153089;165.362045
0.153106;151.746796
0.153124;139.336761
0.153141;131.221954
0.153159;129.211716
0.153176;133.298447
0.153194;141.659836
0.153212;151.198761
0.153229;158.461227
0.153247;160.660126
0.153264;156.501434
0.153282;146.568054
0.153299;133.147400
0.153317;119.553673
0.153334;109.145943
0.153352;104.332642
0.153369;105.857750
0.153387;112.580269
0.153405;121.812271
0.153422;130.115509
0.153440;134.320435
0.153457;132.465790
0.153475;124.380150
0.153492;111.733025
0.153510;97.540413
0.153527;85.271217
0.153545;77.819252
0.153563;76.645676
0.153580;81.345932
0.153598;89.769508
0.153615;98.657265
0.153633;104.607368
0.153650;105.083717
0.153668;99.167717
0.153685;87.830940
0.153703;73.647469
0.153720;60.031342
0.153738;50.224934
0.153756;46.338062
0.153773;48.722740
0.153791;55.868752
0.153808;64.851166
0.153826;72.197266
0.153843;74.915802
0.153861;71.383797
0.153878;61.827805
0.153896;48.257179
0.153914;33.868843
0.153931;22.100080
0.153949;15.609962
0.153966;15.491310
0.153984;20.946777
0.154001;29.525078
0.154019;37.847469
0.154036;42.609200
0.154054;41.559090
0.154071;34.167042
0.154089;21.781473
0.154107;7.230038
0.154124;-6.018121
0.154142;-14.880330
0.154159;-17.573929
0.154177;-14.144616
0.154194;-6.452961
0.154212;2.376966
0.154229;8.883517
0.154247;10.293539
0.154265;5.344502
0.154282;-5.340982
0.154300;-19.439342
0.154317;-33.614349
0.154335;-44.505650
0.154352;-49.724586
0.154370;-48.562054
0.154387;-42.198780
0.154405;-33.355370
0.154422;-25.486080
0.154440;-21.754927
0.154458;-24.097771
0.154475;-32.648296
0.154493;-45.698025
0.154510;-60.202312
0.154528;-72.682457
0.154545;-80.256477
0.154563;-81.493256
0.154580;-76.836647
0.154598;-68.474091
0.154616;-59.688225
0.154633;-53.884106
0.154651;-53.579781
0.154668;-59.659790
0.154686;-71.112701
0.154703;-85.330452
0.154721;-98.881119
0.154738;-108.525734
0.154756;-112.178207
0.154773;-109.523537
0.154791;-102.111328
0.154809;-92.896469
0.154826;-85.363510
0.154844;-82.493774
0.154861;-85.881554
0.154879;-95.261360
0.154896;-108.586205
0.154914;-122.634018
0.154931;-133.962296
0.154949;-139.928268
0.154967;-139.472092
0.154984;-133.431076
0.155002;-124.291565
0.155019;-115.452118
0.155037;-110.216225
0.155054;-110.813095
0.155072;-117.736671
0.155089;-129.599030
0.155107;-143.541260
0.155124;-156.080658
0.155142;-164.142593
0.155160;-165.971848
0.155177;-161.652740
0.155195;-153.084305
0.155212;-143.417542
0.155230;-136.121552
0.155247;-133.955261
0.155265;-138.149628
0.155282;-148.042404
0.155300;-161.274246
0.155318;-174.487564
0.155335;-184.321487
0.155353;-188.407867
0.155370;-186.073135
0.155388;-178.538071
0.155405;-168.556015
0.155423;-159.597076
0.155440;-154.819473
0.155458;-156.133499
0.155475;-163.635086
0.155493;-175.577087
0.155511;-188.886749
0.155528;-200.076248
0.155546;-206.276291
0.155563;-206.086441
0.155581;-199.990356
0.155598;-190.212433
0.155616;-180.058868
0.155633;-172.937622
0.155651;-171.348450
0.155669;-176.141739
0.155686;-186.266342
0.155704;-199.080688
0.155721;-211.135590
0.155739;-219.196274
0.155756;-221.201065
0.155774;-216.872589
0.155791;-207.800003
0.155809;-196.968216
0.155826;-187.873383
0.155844;-183.486588
0.155862;-185.373260
0.155879;-193.229050
0.155897;-204.969604
0.155914;-217.348282
0.155932;-226.918045
0.155949;-231.053192
0.155967;-228.727524
0.155984;-220.818573
0.156002;-209.847855
0.156020;-199.233597
0.156037;-192.277695
0.156055;-191.187134
0.156072;-196.419647
0.156090;-206.547943
0.156107;-218.682343
0.156125;-229.327148
0.156142;-235.416595
0.156160;-235.223495
0.156177;-228.871231
0.156195;-218.297546
0.156213;-206.680176
0.156230;-197.495377
0.156248;-193.487595
0.156265;-195.855942
0.156283;-203.898651
0.156300;-215.220856
0.156318;-226.444183
0.156335;-234.207962
0.156353;-236.165192
0.156371;-231.678360
0.156388;-222.008499
0.156406;-209.941711
0.156423;-198.963654
0.156441;-192.226425
0.156458;-191.614456
0.156476;-197.185806
0.156493;-207.154800
0.156511;-218.421066
0.156528;-227.488281
0.156546;-231.500473
0.156564;-229.088486
0.156581;-220.775970
0.156599;-208.824539
0.156616;-196.563522
0.156634;-187.403534
0.156651;-183.825638
0.156669;-186.645844
0.156686;-194.773270
0.156704;-205.533218
0.156722;-215.459702
0.156739;-221.322784
0.156757;-221.085846
0.156774;-214.509399
0.156792;-203.222412
0.156809;-190.239578
0.156827;-179.068253
0.156844;-172.668945
0.156862;-172.577881
0.156879;-178.451599
0.156897;-188.168686
0.156915;-198.458221
0.156932;-205.869370
0.156950;-207.793930
0.156967;-203.239761
0.156985;-193.124939
0.157002;-180.005997
0.157020;-167.320450
0.157037;-158.368210
0.157055;-155.333572
0.157073;-158.637833
0.157090;-166.814255
0.157108;-176.942719
0.157125;-185.515091
0.157143;-189.474884
0.157160;-187.123535
0.157178;-178.623734
0.157195;-165.951767
0.157213;-152.311966
0.157230;-141.187256
0.157248;-135.307037
0.157266;-135.838242
0.157283;-142.039383
0.157301;-151.480270
0.157318;-160.762115
0.157336;-166.524887
0.157353;-166.443298
0.157371;-159.916122
0.157388;-148.244766
0.157406;-134.247833
0.157424;-121.426025
0.157441;-112.924843
0.157459;-110.602318
0.157476;-114.478363
0.157494;-122.728775
0.157511;-132.225784
0.157529;-139.465042
0.157546;-141.604294
0.157564;-137.306046
0.157581;-127.134155
0.157599;-113.387115
0.157617;-99.417099
0.157634;-88.636757
0.157652;-83.507828
0.157669;-84.811630
0.157687;-91.417343
0.157704;-100.617188
0.157722;-108.928802
0.157739;-113.127472
0.157757;-111.202011
0.157775;-102.951057
0.157792;-90.043167
0.157810;-75.522552
0.157827;-62.907204
0.157845;-55.146370
0.157862;-53.746517
0.157880;-58.324902
0.157897;-66.722839
0.157915;-75.645508
0.157932;-81.638451
0.157950;-82.111534
0.157968;-76.106865
0.157985;-64.582985
0.158003;-50.131157
0.158020;-36.207695
0.158038;-26.109812
0.158055;-21.998512
0.158073;-24.258158
0.158090;-31.382481
0.158108;-40.420940
0.158126;-47.853218
0.158143;-50.632629
0.158161;-47.089310
0.158178;-37.425411
0.158196;-23.655577
0.158213;-9.010168
0.158231;3.021868
0.158248;9.726855
0.158266;9.970624
0.158283;4.534667
0.158301;-4.115404
0.158319;-12.560591
0.158336;-17.441866
0.158354;-16.455881
0.158371;-9.037893
0.158389;3.470501
0.158406;18.218639
0.158424;31.691351
0.158441;40.750553
0.158459;43.565224
0.158477;40.154041
0.158494;32.379944
0.158512;23.398020
0.158529;16.720413
0.158547;15.175269
0.158564;20.068323
0.158582;30.795568
0.158599;45.021942
0.158617;59.373024
0.158634;70.434883
0.158652;75.765778
0.158670;74.619759
0.158687;68.167831
0.158705;59.150913
0.158722;51.067570
0.158740;47.136986
0.158757;49.344757
0.158775;57.854042
0.158792;70.956947
0.158810;85.580269
0.158828;98.196098
0.158845;105.867256
0.158863;107.117630
0.158880;102.369789
0.158898;93.819778
0.158915;84.786293
0.158933;78.727089
0.158950;78.214066
0.158968;84.170753
0.158985;95.598274
0.159003;109.871063
0.159021;123.514709
0.159038;133.235458
0.159056;136.896347
0.159073;134.150497
0.159091;126.544044
0.159108;117.057899
0.159126;109.224380
0.159143;106.080215
0.159161;109.266304
0.159179;118.541122
0.159196;131.852005
0.159214;145.943161
0.159231;157.320389
0.159249;163.286499
0.159266;162.740738
0.159284;156.505051
0.159301;147.080566
0.159319;137.906387
0.159336;132.340302
0.159354;132.663483
0.159372;139.404190
0.159389;151.180832
0.159407;165.111221
0.159424;177.666397
0.159442;185.716476
0.159459;187.458206
0.159477;182.949371
0.159494;174.091904
0.159512;164.068130
0.159530;156.397797
0.159547;153.894730
0.159565;157.832718
0.159582;167.567780
0.159600;180.728607
0.159617;193.919250
0.159635;203.725235
0.159652;207.725586
0.159670;205.210327
0.159687;197.390976
0.159705;187.041687
0.159723;177.677048
0.159740;172.510513
0.159758;173.501770
0.159775;180.775864
0.159793;192.585815
0.159810;205.829956
0.159828;216.971252
0.159845;223.085251
0.159863;222.726990
0.159881;216.359268
0.159898;206.215622
0.159916;195.638535
0.159933;188.088806
0.159951;186.119858
0.159968;190.620758
0.159986;200.552460
0.160003;213.255432
0.160021;225.237900
0.160038;233.210342
0.160056;235.060501
0.160074;230.479538
0.160091;221.053635
0.160109;209.794189
0.160126;200.245224
0.160144;195.433197
0.160161;196.969849
0.160179;204.574310
0.160196;216.156219
0.160214;228.434860
0.160232;237.911484
0.160249;241.906204
0.160267;239.352203
0.160284;231.112244
0.160302;219.722992
0.160319;208.643509
0.160337;201.230057
0.160354;199.741318
0.160372;204.668976
0.160389;214.591599
0.160407;226.595856
0.160425;237.139725
0.160442;243.102234
0.160460;242.708481
0.160477;236.055817
0.160495;225.085251
0.160512;213.006287
0.160530;203.345917
0.160547;198.903366
0.160565;200.920242
0.160583;208.712555
0.160600;219.873123
0.160618;230.984924
0.160635;238.633652
0.160653;240.419800
0.160670;235.669769
0.160688;225.635925
0.160705;213.125473
0.160723;201.668808
0.160740;194.473221
0.160758;193.472244
0.160776;198.752686
0.160793;208.528549
0.160811;219.670227
0.160828;228.632065
0.160846;232.503082
0.160863;229.869919
0.160881;221.235886
0.160898;208.872086
0.160916;196.144531
0.160934;186.516739
0.160951;182.523132
0.160969;185.018082
0.160986;192.922379
0.161004;203.542953
0.161021;213.371017
0.161039;219.121887
0.161056;218.708618
0.161074;211.860794
0.161091;200.204742
0.161109;186.782059
0.161127;175.148163
0.161144;168.318756
0.161162;167.876053
0.161179;173.499756
0.161197;183.061829
0.161214;193.257095
0.161232;200.582855
0.161249;202.376938
0.161267;197.606979
0.161285;187.176666
0.161302;173.658173
0.161320;160.530060
0.161337;151.146561
0.161355;147.743515
0.161372;150.775604
0.161390;158.781631
0.161407;168.817398
0.161425;177.328201
0.161442;181.202530
0.161460;178.694275
0.161478;169.940598
0.161495;156.921539
0.161513;142.873459
0.161530;131.330124
0.161548;125.075516
0.161565;125.318741
0.161583;131.335617
0.161600;140.683167
0.161618;149.923691
0.161636;155.643539
0.161653;155.465012
0.161671;148.751343
0.161688;136.795593
0.161706;122.437866
0.161723;109.223854
0.161741;100.354080
0.161758;97.735474
0.161776;101.416191
0.161793;109.571213
0.161811;119.043251
0.161829;126.278397
0.161846;128.379578
0.161864;123.965393
0.161881;113.579742
0.161899;99.531097
0.161916;85.208572
0.161934;74.077667
0.161951;68.653427
0.161969;69.754951
0.161987;76.262665
0.162004;85.450027
0.162022;93.791580
0.162039;98.007919
0.162057;96.037766
0.162074;87.649155
0.162092;74.508591
0.162109;59.687389
0.162127;46.751770
0.162144;38.706055
0.162162;37.102371
0.162180;41.580585
0.162197;49.975002
0.162215;58.956177
0.162232;65.017700
0.162250;65.515587
0.162267;59.452118
0.162285;47.771858
0.162302;33.082092
0.162320;18.880400
0.162338;8.518280
0.162355;4.207984
0.162373;6.366875
0.162390;13.493673
0.162408;22.613365
0.162425;30.158924
0.162443;33.028576
0.162460;29.505323
0.162478;19.766117
0.162495;5.829765
0.162513;-9.041034
0.162531;-21.306419
0.162548;-28.198320
0.162566;-28.540773
0.162583;-23.098509
0.162601;-14.350312
0.162618;-5.754437
0.162636;-0.723580
0.162653;-1.613273
0.162671;-9.023506
0.162689;-21.620539
0.162706;-36.531849
0.162724;-50.197159
0.162741;-59.423416
0.162759;-62.331032
0.162776;-58.910950
0.162794;-51.027359
0.162811;-41.865276
0.162829;-34.986534
0.162846;-33.274040
0.162864;-38.077110
0.162882;-48.811253
0.162899;-63.131039
0.162917;-77.624916
0.162934;-88.826019
0.162952;-94.239609
0.162969;-93.082321
0.162987;-86.514458
0.163004;-77.296097
0.163022;-68.969185
0.163040;-64.807602
0.163057;-66.846771
0.163075;-75.280121
0.163092;-88.401337
0.163110;-103.109833
0.163127;-115.829361
0.163145;-123.567772
0.163162;-124.803688
0.163180;-119.937576
0.163197;-111.172935
0.163215;-101.863434
0.163233;-95.518898
0.163250;-94.764931
0.163268;-100.564545
0.163285;-111.932411
0.163303;-126.226601
0.163320;-139.931183
0.163338;-149.698227
0.163355;-153.339767
0.163373;-150.476379
0.163391;-142.649689
0.163408;-132.865570
0.163426;-124.703194
0.163443;-121.254318
0.163461;-124.206711
0.163478;-133.343689
0.163496;-146.607971
0.163513;-160.711166
0.163531;-172.108093
0.163548;-178.047363
0.163566;-177.386841
0.163584;-170.932175
0.163601;-161.198151
0.163619;-151.663406
0.163636;-145.739471
0.163654;-145.759521
0.163671;-152.286652
0.163689;-163.946762
0.163706;-177.835403
0.163724;-190.378372
0.163742;-198.390945
0.163759;-200.021576
0.163777;-195.300812
0.163794;-186.132278
0.163812;-175.728683
0.163829;-167.659546
0.163847;-164.793396
0.163864;-168.447296
0.163882;-177.996307
0.163899;-191.058441
0.163917;-204.200272
0.163935;-213.954468
0.163952;-217.847244
0.163970;-215.131668
0.163987;-207.009018
0.164005;-196.273056
0.164022;-186.481995
0.164040;-180.903961
0.164057;-181.548279
0.164075;-188.569839
0.164093;-200.222809
0.164110;-213.377838
0.164128;-224.449432
0.164145;-230.458298
0.164163;-229.914581
0.164180;-223.259415
0.164198;-212.734299
0.164215;-201.717041
0.164233;-193.720566
0.164250;-191.351898
0.164268;-195.539154
0.164286;-205.256439
0.164303;-217.827515
0.164321;-229.718887
0.164338;-237.586792
0.164356;-239.268295
0.164373;-234.422516
0.164391;-224.631607
0.164408;-212.932190
0.164426;-202.915421
0.164444;-197.662796
0.164461;-198.832565
0.164479;-206.168259
0.164496;-217.574493
0.164514;-229.737701
0.164531;-239.108063
0.164549;-242.951599
0.164566;-240.160583
0.164584;-231.581940
0.164601;-219.766464
0.164619;-208.212997
0.164637;-200.331528
0.164654;-198.432632
0.164672;-203.042389
0.164689;-212.746384
0.164707;-224.608719
0.164724;-235.041962
0.164742;-240.870270
0.164759;-240.270920
0.164777;-233.314346
0.164795;-221.943787
0.164812;-209.399445
0.164830;-199.258301
0.164847;-194.374023
0.164865;-196.031235
0.164882;-203.564590
0.164900;-214.555710
0.164917;-225.549911
0.164935;-233.080032
0.164952;-234.693848
0.164970;-229.681290
0.164988;-219.284927
0.165005;-206.332047
0.165023;-194.396805
0.165040;-186.741180
0.165058;-185.348114
0.165075;-190.333755
0.165093;-199.912888
0.165110;-210.927795
0.165128;-219.784302
0.165146;-223.516678
0.165163;-220.667007
0.165181;-211.717392
0.165198;-198.947357
0.165216;-185.758514
0.165233;-175.666550
0.165251;-171.259369
0.165268;-173.430023
0.165286;-181.111954
0.165303;-191.594940
0.165321;-201.328293
0.165339;-206.973129
0.165356;-206.392090
0.165374;-199.283005
0.165391;-187.268738
0.165409;-173.416458
0.165426;-161.328903
0.165444;-154.076660
0.165461;-153.288193
0.165479;-158.667130
0.165497;-168.079987
0.165514;-178.188385
0.165532;-185.438431
0.165549;-187.114151
0.165567;-182.142487
0.165584;-171.411850
0.165602;-157.508820
0.165619;-143.952072
0.165637;-134.149628
0.165654;-130.388840
0.165672;-133.158493
0.165690;-141.003891
0.165707;-150.957886
0.165725;-159.420120
0.165742;-163.224380
0.165760;-160.576904
0.165777;-151.588425
0.165795;-138.241623
0.165812;-123.803848
0.165830;-111.858963
0.165848;-105.245338
0.165865;-105.214630
0.165883;-111.060860
0.165900;-120.329430
0.165918;-129.544708
0.165935;-135.240005
0.165953;-134.985275
0.165970;-128.107513
0.165988;-115.890541
0.166005;-101.194847
0.166023;-87.610100
0.166041;-78.391472
0.166058;-75.494934
0.166076;-78.997612
0.166093;-87.074768
0.166111;-96.540672
0.166128;-103.792656
0.166146;-105.879059
0.166163;-101.374191
0.166181;-90.801216
0.166199;-76.477409
0.166216;-61.827728
0.166234;-50.369968
0.166251;-44.672325
0.166269;-45.592266
0.166286;-52.022392
0.166304;-61.218540
0.166321;-69.613113
0.166339;-73.872467
0.166356;-71.885124
0.166374;-63.387833
0.166392;-50.043972
0.166409;-34.950851
0.166427;-21.722092
0.166444;-13.416787
0.166462;-11.632980
0.166479;-16.034010
0.166497;-24.448238
0.166514;-33.512661
0.166532;-39.669621
0.166550;-40.221390
0.166567;-34.129925
0.166585;-22.324902
0.166602;-7.428481
0.166620;7.021478
0.166637;17.619720
0.166655;22.102703
0.166672;20.019432
0.166690;12.865160
0.166707;3.638279
0.166725;-4.048340
0.166743;-7.038208
0.166760;-3.566945
0.166778;6.214504
0.166795;20.284241
0.166813;35.348320
0.166830;47.816719
0.166848;54.867138
0.166865;55.281441
0.166883;49.806652
0.166901;40.933647
0.166918;32.158924
0.166936;26.948261
0.166953;27.709400
0.166971;35.078156
0.166988;47.729660
0.167006;62.770645
0.167023;76.596649
0.167041;85.960083
0.167058;88.932594
0.167076;85.476631
0.167094;77.456635
0.167111;68.086403
0.167129;60.976711
0.167146;59.064999
0.167164;63.744526
0.167181;74.451187
0.167199;88.830315
0.167216;103.434235
0.167234;114.743835
0.167252;120.211380
0.167269;119.015594
0.167287;112.305092
0.167304;102.858032
0.167322;94.258751
0.167339;89.835426
0.167357;91.673409
0.167374;99.997047
0.167392;113.102737
0.167409;127.863602
0.167427;140.655869
0.167445;148.432693
0.167462;149.627213
0.167480;144.616821
0.167497;135.611496
0.167515;125.998810
0.167532;119.339935
0.167550;118.314148
0.167567;123.924385
0.167585;135.199844
0.167603;149.483292
0.167620;163.218384
0.167638;173.003357
0.167655;176.599304
0.167673;173.593613
0.167690;165.522339
0.167708;155.415146
0.167725;146.897308
0.167743;143.115280
0.167760;145.803925
0.167778;154.772156
0.167796;167.959213
0.167813;182.045151
0.167831;193.434555
0.167848;199.322006
0.167866;198.523544
0.167883;191.827652
0.167901;181.761658
0.167918;171.842712
0.167936;165.535538
0.167954;165.225311
0.167971;171.510635
0.167989;183.025787
0.168006;196.845276
0.168024;209.350555
0.168041;217.302368
0.168059;218.800812
0.168076;213.848343
0.168094;204.349335
0.168111;193.545624
0.168129;185.055923
0.168147;181.803116
0.168164;185.147980
0.168182;194.485535
0.168199;207.424118
0.168217;220.493958
0.168234;230.175400
0.168252;233.941956
0.168269;231.009094
0.168287;222.567032
0.168305;211.427933
0.168322;201.192719
0.168340;195.183777
0.168357;195.460190
0.168375;202.207352
0.168392;213.681702
0.168410;226.727264
0.168427;237.710876
0.168445;243.598770
0.168462;242.855820
0.168480;235.900650
0.168498;224.981689
0.168515;213.510925
0.168533;205.052872
0.168550;202.267899
0.168568;206.123871
0.168585;215.608856
0.168603;228.031067
0.168620;239.816208
0.168638;247.566849
0.168656;249.069321
0.168673;243.949921
0.168691;233.785782
0.168708;221.637756
0.168726;211.143234
0.168743;205.438324
0.168761;206.228149
0.168778;213.281464
0.168796;224.498917
0.168813;236.535065
0.168831;245.789810
0.168849;249.475327
0.168866;246.442398
0.168884;237.521225
0.168901;225.275604
0.168919;213.243225
0.168936;204.887283
0.168954;202.570145
0.168971;206.853012
0.168989;216.329483
0.169007;228.042175
0.169024;238.359070
0.169042;244.050003
0.169059;243.243988
0.169077;235.983994
0.169094;224.214355
0.169112;211.204849
0.169129;200.581696
0.169147;195.252899
0.169164;196.546417
0.169182;203.816406
0.169200;214.634460
0.169217;225.509201
0.169235;232.921112
0.169252;234.365509
0.169270;229.095108
0.169287;218.341827
0.169305;204.951782
0.169322;192.542130
0.169340;184.429016
0.169358;182.644913
0.169375;187.336075
0.169393;196.719086
0.169410;207.609283
0.169428;216.364639
0.169445;219.965027
0.169463;216.907608
0.169480;207.652466
0.169498;194.486404
0.169515;180.845612
0.169533;170.297333
0.169551;165.482788
0.169568;167.334274
0.169586;174.798859
0.169603;185.150253
0.169621;194.796799
0.169638;200.345871
0.169656;199.609619
0.169673;192.253494
0.169691;179.895813
0.169709;165.628265
0.169726;153.100037
0.169744;145.436295
0.169761;144.311996
0.169779;149.455566
0.169796;158.729095
0.169814;168.762070
0.169831;175.950134
0.169849;177.523529
0.169866;172.368210
0.169884;161.356216
0.169902;147.087570
0.169919;133.120056
0.169937;122.914871
0.169954;118.810982
0.169972;121.331886
0.169989;129.030380
0.170007;138.917419
0.170024;147.347977
0.170042;151.101334
0.170060;148.335983
0.170077;139.135406
0.170095;125.483902
0.170112;110.678726
0.170130;98.353073
0.170147;91.399506
0.170165;91.112656
0.170182;96.805580
0.170200;106.013191
0.170217;115.222878
0.170235;120.915573
0.170253;120.608826
0.170270;113.592888
0.170288;101.141281
0.170305;86.133789
0.170323;72.203201
0.170340;62.658859
0.170358;59.505981
0.170375;62.851337
0.170393;70.871544
0.170411;80.353470
0.170428;87.646492
0.170446;89.744591
0.170463;85.177475
0.170481;74.446655
0.170498;59.877159
0.170516;44.928780
0.170533;33.170918
0.170551;27.224874
0.170568;27.987003
0.170586;34.362999
0.170604;43.592205
0.170621;52.065777
0.170639;56.396332
0.170656;54.422073
0.170674;45.847801
0.170691;32.332703
0.170709;16.999012
0.170726;3.506913
0.170744;-5.030026
0.170762;-6.967568
0.170779;-2.618104
0.170797;5.841882
0.170814;15.016836
0.170832;21.298536
0.170849;21.935633
0.170867;15.849318
0.170884;3.953404
0.170902;-11.116157
0.170919;-25.782181
0.170937;-36.586205
0.170955;-41.213337
0.170972;-39.178337
0.170990;-31.969425
0.171007;-22.607285
0.171025;-14.749784
0.171042;-11.607769
0.171060;-14.993249
0.171077;-24.782047
0.171095;-38.950264
0.171113;-54.173756
0.171130;-66.813057
0.171148;-73.991859
0.171165;-74.449409
0.171183;-68.914185
0.171200;-59.888027
0.171218;-50.904709
0.171235;-45.482525
0.171253;-46.081413
0.171270;-53.373619
0.171288;-66.044113
0.171306;-81.180016
0.171323;-95.133553
0.171341;-104.602982
0.171358;-107.611076
0.171376;-104.091072
0.171393;-95.906525
0.171411;-86.299049
0.171428;-78.927567
0.171446;-76.783806
0.171464;-81.305359
0.171481;-91.949341
0.171499;-106.352943
0.171516;-121.033409
0.171534;-132.419968
0.171551;-137.911987
0.171569;-136.649750
0.171586;-129.769226
0.171604;-120.065544
0.171621;-111.164574
0.171639;-106.448227
0.171657;-108.052017
0.171674;-116.231865
0.171692;-129.287933
0.171709;-144.068069
0.171727;-156.901810
0.171744;-164.687973
0.171762;-165.813828
0.171779;-160.632996
0.171797;-151.360764
0.171815;-141.417603
0.171832;-134.415451
0.171850;-133.086990
0.171867;-138.475677
0.171885;-149.626144
0.171902;-163.866974
0.171920;-177.602264
0.171937;-187.377121
0.171955;-190.901474
0.171972;-187.728882
0.171990;-179.388977
0.172008;-168.934052
0.172025;-160.034622
0.172043;-155.891464
0.172060;-158.286865
0.172078;-167.056091
0.172095;-180.135971
0.172113;-194.176071
0.172130;-205.531403
0.172148;-211.342758
0.172166;-210.383911
0.172183;-203.425278
0.172201;-193.005615
0.172218;-182.679688
0.172236;-175.964798
0.172253;-175.298172
0.172271;-181.314484
0.172288;-192.657410
0.172306;-206.381485
0.172323;-218.824661
0.172341;-226.693665
0.172359;-228.039886
0.172376;-222.837128
0.172394;-212.989334
0.172411;-201.766556
0.172429;-192.835800
0.172446;-189.174210
0.172464;-192.186554
0.172481;-201.288666
0.172499;-214.080368
0.172517;-227.056534
0.172534;-236.645767
0.172552;-240.268921
0.172569;-237.103439
0.172587;-228.327332
0.172604;-216.770233
0.172622;-206.074783
0.172639;-199.617218
0.172657;-199.506531
0.172674;-205.959244
0.172692;-217.235214
0.172710;-230.152832
0.172727;-241.032089
0.172745;-246.784958
0.172762;-245.830826
0.172780;-238.564957
0.172797;-227.241592
0.172815;-215.305984
0.172832;-206.373444
0.172850;-203.157715
0.172868;-206.666809
0.172885;-215.903809
0.172903;-228.162308
0.172920;-239.828262
0.172938;-247.451019
0.172955;-248.766098
0.172973;-243.366394
0.172990;-232.822998
0.173008;-220.219818
0.173025;-209.239792
0.173043;-203.073227
0.173061;-203.472412
0.173078;-210.232040
0.173096;-221.249939
0.173113;-233.149826
0.173131;-242.281982
0.173148;-245.804855
0.173166;-242.527359
0.173183;-233.262131
0.173201;-220.584808
0.173219;-208.070953
0.173236;-199.236465
0.173254;-196.495544
0.173271;-200.445053
0.173289;-209.687576
0.173306;-221.245346
0.173324;-231.442734
0.173341;-236.995438
0.173359;-235.984222
0.173376;-228.423660
0.173394;-216.258270
0.173412;-202.786285
0.173429;-191.682449
0.173447;-185.908859
0.173464;-186.837204
0.173482;-193.842026
0.173499;-204.485916
0.173517;-215.241913
0.173534;-222.538620
0.173552;-223.818924
0.173570;-218.297882
0.173587;-207.195679
0.173605;-193.376266
0.173622;-180.498810
0.173640;-171.933304
0.173657;-169.761810
0.173675;-174.161407
0.173692;-183.351517
0.173710;-194.121628
0.173727;-202.782547
0.173745;-206.260056
0.173763;-203.006134
0.173780;-193.457886
0.173798;-179.908432
0.173815;-165.827469
0.173833;-154.833206
0.173850;-149.620041
0.173868;-151.160049
0.173885;-158.414810
0.173903;-168.643097
0.173921;-178.213120
0.173938;-183.679123
0.173956;-182.802597
0.173973;-175.215988
0.173991;-162.531982
0.174008;-147.865799
0.174026;-134.912247
0.174043;-126.850655
0.174061;-125.402901
0.174078;-130.322845
0.174096;-139.469330
0.174114;-149.440613
0.174131;-156.582626
0.174149;-158.072021
0.174166;-152.753189
0.174184;-141.480972
0.174201;-126.867744
0.174219;-112.509422
0.174236;-101.919868
0.174254;-97.489700
0.174272;-99.777672
0.174289;-107.345108
0.174307;-117.182175
0.174324;-125.599907
0.174342;-129.323608
0.174359;-126.463608
0.174377;-117.075562
0.174394;-103.144287
0.174412;-87.995850
0.174429;-75.312088
0.174447;-68.039513
0.174465;-67.516182
0.174482;-73.075020
0.174500;-82.241516
0.174517;-91.467094
0.174535;-97.180801
0.174552;-96.847870
0.174570;-89.721214
0.174587;-77.063133
0.174605;-61.771572
0.174623;-47.521572
0.174640;-37.676228
0.174658;-34.290138
0.174675;-37.500427
0.174693;-45.486092
0.174710;-55.007656
0.174728;-62.367287
0.174745;-64.504868
0.174763;-59.905155
0.174780;-49.047192
0.174798;-34.262653
0.174816;-19.045166
0.174833;-7.015125
0.174851;-0.846860
0.174868;-1.476075
0.174886;-7.822524
0.174903;-17.110117
0.174921;-25.689678
0.174938;-30.120546
0.174956;-28.190517
0.174974;-19.571728
0.174991;-5.918217
0.175009;9.623966
0.175026;23.348862
0.175044;32.088760
0.175061;34.152931
0.175079;29.828703
0.175096;21.296377
0.175114;11.983027
0.175131;5.546773
0.175149;4.792470
0.175167;10.840155
0.175184;22.792768
0.175202;38.001667
0.175219;52.851292
0.175237;63.830482
0.175254;68.572975
0.175272;66.558655
0.175289;59.267742
0.175307;49.742142
0.175325;41.683876
0.175342;38.357811
0.175360;41.623814
0.175377;51.385235
0.175395;65.617218
0.175412;80.966469
0.175430;93.744797
0.175447;101.022072
0.175465;101.494514
0.175482;95.871208
